ISO-10303-21;
HEADER;
FILE_DESCRIPTION(('Open CASCADE Model'),'2;1');
FILE_NAME('Open CASCADE Shape Model','2026-02-27T18:36:33',('Author'),(
    'Open CASCADE'),'Open CASCADE STEP processor 7.8','Open CASCADE 7.8'
  ,'Unknown');
FILE_SCHEMA(('AUTOMOTIVE_DESIGN { 1 0 10303 214 1 1 1 1 }'));
ENDSEC;
DATA;
#1 = APPLICATION_PROTOCOL_DEFINITION('international standard',
  'automotive_design',2000,#2);
#2 = APPLICATION_CONTEXT(
  'core data for automotive mechanical design processes');
#3 = SHAPE_DEFINITION_REPRESENTATION(#4,#10);
#4 = PRODUCT_DEFINITION_SHAPE('','',#5);
#5 = PRODUCT_DEFINITION('design','',#6,#9);
#6 = PRODUCT_DEFINITION_FORMATION('','',#7);
#7 = PRODUCT('SOLID','SOLID','',(#8));
#8 = PRODUCT_CONTEXT('',#2,'mechanical');
#9 = PRODUCT_DEFINITION_CONTEXT('part definition',#2,'design');
#10 = ADVANCED_BREP_SHAPE_REPRESENTATION('',(#11,#15),#8329);
#11 = AXIS2_PLACEMENT_3D('',#12,#13,#14);
#12 = CARTESIAN_POINT('',(0.,0.,0.));
#13 = DIRECTION('',(0.,0.,1.));
#14 = DIRECTION('',(1.,0.,-0.));
#15 = MANIFOLD_SOLID_BREP('',#16);
#16 = CLOSED_SHELL('',(#17,#1422,#1458,#1494,#1530,#1642,#1670,#1698,
    #1726,#1746,#1780,#1814,#1842,#1878,#1906,#1934,#1958,#1980,#1998,
    #2010,#2038,#2066,#2090,#2112,#2130,#2142,#2162,#2182,#2201,#2247,
    #2266,#2286,#2307,#2328,#2348,#2367,#2386,#2405,#2424,#2445,#2466,
    #2502,#2518,#2534,#2546,#2574,#2596,#2618,#2640,#2662,#2678,#2692,
    #2726,#2748,#2776,#2804,#2832,#2860,#2888,#2916,#2938,#2966,#2994,
    #3022,#3050,#3072,#3094,#3122,#3144,#3166,#3188,#3210,#3232,#3254,
    #3276,#3298,#3320,#3342,#3358,#3378,#3502,#3522,#3542,#3562,#3582,
    #3602,#3618,#3630,#3658,#3680,#3702,#3730,#3758,#3786,#3808,#3823,
    #3935,#3955,#3971,#3987,#4003,#4019,#4035,#4051,#4063,#4091,#4113,
    #4141,#4163,#4191,#4207,#4221,#4249,#4271,#4293,#4315,#4337,#4359,
    #4381,#4403,#4425,#4447,#4469,#4485,#4505,#4697,#4721,#4737,#4757,
    #4777,#4793,#4813,#4833,#4853,#4873,#4889,#4905,#4921,#4937,#4953,
    #4987,#5015,#5043,#5071,#5099,#5127,#5149,#5165,#5181,#5215,#5237,
    #5265,#5293,#5321,#5349,#5377,#5405,#5433,#5461,#5489,#5517,#5539,
    #5567,#5595,#5623,#5651,#5679,#5707,#5735,#5757,#5786,#5814,#5836,
    #5864,#5886,#5908,#5930,#5952,#5974,#5996,#6024,#6052,#6074,#6102,
    #6130,#6146,#6169,#6197,#6219,#6241,#6263,#6285,#6307,#6329,#6351,
    #6373,#6395,#6417,#6433,#6453,#6577,#6597,#6617,#6637,#6657,#6677,
    #6693,#6705,#6733,#6755,#6777,#6805,#6833,#6861,#6883,#6898,#7010,
    #7030,#7046,#7062,#7078,#7094,#7110,#7126,#7138,#7166,#7188,#7216,
    #7238,#7266,#7282,#7296,#7616,#7640,#7660,#7680,#7700,#7720,#7740,
    #7760,#7780,#7800,#7820,#7840,#7860,#7876,#7892,#7908,#7924,#7944,
    #7964,#7984,#8004,#8024,#8044,#8064,#8080,#8100,#8120,#8136,#8156,
    #8176,#8196,#8212,#8232,#8248,#8291,#8319));
#17 = ADVANCED_FACE('',(#18,#307,#424,#611,#727,#785,#844,#930,#1054,
    #1084,#1128,#1214,#1300,#1359),#1417,.T.);
#18 = FACE_BOUND('',#19,.T.);
#19 = EDGE_LOOP('',(#20,#31,#40,#49,#58,#65,#74,#83,#92,#99,#108,#117,
    #126,#135,#144,#153,#162,#171,#180,#189,#196,#203,#210,#219,#228,
    #237,#246,#255,#264,#273,#282,#291,#300));
#20 = ORIENTED_EDGE('',*,*,#21,.F.);
#21 = EDGE_CURVE('',#22,#24,#26,.T.);
#22 = VERTEX_POINT('',#23);
#23 = CARTESIAN_POINT('',(7.355627340028E-02,0.374259304185,
    0.404217598002));
#24 = VERTEX_POINT('',#25);
#25 = CARTESIAN_POINT('',(9.67376348259E-02,0.371258081476,
    0.438521730536));
#26 = B_SPLINE_CURVE_WITH_KNOTS('',3,(#27,#28,#29,#30),.UNSPECIFIED.,.F.
  ,.F.,(4,4),(0.,1.),.PIECEWISE_BEZIER_KNOTS.);
#27 = CARTESIAN_POINT('',(7.355627340028E-02,0.374259304185,
    0.404217598002));
#28 = CARTESIAN_POINT('',(7.823560764306E-02,0.373122148404,
    0.417215348057));
#29 = CARTESIAN_POINT('',(8.639446673929E-02,0.372096268192,
    0.428941212529));
#30 = CARTESIAN_POINT('',(9.67376348259E-02,0.371258081476,
    0.438521730536));
#31 = ORIENTED_EDGE('',*,*,#32,.F.);
#32 = EDGE_CURVE('',#33,#22,#35,.T.);
#33 = VERTEX_POINT('',#34);
#34 = CARTESIAN_POINT('',(3.101457366265E-02,0.379238549337,
    0.347304565482));
#35 = B_SPLINE_CURVE_WITH_KNOTS('',3,(#36,#37,#38,#39),.UNSPECIFIED.,.F.
  ,.F.,(4,4),(35.,36.),.PIECEWISE_BEZIER_KNOTS.);
#36 = CARTESIAN_POINT('',(3.101457366265E-02,0.379238549337,
    0.347304565482));
#37 = CARTESIAN_POINT('',(3.12637588179E-02,0.37696987015,0.373235687251
    ));
#38 = CARTESIAN_POINT('',(4.888590593741E-02,0.374955111608,
    0.396264482765));
#39 = CARTESIAN_POINT('',(7.355627340028E-02,0.374259304185,
    0.404217598002));
#40 = ORIENTED_EDGE('',*,*,#41,.F.);
#41 = EDGE_CURVE('',#42,#33,#44,.T.);
#42 = VERTEX_POINT('',#43);
#43 = CARTESIAN_POINT('',(4.735690407506E-02,0.382820281404,
    0.306365182099));
#44 = B_SPLINE_CURVE_WITH_KNOTS('',3,(#45,#46,#47,#48),.UNSPECIFIED.,.F.
  ,.F.,(4,4),(34.,35.),.PIECEWISE_BEZIER_KNOTS.);
#45 = CARTESIAN_POINT('',(4.735690407506E-02,0.382820281404,
    0.306365182099));
#46 = CARTESIAN_POINT('',(3.686606115882E-02,0.381843738466,
    0.317527117482));
#47 = CARTESIAN_POINT('',(3.112225325358E-02,0.380561789959,
    0.33217985597));
#48 = CARTESIAN_POINT('',(3.101457366265E-02,0.379238549337,
    0.347304565482));
#49 = ORIENTED_EDGE('',*,*,#50,.F.);
#50 = EDGE_CURVE('',#51,#42,#53,.T.);
#51 = VERTEX_POINT('',#52);
#52 = CARTESIAN_POINT('',(8.696979960051E-02,0.384497189924,
    0.287198028532));
#53 = B_SPLINE_CURVE_WITH_KNOTS('',3,(#54,#55,#56,#57),.UNSPECIFIED.,.F.
  ,.F.,(4,4),(33.,34.),.PIECEWISE_BEZIER_KNOTS.);
#54 = CARTESIAN_POINT('',(8.696979960051E-02,0.384497189924,
    0.287198028532));
#55 = CARTESIAN_POINT('',(7.177808650025E-02,0.384393154483,
    0.28838715907));
#56 = CARTESIAN_POINT('',(5.784773044329E-02,0.383796824096,
    0.295203246577));
#57 = CARTESIAN_POINT('',(4.735690407506E-02,0.382820281404,
    0.306365182099));
#58 = ORIENTED_EDGE('',*,*,#59,.F.);
#59 = EDGE_CURVE('',#60,#51,#62,.T.);
#60 = VERTEX_POINT('',#61);
#61 = CARTESIAN_POINT('',(0.112563118908,0.384481369679,0.28737885476));
#62 = B_SPLINE_CURVE_WITH_KNOTS('',1,(#63,#64),.UNSPECIFIED.,.F.,.F.,(2,
    2),(-2.429257784641E-02,1.301385144039E-03),
  .PIECEWISE_BEZIER_KNOTS.);
#63 = CARTESIAN_POINT('',(0.112563118908,0.384481369679,0.28737885476));
#64 = CARTESIAN_POINT('',(8.696979960051E-02,0.384497189924,
    0.287198028532));
#65 = ORIENTED_EDGE('',*,*,#66,.F.);
#66 = EDGE_CURVE('',#67,#60,#69,.T.);
#67 = VERTEX_POINT('',#68);
#68 = CARTESIAN_POINT('',(0.125047524219,0.383301581075,0.300863900217)
  );
#69 = B_SPLINE_CURVE_WITH_KNOTS('',3,(#70,#71,#72,#73),.UNSPECIFIED.,.F.
  ,.F.,(4,4),(28.,29.),.PIECEWISE_BEZIER_KNOTS.);
#70 = CARTESIAN_POINT('',(0.125047524219,0.383301581075,0.300863900217)
  );
#71 = CARTESIAN_POINT('',(0.125096749127,0.383906490496,0.293949753892)
  );
#72 = CARTESIAN_POINT('',(0.119500616184,0.384439273138,0.287860020434)
  );
#73 = CARTESIAN_POINT('',(0.112563118908,0.384481369679,0.28737885476));
#74 = ORIENTED_EDGE('',*,*,#75,.F.);
#75 = EDGE_CURVE('',#76,#67,#78,.T.);
#76 = VERTEX_POINT('',#77);
#77 = CARTESIAN_POINT('',(0.111504815053,0.382137880861,0.314165054524)
  );
#78 = B_SPLINE_CURVE_WITH_KNOTS('',3,(#79,#80,#81,#82),.UNSPECIFIED.,.F.
  ,.F.,(4,4),(27.,28.),.PIECEWISE_BEZIER_KNOTS.);
#79 = CARTESIAN_POINT('',(0.111504815053,0.382137880861,0.314165054524)
  );
#80 = CARTESIAN_POINT('',(0.118879167464,0.382133322481,0.31421715704));
#81 = CARTESIAN_POINT('',(0.124995222797,0.382658865355,0.308210174507)
  );
#82 = CARTESIAN_POINT('',(0.125047524219,0.383301581075,0.300863900217)
  );
#83 = ORIENTED_EDGE('',*,*,#84,.F.);
#84 = EDGE_CURVE('',#85,#76,#87,.T.);
#85 = VERTEX_POINT('',#86);
#86 = CARTESIAN_POINT('',(0.108905186737,0.382177295994,0.313714537492)
  );
#87 = B_SPLINE_CURVE_WITH_KNOTS('',3,(#88,#89,#90,#91),.UNSPECIFIED.,.F.
  ,.F.,(4,4),(26.,27.),.PIECEWISE_BEZIER_KNOTS.);
#88 = CARTESIAN_POINT('',(0.108905186737,0.382177295994,0.313714537492)
  );
#89 = CARTESIAN_POINT('',(0.109772760529,0.382176759712,0.313720667221)
  );
#90 = CARTESIAN_POINT('',(0.110637257808,0.382138417132,0.314158924913)
  );
#91 = CARTESIAN_POINT('',(0.111504815053,0.382137880861,0.314165054524)
  );
#92 = ORIENTED_EDGE('',*,*,#93,.F.);
#93 = EDGE_CURVE('',#94,#85,#96,.T.);
#94 = VERTEX_POINT('',#95);
#95 = CARTESIAN_POINT('',(8.938485087953E-02,0.382189362287,
    0.31357661913));
#96 = B_SPLINE_CURVE_WITH_KNOTS('',1,(#97,#98),.UNSPECIFIED.,.F.,.F.,(2,
    2),(1.387743878403E-17,1.952082680275E-02),
  .PIECEWISE_BEZIER_KNOTS.);
#97 = CARTESIAN_POINT('',(8.938485087953E-02,0.382189362287,
    0.31357661913));
#98 = CARTESIAN_POINT('',(0.108905186737,0.382177295994,0.313714537492)
  );
#99 = ORIENTED_EDGE('',*,*,#100,.F.);
#100 = EDGE_CURVE('',#101,#94,#103,.T.);
#101 = VERTEX_POINT('',#102);
#102 = CARTESIAN_POINT('',(5.791233856167E-02,0.379259732405,
    0.347062441912));
#103 = B_SPLINE_CURVE_WITH_KNOTS('',3,(#104,#105,#106,#107),
  .UNSPECIFIED.,.F.,.F.,(4,4),(24.,25.),.PIECEWISE_BEZIER_KNOTS.);
#104 = CARTESIAN_POINT('',(5.791233856167E-02,0.379259732405,
    0.347062441912));
#105 = CARTESIAN_POINT('',(5.803847752279E-02,0.38080981442,
    0.329344923407));
#106 = CARTESIAN_POINT('',(7.159041640299E-02,0.382086935691,
    0.314747360483));
#107 = CARTESIAN_POINT('',(8.938485087953E-02,0.382189362287,
    0.31357661913));
#108 = ORIENTED_EDGE('',*,*,#109,.F.);
#109 = EDGE_CURVE('',#110,#101,#112,.T.);
#110 = VERTEX_POINT('',#111);
#111 = CARTESIAN_POINT('',(9.150761243555E-02,0.376289881545,
    0.38100799257));
#112 = B_SPLINE_CURVE_WITH_KNOTS('',3,(#113,#114,#115,#116),
  .UNSPECIFIED.,.F.,.F.,(4,4),(23.,24.),.PIECEWISE_BEZIER_KNOTS.);
#113 = CARTESIAN_POINT('',(9.150761243555E-02,0.376289881545,
    0.38100799257));
#114 = CARTESIAN_POINT('',(7.285485037006E-02,0.376301411557,
    0.380876203936));
#115 = CARTESIAN_POINT('',(5.778004651628E-02,0.377634037073,
    0.365644224587));
#116 = CARTESIAN_POINT('',(5.791233856167E-02,0.379259732405,
    0.347062441912));
#117 = ORIENTED_EDGE('',*,*,#118,.F.);
#118 = EDGE_CURVE('',#119,#110,#121,.T.);
#119 = VERTEX_POINT('',#120);
#120 = CARTESIAN_POINT('',(9.497789105632E-02,0.376287736428,
    0.381032511367));
#121 = B_SPLINE_CURVE_WITH_KNOTS('',3,(#122,#123,#124,#125),
  .UNSPECIFIED.,.F.,.F.,(4,4),(22.,23.),.PIECEWISE_BEZIER_KNOTS.);
#122 = CARTESIAN_POINT('',(9.497789105632E-02,0.376287736428,
    0.381032511367));
#123 = CARTESIAN_POINT('',(9.367653864209E-02,0.376288540846,
    0.381023316832));
#124 = CARTESIAN_POINT('',(9.280896485E-02,0.376289077128,0.381017187104
    ));
#125 = CARTESIAN_POINT('',(9.150761243555E-02,0.376289881545,
    0.38100799257));
#126 = ORIENTED_EDGE('',*,*,#127,.F.);
#127 = EDGE_CURVE('',#128,#119,#130,.T.);
#128 = VERTEX_POINT('',#129);
#129 = CARTESIAN_POINT('',(0.155323254868,0.371524337487,0.435478410401)
  );
#130 = B_SPLINE_CURVE_WITH_KNOTS('',3,(#131,#132,#133,#134),
  .UNSPECIFIED.,.F.,.F.,(4,4),(21.,22.),.PIECEWISE_BEZIER_KNOTS.);
#131 = CARTESIAN_POINT('',(0.155323254868,0.371524337487,0.435478410401)
  );
#132 = CARTESIAN_POINT('',(0.124090714186,0.371543643559,0.435257740997)
  );
#133 = CARTESIAN_POINT('',(9.823281049523E-02,0.373639110069,
    0.411306449186));
#134 = CARTESIAN_POINT('',(9.497789105632E-02,0.376287736428,
    0.381032511367));
#135 = ORIENTED_EDGE('',*,*,#136,.F.);
#136 = EDGE_CURVE('',#137,#128,#139,.T.);
#137 = VERTEX_POINT('',#138);
#138 = CARTESIAN_POINT('',(0.213745816842,0.375117864725,0.394404206127)
  );
#139 = B_SPLINE_CURVE_WITH_KNOTS('',3,(#140,#141,#142,#143),
  .UNSPECIFIED.,.F.,.F.,(4,4),(20.,21.),.PIECEWISE_BEZIER_KNOTS.);
#140 = CARTESIAN_POINT('',(0.213745816842,0.375117864725,0.394404206127)
  );
#141 = CARTESIAN_POINT('',(0.205331620005,0.373005776401,0.41854548614)
  );
#142 = CARTESIAN_POINT('',(0.182651721759,0.371507444679,0.435671496085)
  );
#143 = CARTESIAN_POINT('',(0.155323254868,0.371524337487,0.435478410401)
  );
#144 = ORIENTED_EDGE('',*,*,#145,.F.);
#145 = EDGE_CURVE('',#146,#137,#148,.T.);
#146 = VERTEX_POINT('',#147);
#147 = CARTESIAN_POINT('',(0.236690282924,0.374536550191,0.401048661649)
  );
#148 = B_SPLINE_CURVE_WITH_KNOTS('',3,(#149,#150,#151,#152),
  .UNSPECIFIED.,.F.,.F.,(4,4),(19.,20.),.PIECEWISE_BEZIER_KNOTS.);
#149 = CARTESIAN_POINT('',(0.236690282924,0.374536550191,0.401048661649)
  );
#150 = CARTESIAN_POINT('',(0.228448364994,0.374541644847,0.400990429463)
  );
#151 = CARTESIAN_POINT('',(0.220224906435,0.374773580897,0.398339388284)
  );
#152 = CARTESIAN_POINT('',(0.213745816842,0.375117864725,0.394404206127)
  );
#153 = ORIENTED_EDGE('',*,*,#154,.F.);
#154 = EDGE_CURVE('',#155,#146,#157,.T.);
#155 = VERTEX_POINT('',#156);
#156 = CARTESIAN_POINT('',(0.280376463026,0.378290423696,0.358141691152)
  );
#157 = B_SPLINE_CURVE_WITH_KNOTS('',3,(#158,#159,#160,#161),
  .UNSPECIFIED.,.F.,.F.,(4,4),(18.,19.),.PIECEWISE_BEZIER_KNOTS.);
#158 = CARTESIAN_POINT('',(0.280376463026,0.378290423696,0.358141691152)
  );
#159 = CARTESIAN_POINT('',(0.28020725224,0.376211045577,0.381909091813)
  );
#160 = CARTESIAN_POINT('',(0.260548471194,0.3745218025,0.401217228536));
#161 = CARTESIAN_POINT('',(0.236690282924,0.374536550191,0.401048661649)
  );
#162 = ORIENTED_EDGE('',*,*,#163,.F.);
#163 = EDGE_CURVE('',#164,#155,#166,.T.);
#164 = VERTEX_POINT('',#165);
#165 = CARTESIAN_POINT('',(0.254632392069,0.381784744866,0.318201417417)
  );
#166 = B_SPLINE_CURVE_WITH_KNOTS('',3,(#167,#168,#169,#170),
  .UNSPECIFIED.,.F.,.F.,(4,4),(17.,18.),.PIECEWISE_BEZIER_KNOTS.);
#167 = CARTESIAN_POINT('',(0.254632392069,0.381784744866,0.318201417417)
  );
#168 = CARTESIAN_POINT('',(0.269765650546,0.381170449829,0.325222841822)
  );
#169 = CARTESIAN_POINT('',(0.280502601987,0.379840505711,0.340424172647)
  );
#170 = CARTESIAN_POINT('',(0.280376463026,0.378290423696,0.358141691152)
  );
#171 = ORIENTED_EDGE('',*,*,#172,.F.);
#172 = EDGE_CURVE('',#173,#164,#175,.T.);
#173 = VERTEX_POINT('',#174);
#174 = CARTESIAN_POINT('',(0.213653528088,0.379314696123,0.346434203735)
  );
#175 = B_SPLINE_CURVE_WITH_KNOTS('',3,(#176,#177,#178,#179),
  .UNSPECIFIED.,.F.,.F.,(4,4),(16.,17.),.PIECEWISE_BEZIER_KNOTS.);
#176 = CARTESIAN_POINT('',(0.213653528088,0.379314696123,0.346434203735)
  );
#177 = CARTESIAN_POINT('',(0.232306298428,0.379303166107,0.346565992428)
  );
#178 = CARTESIAN_POINT('',(0.24844249104,0.380351837144,0.334579627623)
  );
#179 = CARTESIAN_POINT('',(0.254632392069,0.381784744866,0.318201417417)
  );
#180 = ORIENTED_EDGE('',*,*,#181,.F.);
#181 = EDGE_CURVE('',#182,#173,#184,.T.);
#182 = VERTEX_POINT('',#183);
#183 = CARTESIAN_POINT('',(0.181224238012,0.380620240214,0.331511766492)
  );
#184 = B_SPLINE_CURVE_WITH_KNOTS('',3,(#185,#186,#187,#188),
  .UNSPECIFIED.,.F.,.F.,(4,4),(15.,16.),.PIECEWISE_BEZIER_KNOTS.);
#185 = CARTESIAN_POINT('',(0.181224238012,0.380620240214,0.331511766492)
  );
#186 = CARTESIAN_POINT('',(0.188967761279,0.379821469182,0.340641761169)
  );
#187 = CARTESIAN_POINT('',(0.20063997085,0.379322740319,0.34634225816));
#188 = CARTESIAN_POINT('',(0.213653528088,0.379314696123,0.346434203735)
  );
#189 = ORIENTED_EDGE('',*,*,#190,.F.);
#190 = EDGE_CURVE('',#191,#182,#193,.T.);
#191 = VERTEX_POINT('',#192);
#192 = CARTESIAN_POINT('',(0.122881658153,0.37800968971,0.361350495291)
  );
#193 = B_SPLINE_CURVE_WITH_KNOTS('',1,(#194,#195),.UNSPECIFIED.,.F.,.F.,
  (2,2),(0.,6.558217238577E-02),.PIECEWISE_BEZIER_KNOTS.);
#194 = CARTESIAN_POINT('',(0.122881658153,0.37800968971,0.361350495291)
  );
#195 = CARTESIAN_POINT('',(0.181224238012,0.380620240214,0.331511766492)
  );
#196 = ORIENTED_EDGE('',*,*,#197,.F.);
#197 = EDGE_CURVE('',#198,#191,#200,.T.);
#198 = VERTEX_POINT('',#199);
#199 = CARTESIAN_POINT('',(0.109597379994,0.380021766844,0.338352348419)
  );
#200 = B_SPLINE_CURVE_WITH_KNOTS('',1,(#201,#202),.UNSPECIFIED.,.F.,.F.,
  (2,2),(0.,2.663522592649E-02),.PIECEWISE_BEZIER_KNOTS.);
#201 = CARTESIAN_POINT('',(0.109597379994,0.380021766844,0.338352348419)
  );
#202 = CARTESIAN_POINT('',(0.122881658153,0.37800968971,0.361350495291)
  );
#203 = ORIENTED_EDGE('',*,*,#204,.F.);
#204 = EDGE_CURVE('',#205,#198,#207,.T.);
#205 = VERTEX_POINT('',#206);
#206 = CARTESIAN_POINT('',(0.170554979182,0.382781935863,0.306803472165)
  );
#207 = B_SPLINE_CURVE_WITH_KNOTS('',1,(#208,#209),.UNSPECIFIED.,.F.,.F.,
  (2,2),(-2.239944121391E-17,6.869336958323E-02),
  .PIECEWISE_BEZIER_KNOTS.);
#208 = CARTESIAN_POINT('',(0.170554979182,0.382781935863,0.306803472165)
  );
#209 = CARTESIAN_POINT('',(0.109597379994,0.380021766844,0.338352348419)
  );
#210 = ORIENTED_EDGE('',*,*,#211,.F.);
#211 = EDGE_CURVE('',#212,#205,#214,.T.);
#212 = VERTEX_POINT('',#213);
#213 = CARTESIAN_POINT('',(0.17058574478,0.383160004612,0.30248212659));
#214 = B_SPLINE_CURVE_WITH_KNOTS('',3,(#215,#216,#217,#218),
  .UNSPECIFIED.,.F.,.F.,(4,4),(11.,12.),.PIECEWISE_BEZIER_KNOTS.);
#215 = CARTESIAN_POINT('',(0.17058574478,0.383160004612,0.30248212659));
#216 = CARTESIAN_POINT('',(0.170576515124,0.383046584276,0.303778526966)
  );
#217 = CARTESIAN_POINT('',(0.170567285468,0.382933163939,0.305074927341)
  );
#218 = CARTESIAN_POINT('',(0.170554979182,0.382781935863,0.306803472165)
  );
#219 = ORIENTED_EDGE('',*,*,#220,.F.);
#220 = EDGE_CURVE('',#221,#212,#223,.T.);
#221 = VERTEX_POINT('',#222);
#222 = CARTESIAN_POINT('',(0.214271924882,0.386913878117,0.259575156093)
  );
#223 = B_SPLINE_CURVE_WITH_KNOTS('',3,(#224,#225,#226,#227),
  .UNSPECIFIED.,.F.,.F.,(4,4),(10.,11.),.PIECEWISE_BEZIER_KNOTS.);
#224 = CARTESIAN_POINT('',(0.214271924882,0.386913878117,0.259575156093)
  );
#225 = CARTESIAN_POINT('',(0.190413736612,0.386928625808,0.259406589205)
  );
#226 = CARTESIAN_POINT('',(0.170754955566,0.385239382731,0.278714725929)
  );
#227 = CARTESIAN_POINT('',(0.17058574478,0.383160004612,0.30248212659));
#228 = ORIENTED_EDGE('',*,*,#229,.F.);
#229 = EDGE_CURVE('',#230,#221,#232,.T.);
#230 = VERTEX_POINT('',#231);
#231 = CARTESIAN_POINT('',(0.255272320902,0.384317537624,0.289251463721)
  );
#232 = B_SPLINE_CURVE_WITH_KNOTS('',3,(#233,#234,#235,#236),
  .UNSPECIFIED.,.F.,.F.,(4,4),(9.,10.),.PIECEWISE_BEZIER_KNOTS.);
#233 = CARTESIAN_POINT('',(0.255272320902,0.384317537624,0.289251463721)
  );
#234 = CARTESIAN_POINT('',(0.249756174327,0.385833298438,0.271926238334)
  );
#235 = CARTESIAN_POINT('',(0.233358482117,0.386902079959,0.25971000965)
  );
#236 = CARTESIAN_POINT('',(0.214271924882,0.386913878117,0.259575156093)
  );
#237 = ORIENTED_EDGE('',*,*,#238,.F.);
#238 = EDGE_CURVE('',#239,#230,#241,.T.);
#239 = VERTEX_POINT('',#240);
#240 = CARTESIAN_POINT('',(0.28982746536,0.382481356729,0.310239107383)
  );
#241 = B_SPLINE_CURVE_WITH_KNOTS('',3,(#242,#243,#244,#245),
  .UNSPECIFIED.,.F.,.F.,(4,4),(8.,9.),.PIECEWISE_BEZIER_KNOTS.);
#242 = CARTESIAN_POINT('',(0.28982746536,0.382481356729,0.310239107383)
  );
#243 = CARTESIAN_POINT('',(0.28035802836,0.38339462138,0.299800444661));
#244 = CARTESIAN_POINT('',(0.268695048445,0.384006770579,0.292803547294)
  );
#245 = CARTESIAN_POINT('',(0.255272320902,0.384317537624,0.289251463721)
  );
#246 = ORIENTED_EDGE('',*,*,#247,.F.);
#247 = EDGE_CURVE('',#248,#239,#250,.T.);
#248 = VERTEX_POINT('',#249);
#249 = CARTESIAN_POINT('',(0.307711099725,0.378349146358,0.357470488056)
  );
#250 = B_SPLINE_CURVE_WITH_KNOTS('',3,(#251,#252,#253,#254),
  .UNSPECIFIED.,.F.,.F.,(4,4),(7.,8.),.PIECEWISE_BEZIER_KNOTS.);
#251 = CARTESIAN_POINT('',(0.307711099725,0.378349146358,0.357470488056)
  );
#252 = CARTESIAN_POINT('',(0.307834162114,0.379861421354,0.340185105757)
  );
#253 = CARTESIAN_POINT('',(0.301447369372,0.381339912149,0.323285878634)
  );
#254 = CARTESIAN_POINT('',(0.28982746536,0.382481356729,0.310239107383)
  );
#255 = ORIENTED_EDGE('',*,*,#256,.F.);
#256 = EDGE_CURVE('',#257,#248,#259,.T.);
#257 = VERTEX_POINT('',#258);
#258 = CARTESIAN_POINT('',(0.286972454032,0.374051765704,0.406589773689)
  );
#259 = B_SPLINE_CURVE_WITH_KNOTS('',3,(#260,#261,#262,#263),
  .UNSPECIFIED.,.F.,.F.,(4,4),(6.,7.),.PIECEWISE_BEZIER_KNOTS.);
#260 = CARTESIAN_POINT('',(0.286972454032,0.374051765704,0.406589773689)
  );
#261 = CARTESIAN_POINT('',(0.30007831941,0.375177927388,0.393717686741)
  );
#262 = CARTESIAN_POINT('',(0.307578807679,0.376723451026,0.37605227073)
  );
#263 = CARTESIAN_POINT('',(0.307711099725,0.378349146358,0.357470488056)
  );
#264 = ORIENTED_EDGE('',*,*,#265,.F.);
#265 = EDGE_CURVE('',#266,#257,#268,.T.);
#266 = VERTEX_POINT('',#267);
#267 = CARTESIAN_POINT('',(0.236939476411,0.37226787172,0.426979775234)
  );
#268 = B_SPLINE_CURVE_WITH_KNOTS('',3,(#269,#270,#271,#272),
  .UNSPECIFIED.,.F.,.F.,(4,4),(5.,6.),.PIECEWISE_BEZIER_KNOTS.);
#269 = CARTESIAN_POINT('',(0.236939476411,0.37226787172,0.426979775234)
  );
#270 = CARTESIAN_POINT('',(0.255592242614,0.372256341706,0.427111563898)
  );
#271 = CARTESIAN_POINT('',(0.273429736534,0.372888064775,0.41989093618)
  );
#272 = CARTESIAN_POINT('',(0.286972454032,0.374051765704,0.406589773689)
  );
#273 = ORIENTED_EDGE('',*,*,#274,.F.);
#274 = EDGE_CURVE('',#275,#266,#277,.T.);
#275 = VERTEX_POINT('',#276);
#276 = CARTESIAN_POINT('',(0.226968572285,0.372349652612,0.426045015359)
  );
#277 = B_SPLINE_CURVE_WITH_KNOTS('',3,(#278,#279,#280,#281),
  .UNSPECIFIED.,.F.,.F.,(4,4),(4.,5.),.PIECEWISE_BEZIER_KNOTS.);
#278 = CARTESIAN_POINT('',(0.226968572285,0.372349652612,0.426045015359)
  );
#279 = CARTESIAN_POINT('',(0.230435774334,0.372309700476,0.426501670362)
  );
#280 = CARTESIAN_POINT('',(0.233469197791,0.372270016837,0.426955256438)
  );
#281 = CARTESIAN_POINT('',(0.236939476411,0.37226787172,0.426979775234)
  );
#282 = ORIENTED_EDGE('',*,*,#283,.F.);
#283 = EDGE_CURVE('',#284,#275,#286,.T.);
#284 = VERTEX_POINT('',#285);
#285 = CARTESIAN_POINT('',(0.207746654692,0.370697948233,0.444924082802)
  );
#286 = B_SPLINE_CURVE_WITH_KNOTS('',3,(#287,#288,#289,#290),
  .UNSPECIFIED.,.F.,.F.,(4,4),(3.,4.),.PIECEWISE_BEZIER_KNOTS.);
#287 = CARTESIAN_POINT('',(0.207746654692,0.370697948233,0.444924082802)
  );
#288 = CARTESIAN_POINT('',(0.215157925829,0.37114707246,0.439790569392)
  );
#289 = CARTESIAN_POINT('',(0.221277065948,0.371710421627,0.433351458953)
  );
#290 = CARTESIAN_POINT('',(0.226968572285,0.372349652612,0.426045015359)
  );
#291 = ORIENTED_EDGE('',*,*,#292,.F.);
#292 = EDGE_CURVE('',#293,#284,#295,.T.);
#293 = VERTEX_POINT('',#294);
#294 = CARTESIAN_POINT('',(0.155572439906,0.369255656858,0.461409548655)
  );
#295 = B_SPLINE_CURVE_WITH_KNOTS('',3,(#296,#297,#298,#299),
  .UNSPECIFIED.,.F.,.F.,(4,4),(2.,3.),.PIECEWISE_BEZIER_KNOTS.);
#296 = CARTESIAN_POINT('',(0.155572439906,0.369255656858,0.461409548655)
  );
#297 = CARTESIAN_POINT('',(0.174658988867,0.369243858706,0.461544402154)
  );
#298 = CARTESIAN_POINT('',(0.19248725725,0.36976216121,0.455620177416));
#299 = CARTESIAN_POINT('',(0.207746654692,0.370697948233,0.444924082802)
  );
#300 = ORIENTED_EDGE('',*,*,#301,.F.);
#301 = EDGE_CURVE('',#24,#293,#302,.T.);
#302 = B_SPLINE_CURVE_WITH_KNOTS('',3,(#303,#304,#305,#306),
  .UNSPECIFIED.,.F.,.F.,(4,4),(1.,2.),.PIECEWISE_BEZIER_KNOTS.);
#303 = CARTESIAN_POINT('',(9.67376348259E-02,0.371258081476,
    0.438521730536));
#304 = CARTESIAN_POINT('',(0.113119944204,0.370000265175,0.452898636644)
  );
#305 = CARTESIAN_POINT('',(0.133883177842,0.36926906385,0.46125630603));
#306 = CARTESIAN_POINT('',(0.155572439906,0.369255656858,0.461409548655)
  );
#307 = FACE_BOUND('',#308,.T.);
#308 = EDGE_LOOP('',(#309,#318,#325,#334,#343,#350,#359,#368,#375,#382,
    #389,#396,#403,#410,#419));
#309 = ORIENTED_EDGE('',*,*,#310,.F.);
#310 = EDGE_CURVE('',#311,#313,#315,.T.);
#311 = VERTEX_POINT('',#312);
#312 = CARTESIAN_POINT('',(-0.179564595464,0.380845486187,0.328937193243
    ));
#313 = VERTEX_POINT('',#314);
#314 = CARTESIAN_POINT('',(-0.171641839402,0.380840588945,0.328993170444
    ));
#315 = B_SPLINE_CURVE_WITH_KNOTS('',1,(#316,#317),.UNSPECIFIED.,.F.,.F.,
  (2,2),(-7.922955322041E-03,1.068325596687E-18),
  .PIECEWISE_BEZIER_KNOTS.);
#316 = CARTESIAN_POINT('',(-0.179564595464,0.380845486187,0.328937193243
    ));
#317 = CARTESIAN_POINT('',(-0.171641839402,0.380840588818,0.328993170432
    ));
#318 = ORIENTED_EDGE('',*,*,#319,.F.);
#319 = EDGE_CURVE('',#320,#311,#322,.T.);
#320 = VERTEX_POINT('',#321);
#321 = CARTESIAN_POINT('',(-0.159433168323,0.385204703166,0.279111116649
    ));
#322 = B_SPLINE_CURVE_WITH_KNOTS('',1,(#323,#324),.UNSPECIFIED.,.F.,.F.,
  (2,2),(-5.391581437831E-02,0.),.PIECEWISE_BEZIER_KNOTS.);
#323 = CARTESIAN_POINT('',(-0.159433168323,0.385204703038,0.279111116638
    ));
#324 = CARTESIAN_POINT('',(-0.179564595464,0.380845486187,0.328937193243
    ));
#325 = ORIENTED_EDGE('',*,*,#326,.F.);
#326 = EDGE_CURVE('',#327,#320,#329,.T.);
#327 = VERTEX_POINT('',#328);
#328 = CARTESIAN_POINT('',(-0.143785092423,0.386410286946,0.265331230989
    ));
#329 = B_SPLINE_CURVE_WITH_KNOTS('',3,(#330,#331,#332,#333),
  .UNSPECIFIED.,.F.,.F.,(4,4),(1.,2.),.PIECEWISE_BEZIER_KNOTS.);
#330 = CARTESIAN_POINT('',(-0.143785092423,0.386410286946,0.265331230989
    ));
#331 = CARTESIAN_POINT('',(-0.150475766341,0.386414422589,0.265283958903
    ));
#332 = CARTESIAN_POINT('',(-0.155686592984,0.386012558115,0.269877290857
    ));
#333 = CARTESIAN_POINT('',(-0.159433168323,0.385204703166,0.279111116649
    ));
#334 = ORIENTED_EDGE('',*,*,#335,.F.);
#335 = EDGE_CURVE('',#336,#327,#338,.T.);
#336 = VERTEX_POINT('',#337);
#337 = CARTESIAN_POINT('',(-0.138861188339,0.386352869394,0.26598751661)
  );
#338 = B_SPLINE_CURVE_WITH_KNOTS('',3,(#339,#340,#341,#342),
  .UNSPECIFIED.,.F.,.F.,(4,4),(2.,3.),.PIECEWISE_BEZIER_KNOTS.);
#339 = CARTESIAN_POINT('',(-0.138861188339,0.386352869394,0.26598751661)
  );
#340 = CARTESIAN_POINT('',(-0.140215162376,0.386389049241,0.265573977598
    ));
#341 = CARTESIAN_POINT('',(-0.141866787314,0.386409101037,0.26534478451)
  );
#342 = CARTESIAN_POINT('',(-0.143785092423,0.386410286946,0.265331230989
    ));
#343 = ORIENTED_EDGE('',*,*,#344,.F.);
#344 = EDGE_CURVE('',#345,#336,#347,.T.);
#345 = VERTEX_POINT('',#346);
#346 = CARTESIAN_POINT('',(-0.138909415272,0.385760223787,0.272761486898
    ));
#347 = B_SPLINE_CURVE_WITH_KNOTS('',1,(#348,#349),.UNSPECIFIED.,.F.,.F.,
  (2,2),(-6.800016772865E-03,-7.743082064492E-18),
  .PIECEWISE_BEZIER_KNOTS.);
#348 = CARTESIAN_POINT('',(-0.138909415272,0.385760223659,0.272761486886
    ));
#349 = CARTESIAN_POINT('',(-0.138861188339,0.386352869266,0.265987516599
    ));
#350 = ORIENTED_EDGE('',*,*,#351,.F.);
#351 = EDGE_CURVE('',#352,#345,#354,.T.);
#352 = VERTEX_POINT('',#353);
#353 = CARTESIAN_POINT('',(-0.143238902453,0.385839023463,0.271860802481
    ));
#354 = B_SPLINE_CURVE_WITH_KNOTS('',3,(#355,#356,#357,#358),
  .UNSPECIFIED.,.F.,.F.,(4,4),(4.,5.),.PIECEWISE_BEZIER_KNOTS.);
#355 = CARTESIAN_POINT('',(-0.143238902453,0.385839023463,0.271860802481
    ));
#356 = CARTESIAN_POINT('',(-0.141835264568,0.38583815569,0.271870719689)
  );
#357 = CARTESIAN_POINT('',(-0.140402425751,0.385812801745,0.272160516614
    ));
#358 = CARTESIAN_POINT('',(-0.138909415272,0.385760223787,0.272761486898
    ));
#359 = ORIENTED_EDGE('',*,*,#360,.F.);
#360 = EDGE_CURVE('',#361,#352,#363,.T.);
#361 = VERTEX_POINT('',#362);
#362 = CARTESIAN_POINT('',(-0.151111663875,0.385308307096,0.277926918305
    ));
#363 = B_SPLINE_CURVE_WITH_KNOTS('',3,(#364,#365,#366,#367),
  .UNSPECIFIED.,.F.,.F.,(4,4),(5.,6.),.PIECEWISE_BEZIER_KNOTS.);
#364 = CARTESIAN_POINT('',(-0.151111663875,0.385308307096,0.277926918305
    ));
#365 = CARTESIAN_POINT('',(-0.149351308854,0.385666086508,0.273837479448
    ));
#366 = CARTESIAN_POINT('',(-0.146732401189,0.385841182805,0.271836119615
    ));
#367 = CARTESIAN_POINT('',(-0.143238902453,0.385839023463,0.271860802481
    ));
#368 = ORIENTED_EDGE('',*,*,#369,.F.);
#369 = EDGE_CURVE('',#370,#361,#372,.T.);
#370 = VERTEX_POINT('',#371);
#371 = CARTESIAN_POINT('',(-0.154520989836,0.384619866113,0.285795834754
    ));
#372 = B_SPLINE_CURVE_WITH_KNOTS('',1,(#373,#374),.UNSPECIFIED.,.F.,.F.,
  (2,2),(-8.603330784243E-03,-2.486578610201E-18),
  .PIECEWISE_BEZIER_KNOTS.);
#373 = CARTESIAN_POINT('',(-0.154520989836,0.384619865985,0.285795834743
    ));
#374 = CARTESIAN_POINT('',(-0.151111663875,0.385308306968,0.277926918294
    ));
#375 = ORIENTED_EDGE('',*,*,#376,.F.);
#376 = EDGE_CURVE('',#377,#370,#379,.T.);
#377 = VERTEX_POINT('',#378);
#378 = CARTESIAN_POINT('',(-0.137736186493,0.380819630518,0.32923272637)
  );
#379 = B_SPLINE_CURVE_WITH_KNOTS('',1,(#380,#381),.UNSPECIFIED.,.F.,.F.,
  (2,2),(-4.672188959154E-02,-5.865082129828E-17),
  .PIECEWISE_BEZIER_KNOTS.);
#380 = CARTESIAN_POINT('',(-0.137736186493,0.38081963039,0.329232726358)
  );
#381 = CARTESIAN_POINT('',(-0.154520989836,0.384619865985,0.285795834743
    ));
#382 = ORIENTED_EDGE('',*,*,#383,.F.);
#383 = EDGE_CURVE('',#384,#377,#386,.T.);
#384 = VERTEX_POINT('',#385);
#385 = CARTESIAN_POINT('',(-0.146282781615,0.380824913507,0.329172341527
    ));
#386 = B_SPLINE_CURVE_WITH_KNOTS('',1,(#387,#388),.UNSPECIFIED.,.F.,.F.,
  (2,2),(-8.546810072159E-03,-1.425779006897E-19),
  .PIECEWISE_BEZIER_KNOTS.);
#387 = CARTESIAN_POINT('',(-0.146282781615,0.380824913379,0.329172341516
    ));
#388 = CARTESIAN_POINT('',(-0.137736186493,0.38081963039,0.329232726358)
  );
#389 = ORIENTED_EDGE('',*,*,#390,.F.);
#390 = EDGE_CURVE('',#391,#384,#393,.T.);
#391 = VERTEX_POINT('',#392);
#392 = CARTESIAN_POINT('',(-0.157435558777,0.383686436789,0.296464980744
    ));
#393 = B_SPLINE_CURVE_WITH_KNOTS('',1,(#394,#395),.UNSPECIFIED.,.F.,.F.,
  (2,2),(-3.467483530373E-02,-3.688982687033E-17),
  .PIECEWISE_BEZIER_KNOTS.);
#394 = CARTESIAN_POINT('',(-0.157435558777,0.383686436661,0.296464980733
    ));
#395 = CARTESIAN_POINT('',(-0.146282781615,0.380824913379,0.329172341516
    ));
#396 = ORIENTED_EDGE('',*,*,#397,.F.);
#397 = EDGE_CURVE('',#398,#391,#400,.T.);
#398 = VERTEX_POINT('',#399);
#399 = CARTESIAN_POINT('',(-0.158345876553,0.383999649369,0.292884944572
    ));
#400 = B_SPLINE_CURVE_WITH_KNOTS('',1,(#401,#402),.UNSPECIFIED.,.F.,.F.,
  (2,2),(-3.707214541275E-03,-1.182753099235E-11),
  .PIECEWISE_BEZIER_KNOTS.);
#401 = CARTESIAN_POINT('',(-0.158345876553,0.383999649241,0.29288494456)
  );
#402 = CARTESIAN_POINT('',(-0.157435558776,0.383686436661,0.296464980732
    ));
#403 = ORIENTED_EDGE('',*,*,#404,.F.);
#404 = EDGE_CURVE('',#405,#398,#407,.T.);
#405 = VERTEX_POINT('',#406);
#406 = CARTESIAN_POINT('',(-0.158548624245,0.383999774695,0.292883512096
    ));
#407 = B_SPLINE_CURVE_WITH_KNOTS('',1,(#408,#409),.UNSPECIFIED.,.F.,.F.,
  (2,2),(-2.027527934504E-04,-2.925411905558E-12),
  .PIECEWISE_BEZIER_KNOTS.);
#408 = CARTESIAN_POINT('',(-0.158548624245,0.383999774567,0.292883512084
    ));
#409 = CARTESIAN_POINT('',(-0.158345876553,0.38399964924,0.292884944572)
  );
#410 = ORIENTED_EDGE('',*,*,#411,.F.);
#411 = EDGE_CURVE('',#412,#405,#414,.T.);
#412 = VERTEX_POINT('',#413);
#413 = CARTESIAN_POINT('',(-0.159509381199,0.383693156089,0.296388178793
    ));
#414 = B_SPLINE_CURVE_WITH_KNOTS('',3,(#415,#416,#417,#418),
  .UNSPECIFIED.,.F.,.F.,(4,4),(12.,13.),.PIECEWISE_BEZIER_KNOTS.);
#415 = CARTESIAN_POINT('',(-0.159509381199,0.383693156089,0.296388178793
    ));
#416 = CARTESIAN_POINT('',(-0.159030661906,0.38382607608,0.29486889487)
  );
#417 = CARTESIAN_POINT('',(-0.158710335846,0.383929188468,0.293690314885
    ));
#418 = CARTESIAN_POINT('',(-0.158548624245,0.383999774695,0.292883512096
    ));
#419 = ORIENTED_EDGE('',*,*,#420,.F.);
#420 = EDGE_CURVE('',#313,#412,#421,.T.);
#421 = B_SPLINE_CURVE_WITH_KNOTS('',1,(#422,#423),.UNSPECIFIED.,.F.,.F.,
  (2,2),(-3.490586142583E-02,2.39608299916E-17),
  .PIECEWISE_BEZIER_KNOTS.);
#422 = CARTESIAN_POINT('',(-0.171641839402,0.380840588818,0.328993170432
    ));
#423 = CARTESIAN_POINT('',(-0.159509381199,0.383693155961,0.296388178782
    ));
#424 = FACE_BOUND('',#425,.T.);
#425 = EDGE_LOOP('',(#426,#435,#444,#453,#462,#471,#480,#489,#498,#507,
    #516,#523,#532,#541,#550,#559,#568,#577,#586,#595,#604));
#426 = ORIENTED_EDGE('',*,*,#427,.F.);
#427 = EDGE_CURVE('',#428,#430,#432,.T.);
#428 = VERTEX_POINT('',#429);
#429 = CARTESIAN_POINT('',(-0.104087364046,0.383775801283,0.295443538433
    ));
#430 = VERTEX_POINT('',#431);
#431 = CARTESIAN_POINT('',(-0.104031394257,0.384463596414,0.287582004109
    ));
#432 = B_SPLINE_CURVE_WITH_KNOTS('',1,(#433,#434),.UNSPECIFIED.,.F.,.F.,
  (2,2),(-7.891762584584E-03,0.),.PIECEWISE_BEZIER_KNOTS.);
#433 = CARTESIAN_POINT('',(-0.104087364046,0.383775801283,0.295443538433
    ));
#434 = CARTESIAN_POINT('',(-0.104031394257,0.384463596414,0.287582004109
    ));
#435 = ORIENTED_EDGE('',*,*,#436,.F.);
#436 = EDGE_CURVE('',#437,#428,#439,.T.);
#437 = VERTEX_POINT('',#438);
#438 = CARTESIAN_POINT('',(-0.116627855802,0.384150576826,0.291159834374
    ));
#439 = B_SPLINE_CURVE_WITH_KNOTS('',3,(#440,#441,#442,#443),
  .UNSPECIFIED.,.F.,.F.,(4,4),(0.,1.),.PIECEWISE_BEZIER_KNOTS.);
#440 = CARTESIAN_POINT('',(-0.116627855802,0.384150576826,0.291159834374
    ));
#441 = CARTESIAN_POINT('',(-0.11213621457,0.384147800365,0.291191569474)
  );
#442 = CARTESIAN_POINT('',(-0.107966447969,0.384022881611,0.292619397366
    ));
#443 = CARTESIAN_POINT('',(-0.104087364046,0.383775801283,0.295443538433
    ));
#444 = ORIENTED_EDGE('',*,*,#445,.F.);
#445 = EDGE_CURVE('',#446,#437,#448,.T.);
#446 = VERTEX_POINT('',#447);
#447 = CARTESIAN_POINT('',(-0.125684141642,0.383642341728,0.296968989603
    ));
#448 = B_SPLINE_CURVE_WITH_KNOTS('',3,(#449,#450,#451,#452),
  .UNSPECIFIED.,.F.,.F.,(4,4),(1.,2.),.PIECEWISE_BEZIER_KNOTS.);
#449 = CARTESIAN_POINT('',(-0.125684141642,0.383642341728,0.296968989603
    ));
#450 = CARTESIAN_POINT('',(-0.125656267359,0.383984879887,0.293053759058
    ));
#451 = CARTESIAN_POINT('',(-0.122632306754,0.384154288415,0.291117410716
    ));
#452 = CARTESIAN_POINT('',(-0.116627855802,0.384150576826,0.291159834374
    ));
#453 = ORIENTED_EDGE('',*,*,#454,.F.);
#454 = EDGE_CURVE('',#455,#446,#457,.T.);
#455 = VERTEX_POINT('',#456);
#456 = CARTESIAN_POINT('',(-0.123748471456,0.383279558706,0.301115617038
    ));
#457 = B_SPLINE_CURVE_WITH_KNOTS('',3,(#458,#459,#460,#461),
  .UNSPECIFIED.,.F.,.F.,(4,4),(2.,3.),.PIECEWISE_BEZIER_KNOTS.);
#458 = CARTESIAN_POINT('',(-0.123748471456,0.383279558706,0.301115617038
    ));
#459 = CARTESIAN_POINT('',(-0.125050790626,0.383375518032,0.300018796931
    ));
#460 = CARTESIAN_POINT('',(-0.125696087763,0.383495539477,0.298646945535
    ));
#461 = CARTESIAN_POINT('',(-0.125684141642,0.383642341728,0.296968989603
    ));
#462 = ORIENTED_EDGE('',*,*,#463,.F.);
#463 = EDGE_CURVE('',#464,#455,#466,.T.);
#464 = VERTEX_POINT('',#465);
#465 = CARTESIAN_POINT('',(-0.11577538857,0.382934793405,0.30505630246)
  );
#466 = B_SPLINE_CURVE_WITH_KNOTS('',3,(#467,#468,#469,#470),
  .UNSPECIFIED.,.F.,.F.,(4,4),(3.,4.),.PIECEWISE_BEZIER_KNOTS.);
#467 = CARTESIAN_POINT('',(-0.11577538857,0.382934793405,0.30505630246)
  );
#468 = CARTESIAN_POINT('',(-0.119788531733,0.383067771428,0.303536356706
    ));
#469 = CARTESIAN_POINT('',(-0.122446152287,0.383183599381,0.302212437146
    ));
#470 = CARTESIAN_POINT('',(-0.123748471456,0.383279558706,0.301115617038
    ));
#471 = ORIENTED_EDGE('',*,*,#472,.F.);
#472 = EDGE_CURVE('',#473,#464,#475,.T.);
#473 = VERTEX_POINT('',#474);
#474 = CARTESIAN_POINT('',(-0.106411941267,0.38242604699,0.310871300592)
  );
#475 = B_SPLINE_CURVE_WITH_KNOTS('',3,(#476,#477,#478,#479),
  .UNSPECIFIED.,.F.,.F.,(4,4),(4.,5.),.PIECEWISE_BEZIER_KNOTS.);
#476 = CARTESIAN_POINT('',(-0.106411941267,0.38242604699,0.310871300592)
  );
#477 = CARTESIAN_POINT('',(-0.107833276413,0.382592765943,0.30896569424)
  );
#478 = CARTESIAN_POINT('',(-0.110969947749,0.382763263908,0.307016893585
    ));
#479 = CARTESIAN_POINT('',(-0.11577538857,0.382934793405,0.30505630246)
  );
#480 = ORIENTED_EDGE('',*,*,#481,.F.);
#481 = EDGE_CURVE('',#482,#473,#484,.T.);
#482 = VERTEX_POINT('',#483);
#483 = CARTESIAN_POINT('',(-0.10429299114,0.381823905682,0.317753807247)
  );
#484 = B_SPLINE_CURVE_WITH_KNOTS('',3,(#485,#486,#487,#488),
  .UNSPECIFIED.,.F.,.F.,(4,4),(5.,6.),.PIECEWISE_BEZIER_KNOTS.);
#485 = CARTESIAN_POINT('',(-0.10429299114,0.381823905682,0.317753807247)
  );
#486 = CARTESIAN_POINT('',(-0.104273965836,0.382057701655,0.315081507042
    ));
#487 = CARTESIAN_POINT('',(-0.104975010145,0.382259318397,0.312777017134
    ));
#488 = CARTESIAN_POINT('',(-0.106411941267,0.38242604699,0.310871300592)
  );
#489 = ORIENTED_EDGE('',*,*,#490,.F.);
#490 = EDGE_CURVE('',#491,#482,#493,.T.);
#491 = VERTEX_POINT('',#492);
#492 = CARTESIAN_POINT('',(-0.10925605265,0.381016802562,0.326979038116)
  );
#493 = B_SPLINE_CURVE_WITH_KNOTS('',3,(#494,#495,#496,#497),
  .UNSPECIFIED.,.F.,.F.,(4,4),(6.,7.),.PIECEWISE_BEZIER_KNOTS.);
#494 = CARTESIAN_POINT('',(-0.10925605265,0.381016802562,0.326979038116)
  );
#495 = CARTESIAN_POINT('',(-0.105979901727,0.381218679537,0.324671573737
    ));
#496 = CARTESIAN_POINT('',(-0.104320422973,0.38148680451,0.321606891264)
  );
#497 = CARTESIAN_POINT('',(-0.10429299114,0.381823905682,0.317753807247)
  );
#498 = ORIENTED_EDGE('',*,*,#499,.F.);
#499 = EDGE_CURVE('',#500,#491,#502,.T.);
#500 = VERTEX_POINT('',#501);
#501 = CARTESIAN_POINT('',(-0.121351894376,0.380722504383,0.330342881696
    ));
#502 = B_SPLINE_CURVE_WITH_KNOTS('',3,(#503,#504,#505,#506),
  .UNSPECIFIED.,.F.,.F.,(4,4),(7.,8.),.PIECEWISE_BEZIER_KNOTS.);
#503 = CARTESIAN_POINT('',(-0.121351894376,0.380722504383,0.330342881696
    ));
#504 = CARTESIAN_POINT('',(-0.116579525567,0.380719554393,0.33037660024)
  );
#505 = CARTESIAN_POINT('',(-0.112547578325,0.380817653786,0.329255319047
    ));
#506 = CARTESIAN_POINT('',(-0.10925605265,0.381016802562,0.326979038116)
  );
#507 = ORIENTED_EDGE('',*,*,#508,.F.);
#508 = EDGE_CURVE('',#509,#500,#511,.T.);
#509 = VERTEX_POINT('',#510);
#510 = CARTESIAN_POINT('',(-0.131662714902,0.380897436974,0.328343393035
    ));
#511 = B_SPLINE_CURVE_WITH_KNOTS('',3,(#512,#513,#514,#515),
  .UNSPECIFIED.,.F.,.F.,(4,4),(8.,9.),.PIECEWISE_BEZIER_KNOTS.);
#512 = CARTESIAN_POINT('',(-0.131662714902,0.380897436974,0.328343393035
    ));
#513 = CARTESIAN_POINT('',(-0.128490427123,0.380781290884,0.329670948908
    ));
#514 = CARTESIAN_POINT('',(-0.125063736782,0.38072479882,0.330316656163)
  );
#515 = CARTESIAN_POINT('',(-0.121351894376,0.380722504383,0.330342881696
    ));
#516 = ORIENTED_EDGE('',*,*,#517,.F.);
#517 = EDGE_CURVE('',#518,#509,#520,.T.);
#518 = VERTEX_POINT('',#519);
#519 = CARTESIAN_POINT('',(-0.131610063479,0.381544453737,0.320947957584
    ));
#520 = B_SPLINE_CURVE_WITH_KNOTS('',1,(#521,#522),.UNSPECIFIED.,.F.,.F.,
  (2,2),(-7.423871522359E-03,0.),.PIECEWISE_BEZIER_KNOTS.);
#521 = CARTESIAN_POINT('',(-0.131610063479,0.381544453737,0.320947957584
    ));
#522 = CARTESIAN_POINT('',(-0.131662714902,0.380897436974,0.328343393035
    ));
#523 = ORIENTED_EDGE('',*,*,#524,.F.);
#524 = EDGE_CURVE('',#525,#518,#527,.T.);
#525 = VERTEX_POINT('',#526);
#526 = CARTESIAN_POINT('',(-0.120559263836,0.381263034648,0.324164592498
    ));
#527 = B_SPLINE_CURVE_WITH_KNOTS('',3,(#528,#529,#530,#531),
  .UNSPECIFIED.,.F.,.F.,(4,4),(10.,11.),.PIECEWISE_BEZIER_KNOTS.);
#528 = CARTESIAN_POINT('',(-0.120559263836,0.381263034648,0.324164592498
    ));
#529 = CARTESIAN_POINT('',(-0.124692197608,0.381265589378,0.324135391799
    ));
#530 = CARTESIAN_POINT('',(-0.12836532643,0.3813602955,0.323052895869));
#531 = CARTESIAN_POINT('',(-0.131610063479,0.381544453737,0.320947957584
    ));
#532 = ORIENTED_EDGE('',*,*,#533,.F.);
#533 = EDGE_CURVE('',#534,#525,#536,.T.);
#534 = VERTEX_POINT('',#535);
#535 = CARTESIAN_POINT('',(-0.114527713235,0.381400678425,0.32259131692)
  );
#536 = B_SPLINE_CURVE_WITH_KNOTS('',3,(#537,#538,#539,#540),
  .UNSPECIFIED.,.F.,.F.,(4,4),(11.,12.),.PIECEWISE_BEZIER_KNOTS.);
#537 = CARTESIAN_POINT('',(-0.114527713235,0.381400678425,0.32259131692)
  );
#538 = CARTESIAN_POINT('',(-0.116079457765,0.38130648331,0.323667972017)
  );
#539 = CARTESIAN_POINT('',(-0.118095099549,0.38126151145,0.324182002726)
  );
#540 = CARTESIAN_POINT('',(-0.120559263836,0.381263034648,0.324164592498
    ));
#541 = ORIENTED_EDGE('',*,*,#542,.F.);
#542 = EDGE_CURVE('',#543,#534,#545,.T.);
#543 = VERTEX_POINT('',#544);
#544 = CARTESIAN_POINT('',(-0.11217382621,0.381768965857,0.318381772312)
  );
#545 = B_SPLINE_CURVE_WITH_KNOTS('',3,(#546,#547,#548,#549),
  .UNSPECIFIED.,.F.,.F.,(4,4),(12.,13.),.PIECEWISE_BEZIER_KNOTS.);
#546 = CARTESIAN_POINT('',(-0.11217382621,0.381768965857,0.318381772312)
  );
#547 = CARTESIAN_POINT('',(-0.11218621478,0.381616726619,0.320121874771)
  );
#548 = CARTESIAN_POINT('',(-0.11297618993,0.381492154983,0.321545735082)
  );
#549 = CARTESIAN_POINT('',(-0.114527713235,0.381400678425,0.32259131692)
  );
#550 = ORIENTED_EDGE('',*,*,#551,.F.);
#551 = EDGE_CURVE('',#552,#543,#554,.T.);
#552 = VERTEX_POINT('',#553);
#553 = CARTESIAN_POINT('',(-0.113813836515,0.382123409908,0.314330458275
    ));
#554 = B_SPLINE_CURVE_WITH_KNOTS('',3,(#555,#556,#557,#558),
  .UNSPECIFIED.,.F.,.F.,(4,4),(13.,14.),.PIECEWISE_BEZIER_KNOTS.);
#555 = CARTESIAN_POINT('',(-0.113813836515,0.382123409908,0.314330458275
    ));
#556 = CARTESIAN_POINT('',(-0.112713380142,0.38203845014,0.315301552862)
  );
#557 = CARTESIAN_POINT('',(-0.11216143764,0.381921205096,0.316641669852)
  );
#558 = CARTESIAN_POINT('',(-0.11217382621,0.381768965857,0.318381772312)
  );
#559 = ORIENTED_EDGE('',*,*,#560,.F.);
#560 = EDGE_CURVE('',#561,#552,#563,.T.);
#561 = VERTEX_POINT('',#562);
#562 = CARTESIAN_POINT('',(-0.121210974393,0.382454225721,0.310549216223
    ));
#563 = B_SPLINE_CURVE_WITH_KNOTS('',3,(#564,#565,#566,#567),
  .UNSPECIFIED.,.F.,.F.,(4,4),(14.,15.),.PIECEWISE_BEZIER_KNOTS.);
#564 = CARTESIAN_POINT('',(-0.121210974393,0.382454225721,0.310549216223
    ));
#565 = CARTESIAN_POINT('',(-0.117384982949,0.382321363385,0.312067839681
    ));
#566 = CARTESIAN_POINT('',(-0.11492966764,0.382211097874,0.313328180237)
  );
#567 = CARTESIAN_POINT('',(-0.113813836515,0.382123409908,0.314330458275
    ));
#568 = ORIENTED_EDGE('',*,*,#569,.F.);
#569 = EDGE_CURVE('',#570,#561,#572,.T.);
#570 = VERTEX_POINT('',#571);
#571 = CARTESIAN_POINT('',(-0.131027589913,0.382952377479,0.304855315576
    ));
#572 = B_SPLINE_CURVE_WITH_KNOTS('',3,(#573,#574,#575,#576),
  .UNSPECIFIED.,.F.,.F.,(4,4),(15.,16.),.PIECEWISE_BEZIER_KNOTS.);
#573 = CARTESIAN_POINT('',(-0.131027589913,0.382952377479,0.304855315576
    ));
#574 = CARTESIAN_POINT('',(-0.129325748415,0.38278276644,0.306793978629)
  );
#575 = CARTESIAN_POINT('',(-0.126064088042,0.382614909909,0.308712587556
    ));
#576 = CARTESIAN_POINT('',(-0.121210974393,0.382454225721,0.310549216223
    ));
#577 = ORIENTED_EDGE('',*,*,#578,.F.);
#578 = EDGE_CURVE('',#579,#570,#581,.T.);
#579 = VERTEX_POINT('',#580);
#580 = CARTESIAN_POINT('',(-0.133534227208,0.383581945379,0.297659321555
    ));
#581 = B_SPLINE_CURVE_WITH_KNOTS('',3,(#582,#583,#584,#585),
  .UNSPECIFIED.,.F.,.F.,(4,4),(16.,17.),.PIECEWISE_BEZIER_KNOTS.);
#582 = CARTESIAN_POINT('',(-0.133534227208,0.383581945379,0.297659321555
    ));
#583 = CARTESIAN_POINT('',(-0.133554579858,0.383331838058,0.30051806131)
  );
#584 = CARTESIAN_POINT('',(-0.132713835434,0.383121978878,0.302916762714
    ));
#585 = CARTESIAN_POINT('',(-0.131027589913,0.382952377479,0.304855315576
    ));
#586 = ORIENTED_EDGE('',*,*,#587,.F.);
#587 = EDGE_CURVE('',#588,#579,#590,.T.);
#588 = VERTEX_POINT('',#589);
#589 = CARTESIAN_POINT('',(-0.128554684823,0.384399913089,0.288309907844
    ));
#590 = B_SPLINE_CURVE_WITH_KNOTS('',3,(#591,#592,#593,#594),
  .UNSPECIFIED.,.F.,.F.,(4,4),(17.,18.),.PIECEWISE_BEZIER_KNOTS.);
#591 = CARTESIAN_POINT('',(-0.128554684823,0.384399913089,0.288309907844
    ));
#592 = CARTESIAN_POINT('',(-0.131845989274,0.384203482871,0.290555115516
    ));
#593 = CARTESIAN_POINT('',(-0.133505910477,0.383929920781,0.293681944506
    ));
#594 = CARTESIAN_POINT('',(-0.133534227208,0.383581945379,0.297659321555
    ));
#595 = ORIENTED_EDGE('',*,*,#596,.F.);
#596 = EDGE_CURVE('',#597,#588,#599,.T.);
#597 = VERTEX_POINT('',#598);
#598 = CARTESIAN_POINT('',(-0.115835004038,0.384693825649,0.284950471917
    ));
#599 = B_SPLINE_CURVE_WITH_KNOTS('',3,(#600,#601,#602,#603),
  .UNSPECIFIED.,.F.,.F.,(4,4),(18.,19.),.PIECEWISE_BEZIER_KNOTS.);
#600 = CARTESIAN_POINT('',(-0.115835004038,0.384693825649,0.284950471917
    ));
#601 = CARTESIAN_POINT('',(-0.121028464212,0.384697035932,0.284913778208
    ));
#602 = CARTESIAN_POINT('',(-0.125278755124,0.384599071506,0.286033516723
    ));
#603 = CARTESIAN_POINT('',(-0.128554684823,0.384399913089,0.288309907844
    ));
#604 = ORIENTED_EDGE('',*,*,#605,.F.);
#605 = EDGE_CURVE('',#430,#597,#606,.T.);
#606 = B_SPLINE_CURVE_WITH_KNOTS('',3,(#607,#608,#609,#610),
  .UNSPECIFIED.,.F.,.F.,(4,4),(19.,20.),.PIECEWISE_BEZIER_KNOTS.);
#607 = CARTESIAN_POINT('',(-0.104031394257,0.384463596414,0.287582004109
    ));
#608 = CARTESIAN_POINT('',(-0.10738817906,0.384612480883,0.285880246841)
  );
#609 = CARTESIAN_POINT('',(-0.111312170853,0.384691029906,0.2849824274)
  );
#610 = CARTESIAN_POINT('',(-0.115835004038,0.384693825649,0.284950471917
    ));
#611 = FACE_BOUND('',#612,.T.);
#612 = EDGE_LOOP('',(#613,#622,#631,#640,#647,#654,#661,#668,#677,#686,
    #695,#704,#711,#720));
#613 = ORIENTED_EDGE('',*,*,#614,.F.);
#614 = EDGE_CURVE('',#615,#617,#619,.T.);
#615 = VERTEX_POINT('',#616);
#616 = CARTESIAN_POINT('',(-6.319693078389E-02,0.38103998679,
    0.326714041174));
#617 = VERTEX_POINT('',#618);
#618 = CARTESIAN_POINT('',(-6.314427936181E-02,0.381687003554,
    0.319318605722));
#619 = B_SPLINE_CURVE_WITH_KNOTS('',1,(#620,#621),.UNSPECIFIED.,.F.,.F.,
  (2,2),(-7.423871522777E-03,0.),.PIECEWISE_BEZIER_KNOTS.);
#620 = CARTESIAN_POINT('',(-6.319693078389E-02,0.38103998679,
    0.326714041174));
#621 = CARTESIAN_POINT('',(-6.314427936181E-02,0.381687003554,
    0.319318605722));
#622 = ORIENTED_EDGE('',*,*,#623,.F.);
#623 = EDGE_CURVE('',#624,#615,#626,.T.);
#624 = VERTEX_POINT('',#625);
#625 = CARTESIAN_POINT('',(-7.822901935619E-02,0.380695848425,
    0.330647560691));
#626 = B_SPLINE_CURVE_WITH_KNOTS('',3,(#627,#628,#629,#630),
  .UNSPECIFIED.,.F.,.F.,(4,4),(0.,1.),.PIECEWISE_BEZIER_KNOTS.);
#627 = CARTESIAN_POINT('',(-7.822901935619E-02,0.380695848425,
    0.330647560691));
#628 = CARTESIAN_POINT('',(-7.255208391058E-02,0.380692339286,
    0.330687670331));
#629 = CARTESIAN_POINT('',(-6.753626280241E-02,0.380806142675,
    0.329386891642));
#630 = CARTESIAN_POINT('',(-6.319693078389E-02,0.38103998679,
    0.326714041174));
#631 = ORIENTED_EDGE('',*,*,#632,.F.);
#632 = EDGE_CURVE('',#633,#624,#635,.T.);
#633 = VERTEX_POINT('',#634);
#634 = CARTESIAN_POINT('',(-9.386370665497E-02,0.382146421099,
    0.314067440625));
#635 = B_SPLINE_CURVE_WITH_KNOTS('',3,(#636,#637,#638,#639),
  .UNSPECIFIED.,.F.,.F.,(4,4),(1.,2.),.PIECEWISE_BEZIER_KNOTS.);
#636 = CARTESIAN_POINT('',(-9.386370665497E-02,0.382146421099,
    0.314067440625));
#637 = CARTESIAN_POINT('',(-9.394202011469E-02,0.381184051499,
    0.325067374017));
#638 = CARTESIAN_POINT('',(-8.872511153989E-02,0.380702336475,
    0.330573401934));
#639 = CARTESIAN_POINT('',(-7.822901935619E-02,0.380695848425,
    0.330647560691));
#640 = ORIENTED_EDGE('',*,*,#641,.F.);
#641 = EDGE_CURVE('',#642,#633,#644,.T.);
#642 = VERTEX_POINT('',#643);
#643 = CARTESIAN_POINT('',(-9.366482586319E-02,0.384590404462,
    0.286132581493));
#644 = B_SPLINE_CURVE_WITH_KNOTS('',1,(#645,#646),.UNSPECIFIED.,.F.,.F.,
  (2,2),(-2.804227100272E-02,2.708240605128E-18),
  .PIECEWISE_BEZIER_KNOTS.);
#645 = CARTESIAN_POINT('',(-9.366482586319E-02,0.384590404462,
    0.286132581493));
#646 = CARTESIAN_POINT('',(-9.386370665497E-02,0.382146420972,
    0.314067440614));
#647 = ORIENTED_EDGE('',*,*,#648,.F.);
#648 = EDGE_CURVE('',#649,#642,#651,.T.);
#649 = VERTEX_POINT('',#650);
#650 = CARTESIAN_POINT('',(-8.602279737867E-02,0.384585680621,
    0.286186575239));
#651 = B_SPLINE_CURVE_WITH_KNOTS('',1,(#652,#653),.UNSPECIFIED.,.F.,.F.,
  (2,2),(-7.642220684954E-03,0.),.PIECEWISE_BEZIER_KNOTS.);
#652 = CARTESIAN_POINT('',(-8.602279737867E-02,0.384585680621,
    0.286186575239));
#653 = CARTESIAN_POINT('',(-9.366482586319E-02,0.384590404462,
    0.286132581493));
#654 = ORIENTED_EDGE('',*,*,#655,.F.);
#655 = EDGE_CURVE('',#656,#649,#658,.T.);
#656 = VERTEX_POINT('',#657);
#657 = CARTESIAN_POINT('',(-8.607058186256E-02,0.38399847213,
    0.29289839901));
#658 = B_SPLINE_CURVE_WITH_KNOTS('',1,(#659,#660),.UNSPECIFIED.,.F.,.F.,
  (2,2),(-6.737631297541E-03,0.),.PIECEWISE_BEZIER_KNOTS.);
#659 = CARTESIAN_POINT('',(-8.607058186256E-02,0.38399847213,
    0.29289839901));
#660 = CARTESIAN_POINT('',(-8.602279737867E-02,0.384585680621,
    0.286186575239));
#661 = ORIENTED_EDGE('',*,*,#662,.F.);
#662 = EDGE_CURVE('',#663,#656,#665,.T.);
#663 = VERTEX_POINT('',#664);
#664 = CARTESIAN_POINT('',(-8.58678341681E-02,0.383998346803,
    0.292899831497));
#665 = B_SPLINE_CURVE_WITH_KNOTS('',1,(#666,#667),.UNSPECIFIED.,.F.,.F.,
  (2,2),(-2.027527936582E-04,0.),.PIECEWISE_BEZIER_KNOTS.);
#666 = CARTESIAN_POINT('',(-8.58678341681E-02,0.383998346803,
    0.292899831497));
#667 = CARTESIAN_POINT('',(-8.607058186256E-02,0.38399847213,
    0.29289839901));
#668 = ORIENTED_EDGE('',*,*,#669,.F.);
#669 = EDGE_CURVE('',#670,#663,#672,.T.);
#670 = VERTEX_POINT('',#671);
#671 = CARTESIAN_POINT('',(-7.246259339385E-02,0.384667015443,
    0.285256913974));
#672 = B_SPLINE_CURVE_WITH_KNOTS('',3,(#673,#674,#675,#676),
  .UNSPECIFIED.,.F.,.F.,(4,4),(6.,7.),.PIECEWISE_BEZIER_KNOTS.);
#673 = CARTESIAN_POINT('',(-7.246259339385E-02,0.384667015443,
    0.285256913974));
#674 = CARTESIAN_POINT('',(-7.834227653392E-02,0.384670649908,
    0.285215371847));
#675 = CARTESIAN_POINT('',(-8.282108744313E-02,0.384447766788,
    0.28776293756));
#676 = CARTESIAN_POINT('',(-8.58678341681E-02,0.383998346803,
    0.292899831497));
#677 = ORIENTED_EDGE('',*,*,#678,.F.);
#678 = EDGE_CURVE('',#679,#670,#681,.T.);
#679 = VERTEX_POINT('',#680);
#680 = CARTESIAN_POINT('',(-6.241192726643E-02,0.384361746324,
    0.288746155967));
#681 = B_SPLINE_CURVE_WITH_KNOTS('',3,(#682,#683,#684,#685),
  .UNSPECIFIED.,.F.,.F.,(4,4),(7.,8.),.PIECEWISE_BEZIER_KNOTS.);
#682 = CARTESIAN_POINT('',(-6.241192726643E-02,0.384361746324,
    0.288746155967));
#683 = CARTESIAN_POINT('',(-6.489113412036E-02,0.384561743524,
    0.286460177508));
#684 = CARTESIAN_POINT('',(-6.823608376266E-02,0.38466440287,
    0.285286775821));
#685 = CARTESIAN_POINT('',(-7.246259339385E-02,0.384667015443,
    0.285256913974));
#686 = ORIENTED_EDGE('',*,*,#687,.F.);
#687 = EDGE_CURVE('',#688,#679,#690,.T.);
#688 = VERTEX_POINT('',#689);
#689 = CARTESIAN_POINT('',(-5.873459657193E-02,0.38355202093,
    0.298001359569));
#690 = B_SPLINE_CURVE_WITH_KNOTS('',3,(#691,#692,#693,#694),
  .UNSPECIFIED.,.F.,.F.,(4,4),(8.,9.),.PIECEWISE_BEZIER_KNOTS.);
#691 = CARTESIAN_POINT('',(-5.873459657193E-02,0.38355202093,
    0.298001359569));
#692 = CARTESIAN_POINT('',(-5.870694351412E-02,0.383891840659,
    0.294117202294));
#693 = CARTESIAN_POINT('',(-5.993272041229E-02,0.384161749124,
    0.291032134426));
#694 = CARTESIAN_POINT('',(-6.241192726643E-02,0.384361746324,
    0.288746155967));
#695 = ORIENTED_EDGE('',*,*,#696,.F.);
#696 = EDGE_CURVE('',#697,#688,#699,.T.);
#697 = VERTEX_POINT('',#698);
#698 = CARTESIAN_POINT('',(-7.329294514133E-02,0.382321295294,
    0.312068617956));
#699 = B_SPLINE_CURVE_WITH_KNOTS('',3,(#700,#701,#702,#703),
  .UNSPECIFIED.,.F.,.F.,(4,4),(9.,10.),.PIECEWISE_BEZIER_KNOTS.);
#700 = CARTESIAN_POINT('',(-7.329294514133E-02,0.382321295294,
    0.312068617956));
#701 = CARTESIAN_POINT('',(-6.364511901325E-02,0.382432235458,
    0.310800566088));
#702 = CARTESIAN_POINT('',(-5.879233615664E-02,0.382842477336,
    0.306111479959));
#703 = CARTESIAN_POINT('',(-5.873459657193E-02,0.38355202093,
    0.298001359569));
#704 = ORIENTED_EDGE('',*,*,#705,.F.);
#705 = EDGE_CURVE('',#706,#697,#708,.T.);
#706 = VERTEX_POINT('',#707);
#707 = CARTESIAN_POINT('',(-8.621924470136E-02,0.382171601267,
    0.31377962852));
#708 = B_SPLINE_CURVE_WITH_KNOTS('',1,(#709,#710),.UNSPECIFIED.,.F.,.F.,
  (2,2),(-1.303990742941E-02,0.),.PIECEWISE_BEZIER_KNOTS.);
#709 = CARTESIAN_POINT('',(-8.621924470136E-02,0.382171601267,
    0.31377962852));
#710 = CARTESIAN_POINT('',(-7.329294514133E-02,0.382321295294,
    0.312068617956));
#711 = ORIENTED_EDGE('',*,*,#712,.F.);
#712 = EDGE_CURVE('',#713,#706,#715,.T.);
#713 = VERTEX_POINT('',#714);
#714 = CARTESIAN_POINT('',(-7.746758076919E-02,0.381236397971,
    0.32446905111));
#715 = B_SPLINE_CURVE_WITH_KNOTS('',3,(#716,#717,#718,#719),
  .UNSPECIFIED.,.F.,.F.,(4,4),(11.,12.),.PIECEWISE_BEZIER_KNOTS.);
#716 = CARTESIAN_POINT('',(-7.746758076919E-02,0.381236397971,
    0.32446905111));
#717 = CARTESIAN_POINT('',(-8.334726390925E-02,0.381240032436,
    0.324427508983));
#718 = CARTESIAN_POINT('',(-8.62696838788E-02,0.381551770081,
    0.320864331389));
#719 = CARTESIAN_POINT('',(-8.621924470136E-02,0.382171601267,
    0.31377962852));
#720 = ORIENTED_EDGE('',*,*,#721,.F.);
#721 = EDGE_CURVE('',#617,#713,#722,.T.);
#722 = B_SPLINE_CURVE_WITH_KNOTS('',3,(#723,#724,#725,#726),
  .UNSPECIFIED.,.F.,.F.,(4,4),(12.,13.),.PIECEWISE_BEZIER_KNOTS.);
#723 = CARTESIAN_POINT('',(-6.314427936181E-02,0.381687003554,
    0.319318605722));
#724 = CARTESIAN_POINT('',(-6.747354601542E-02,0.381385185853,
    0.322768397837));
#725 = CARTESIAN_POINT('',(-7.224292864195E-02,0.381233168406,
    0.324505965202));
#726 = CARTESIAN_POINT('',(-7.746758076919E-02,0.381236397971,
    0.32446905111));
#727 = FACE_BOUND('',#728,.T.);
#728 = EDGE_LOOP('',(#729,#738,#745,#752,#759,#766,#773,#780));
#729 = ORIENTED_EDGE('',*,*,#730,.F.);
#730 = EDGE_CURVE('',#731,#733,#735,.T.);
#731 = VERTEX_POINT('',#732);
#732 = CARTESIAN_POINT('',(-0.264066701632,0.376259627336,0.38135379976)
  );
#733 = VERTEX_POINT('',#734);
#734 = CARTESIAN_POINT('',(-0.241261411697,0.370927764014,0.442297277874
    ));
#735 = B_SPLINE_CURVE_WITH_KNOTS('',1,(#736,#737),.UNSPECIFIED.,.F.,.F.,
  (2,2),(-6.528872444865E-02,6.087268988012E-17),
  .PIECEWISE_BEZIER_KNOTS.);
#736 = CARTESIAN_POINT('',(-0.264066701632,0.376259627336,0.38135379976)
  );
#737 = CARTESIAN_POINT('',(-0.241261411697,0.370927763886,0.442297277863
    ));
#738 = ORIENTED_EDGE('',*,*,#739,.F.);
#739 = EDGE_CURVE('',#740,#731,#742,.T.);
#740 = VERTEX_POINT('',#741);
#741 = CARTESIAN_POINT('',(-0.255364146746,0.37625424807,0.381415286527)
  );
#742 = B_SPLINE_CURVE_WITH_KNOTS('',1,(#743,#744),.UNSPECIFIED.,.F.,.F.,
  (2,2),(-8.702773759636E-03,0.),.PIECEWISE_BEZIER_KNOTS.);
#743 = CARTESIAN_POINT('',(-0.255364146746,0.376254247942,0.381415286516
    ));
#744 = CARTESIAN_POINT('',(-0.264066701632,0.376259627336,0.38135379976)
  );
#745 = ORIENTED_EDGE('',*,*,#746,.F.);
#746 = EDGE_CURVE('',#747,#740,#749,.T.);
#747 = VERTEX_POINT('',#748);
#748 = CARTESIAN_POINT('',(-0.24925970721,0.374795973074,0.398083446));
#749 = B_SPLINE_CURVE_WITH_KNOTS('',1,(#750,#751),.UNSPECIFIED.,.F.,.F.,
  (2,2),(-1.781062290385E-02,-3.306452830331E-17),
  .PIECEWISE_BEZIER_KNOTS.);
#750 = CARTESIAN_POINT('',(-0.24925970721,0.374795972946,0.398083445989)
  );
#751 = CARTESIAN_POINT('',(-0.255364146746,0.376254247942,0.381415286516
    ));
#752 = ORIENTED_EDGE('',*,*,#753,.F.);
#753 = EDGE_CURVE('',#754,#747,#756,.T.);
#754 = VERTEX_POINT('',#755);
#755 = CARTESIAN_POINT('',(-0.223853861493,0.374780268714,0.398262947658
    ));
#756 = B_SPLINE_CURVE_WITH_KNOTS('',1,(#757,#758),.UNSPECIFIED.,.F.,.F.,
  (2,2),(-2.540648468536E-02,1.745678108221E-18),
  .PIECEWISE_BEZIER_KNOTS.);
#757 = CARTESIAN_POINT('',(-0.223853861493,0.374780268586,0.398262947646
    ));
#758 = CARTESIAN_POINT('',(-0.24925970721,0.374795972946,0.398083445989)
  );
#759 = ORIENTED_EDGE('',*,*,#760,.F.);
#760 = EDGE_CURVE('',#761,#754,#763,.T.);
#761 = VERTEX_POINT('',#762);
#762 = CARTESIAN_POINT('',(-0.217871419238,0.37623107233,0.381680186445)
  );
#763 = B_SPLINE_CURVE_WITH_KNOTS('',1,(#764,#765),.UNSPECIFIED.,.F.,.F.,
  (2,2),(-1.768848257756E-02,-3.769332757415E-17),
  .PIECEWISE_BEZIER_KNOTS.);
#764 = CARTESIAN_POINT('',(-0.217871419238,0.376231072202,0.381680186434
    ));
#765 = CARTESIAN_POINT('',(-0.223853861493,0.374780268586,0.398262947646
    ));
#766 = ORIENTED_EDGE('',*,*,#767,.F.);
#767 = EDGE_CURVE('',#768,#761,#770,.T.);
#768 = VERTEX_POINT('',#769);
#769 = CARTESIAN_POINT('',(-0.209168864356,0.376225692935,0.381741673212
    ));
#770 = B_SPLINE_CURVE_WITH_KNOTS('',1,(#771,#772),.UNSPECIFIED.,.F.,.F.,
  (2,2),(-8.70277375922E-03,-3.957742971636E-12),
  .PIECEWISE_BEZIER_KNOTS.);
#771 = CARTESIAN_POINT('',(-0.209168864356,0.376225692807,0.381741673201
    ));
#772 = CARTESIAN_POINT('',(-0.217871419238,0.376231072201,0.381680186445
    ));
#773 = ORIENTED_EDGE('',*,*,#774,.F.);
#774 = EDGE_CURVE('',#775,#768,#777,.T.);
#775 = VERTEX_POINT('',#776);
#776 = CARTESIAN_POINT('',(-0.232839584388,0.370922558149,0.442356781186
    ));
#777 = B_SPLINE_CURVE_WITH_KNOTS('',1,(#778,#779),.UNSPECIFIED.,.F.,.F.,
  (2,2),(-6.528872444851E-02,3.886155736262E-17),
  .PIECEWISE_BEZIER_KNOTS.);
#778 = CARTESIAN_POINT('',(-0.232839584388,0.370922558021,0.442356781175
    ));
#779 = CARTESIAN_POINT('',(-0.209168864356,0.376225692807,0.381741673201
    ));
#780 = ORIENTED_EDGE('',*,*,#781,.F.);
#781 = EDGE_CURVE('',#733,#775,#782,.T.);
#782 = B_SPLINE_CURVE_WITH_KNOTS('',1,(#783,#784),.UNSPECIFIED.,.F.,.F.,
  (2,2),(-8.422039122135E-03,-1.425776699895E-19),
  .PIECEWISE_BEZIER_KNOTS.);
#783 = CARTESIAN_POINT('',(-0.241261411697,0.370927763886,0.442297277863
    ));
#784 = CARTESIAN_POINT('',(-0.232839584388,0.370922558021,0.442356781175
    ));
#785 = FACE_BOUND('',#786,.T.);
#786 = EDGE_LOOP('',(#787,#796,#803,#810,#819,#828,#837));
#787 = ORIENTED_EDGE('',*,*,#788,.F.);
#788 = EDGE_CURVE('',#789,#791,#793,.T.);
#789 = VERTEX_POINT('',#790);
#790 = CARTESIAN_POINT('',(-0.156111352306,0.376192895856,0.382116544066
    ));
#791 = VERTEX_POINT('',#792);
#792 = CARTESIAN_POINT('',(-0.172892623019,0.376203269153,0.381997978218
    ));
#793 = B_SPLINE_CURVE_WITH_KNOTS('',1,(#794,#795),.UNSPECIFIED.,.F.,.F.,
  (2,2),(-1.678169276936E-02,-2.764661275703E-17),
  .PIECEWISE_BEZIER_KNOTS.);
#794 = CARTESIAN_POINT('',(-0.156111352306,0.376192895856,0.382116544066
    ));
#795 = CARTESIAN_POINT('',(-0.172892623019,0.376203269025,0.381997978207
    ));
#796 = ORIENTED_EDGE('',*,*,#797,.F.);
#797 = EDGE_CURVE('',#798,#789,#800,.T.);
#798 = VERTEX_POINT('',#799);
#799 = CARTESIAN_POINT('',(-0.156544067355,0.370875396866,0.442895837115
    ));
#800 = B_SPLINE_CURVE_WITH_KNOTS('',1,(#801,#802),.UNSPECIFIED.,.F.,.F.,
  (2,2),(-6.10129945294E-02,0.),.PIECEWISE_BEZIER_KNOTS.);
#801 = CARTESIAN_POINT('',(-0.156544067355,0.370875396738,0.442895837104
    ));
#802 = CARTESIAN_POINT('',(-0.156111352306,0.376192895856,0.382116544066
    ));
#803 = ORIENTED_EDGE('',*,*,#804,.F.);
#804 = EDGE_CURVE('',#805,#798,#807,.T.);
#805 = VERTEX_POINT('',#806);
#806 = CARTESIAN_POINT('',(-0.173949177128,0.370886155654,0.442772863604
    ));
#807 = B_SPLINE_CURVE_WITH_KNOTS('',1,(#808,#809),.UNSPECIFIED.,.F.,.F.,
  (2,2),(-1.740554751927E-02,-5.004618174459E-19),
  .PIECEWISE_BEZIER_KNOTS.);
#808 = CARTESIAN_POINT('',(-0.173949177128,0.370886155527,0.442772863593
    ));
#809 = CARTESIAN_POINT('',(-0.156544067355,0.370875396738,0.442895837104
    ));
#810 = ORIENTED_EDGE('',*,*,#811,.F.);
#811 = EDGE_CURVE('',#812,#805,#814,.T.);
#812 = VERTEX_POINT('',#813);
#813 = CARTESIAN_POINT('',(-0.196958329234,0.371604520419,0.434561916771
    ));
#814 = B_SPLINE_CURVE_WITH_KNOTS('',3,(#815,#816,#817,#818),
  .UNSPECIFIED.,.F.,.F.,(4,4),(2.,3.),.PIECEWISE_BEZIER_KNOTS.);
#815 = CARTESIAN_POINT('',(-0.196958329234,0.371604520419,0.434561916771
    ));
#816 = CARTESIAN_POINT('',(-0.190867382302,0.371130421073,0.439980895616
    ));
#817 = CARTESIAN_POINT('',(-0.183197591192,0.370891872338,0.442707520141
    ));
#818 = CARTESIAN_POINT('',(-0.173949177128,0.370886155654,0.442772863604
    ));
#819 = ORIENTED_EDGE('',*,*,#820,.F.);
#820 = EDGE_CURVE('',#821,#812,#823,.T.);
#821 = VERTEX_POINT('',#822);
#822 = CARTESIAN_POINT('',(-0.206006425591,0.373496887444,0.412932062703
    ));
#823 = B_SPLINE_CURVE_WITH_KNOTS('',3,(#824,#825,#826,#827),
  .UNSPECIFIED.,.F.,.F.,(4,4),(3.,4.),.PIECEWISE_BEZIER_KNOTS.);
#824 = CARTESIAN_POINT('',(-0.206006425591,0.373496887444,0.412932062703
    ));
#825 = CARTESIAN_POINT('',(-0.206070580686,0.372708505545,0.421943307569
    ));
#826 = CARTESIAN_POINT('',(-0.203049276166,0.372078619509,0.429142937903
    ));
#827 = CARTESIAN_POINT('',(-0.196958329234,0.371604520419,0.434561916771
    ));
#828 = ORIENTED_EDGE('',*,*,#829,.F.);
#829 = EDGE_CURVE('',#830,#821,#832,.T.);
#830 = VERTEX_POINT('',#831);
#831 = CARTESIAN_POINT('',(-0.196643526824,0.375473028213,0.390344670352
    ));
#832 = B_SPLINE_CURVE_WITH_KNOTS('',3,(#833,#834,#835,#836),
  .UNSPECIFIED.,.F.,.F.,(4,4),(4.,5.),.PIECEWISE_BEZIER_KNOTS.);
#833 = CARTESIAN_POINT('',(-0.196643526824,0.375473028213,0.390344670352
    ));
#834 = CARTESIAN_POINT('',(-0.202813229665,0.374979320715,0.395987771404
    ));
#835 = CARTESIAN_POINT('',(-0.205939394579,0.374320610339,0.403516865457
    ));
#836 = CARTESIAN_POINT('',(-0.206006425591,0.373496887444,0.412932062703
    ));
#837 = ORIENTED_EDGE('',*,*,#838,.F.);
#838 = EDGE_CURVE('',#791,#830,#839,.T.);
#839 = B_SPLINE_CURVE_WITH_KNOTS('',3,(#840,#841,#842,#843),
  .UNSPECIFIED.,.F.,.F.,(4,4),(5.,6.),.PIECEWISE_BEZIER_KNOTS.);
#840 = CARTESIAN_POINT('',(-0.172892623019,0.376203269153,0.381997978218
    ));
#841 = CARTESIAN_POINT('',(-0.182546532472,0.376209236489,0.381929769781
    ));
#842 = CARTESIAN_POINT('',(-0.190473823983,0.375966735455,0.384701569279
    ));
#843 = CARTESIAN_POINT('',(-0.196643526824,0.375473028213,0.390344670352
    ));
#844 = FACE_BOUND('',#845,.T.);
#845 = EDGE_LOOP('',(#846,#855,#862,#869,#876,#883,#890,#897,#904,#911,
    #918,#925));
#846 = ORIENTED_EDGE('',*,*,#847,.F.);
#847 = EDGE_CURVE('',#848,#850,#852,.T.);
#848 = VERTEX_POINT('',#849);
#849 = CARTESIAN_POINT('',(-0.144585925673,0.376185771533,0.38219797545)
  );
#850 = VERTEX_POINT('',#851);
#851 = CARTESIAN_POINT('',(-0.144635258729,0.375579533265,0.38912731204)
  );
#852 = B_SPLINE_CURVE_WITH_KNOTS('',1,(#853,#854),.UNSPECIFIED.,.F.,.F.,
  (2,2),(-6.955980460135E-03,3.519549635502E-17),
  .PIECEWISE_BEZIER_KNOTS.);
#853 = CARTESIAN_POINT('',(-0.144585925673,0.376185771533,0.38219797545)
  );
#854 = CARTESIAN_POINT('',(-0.144635258729,0.375579533137,0.389127312028
    ));
#855 = ORIENTED_EDGE('',*,*,#856,.F.);
#856 = EDGE_CURVE('',#857,#848,#859,.T.);
#857 = VERTEX_POINT('',#858);
#858 = CARTESIAN_POINT('',(-0.11177199112,0.376165488068,0.382429817995)
  );
#859 = B_SPLINE_CURVE_WITH_KNOTS('',1,(#860,#861),.UNSPECIFIED.,.F.,.F.,
  (2,2),(-3.281475983879E-02,0.),.PIECEWISE_BEZIER_KNOTS.);
#860 = CARTESIAN_POINT('',(-0.11177199112,0.37616548794,0.382429817984)
  );
#861 = CARTESIAN_POINT('',(-0.144585925673,0.376185771533,0.38219797545)
  );
#862 = ORIENTED_EDGE('',*,*,#863,.F.);
#863 = EDGE_CURVE('',#864,#857,#866,.T.);
#864 = VERTEX_POINT('',#865);
#865 = CARTESIAN_POINT('',(-0.112204706168,0.37084798895,0.443209111033)
  );
#866 = B_SPLINE_CURVE_WITH_KNOTS('',1,(#867,#868),.UNSPECIFIED.,.F.,.F.,
  (2,2),(-6.10129945294E-02,2.049672232497E-17),
  .PIECEWISE_BEZIER_KNOTS.);
#867 = CARTESIAN_POINT('',(-0.112204706168,0.370847988822,0.443209111022
    ));
#868 = CARTESIAN_POINT('',(-0.11177199112,0.37616548794,0.382429817984)
  );
#869 = ORIENTED_EDGE('',*,*,#870,.F.);
#870 = EDGE_CURVE('',#871,#864,#873,.T.);
#871 = VERTEX_POINT('',#872);
#872 = CARTESIAN_POINT('',(-0.143630598814,0.37086741454,0.442987075527)
  );
#873 = B_SPLINE_CURVE_WITH_KNOTS('',1,(#874,#875),.UNSPECIFIED.,.F.,.F.,
  (2,2),(-3.142668302063E-02,-6.952977160069E-17),
  .PIECEWISE_BEZIER_KNOTS.);
#874 = CARTESIAN_POINT('',(-0.143630598814,0.370867414412,0.442987075516
    ));
#875 = CARTESIAN_POINT('',(-0.112204706168,0.370847988822,0.443209111022
    ));
#876 = ORIENTED_EDGE('',*,*,#877,.F.);
#877 = EDGE_CURVE('',#878,#871,#880,.T.);
#878 = VERTEX_POINT('',#879);
#879 = CARTESIAN_POINT('',(-0.14358082331,0.371479090053,0.435995592421)
  );
#880 = B_SPLINE_CURVE_WITH_KNOTS('',1,(#881,#882),.UNSPECIFIED.,.F.,.F.,
  (2,2),(-7.018365946278E-03,8.565602558107E-17),
  .PIECEWISE_BEZIER_KNOTS.);
#881 = CARTESIAN_POINT('',(-0.14358082331,0.371479089925,0.43599559241)
  );
#882 = CARTESIAN_POINT('',(-0.143630598814,0.370867414412,0.442987075516
    ));
#883 = ORIENTED_EDGE('',*,*,#884,.F.);
#884 = EDGE_CURVE('',#885,#878,#887,.T.);
#885 = VERTEX_POINT('',#886);
#886 = CARTESIAN_POINT('',(-0.120030898796,0.37146453291,0.436161981323)
  );
#887 = B_SPLINE_CURVE_WITH_KNOTS('',1,(#888,#889),.UNSPECIFIED.,.F.,.F.,
  (2,2),(-2.355051680457E-02,-8.449941089159E-18),
  .PIECEWISE_BEZIER_KNOTS.);
#888 = CARTESIAN_POINT('',(-0.120030898796,0.371464532782,0.436161981312
    ));
#889 = CARTESIAN_POINT('',(-0.14358082331,0.371479089924,0.435995592421)
  );
#890 = ORIENTED_EDGE('',*,*,#891,.F.);
#891 = EDGE_CURVE('',#892,#885,#894,.T.);
#892 = VERTEX_POINT('',#893);
#893 = CARTESIAN_POINT('',(-0.119892412283,0.373166350113,0.416710121678
    ));
#894 = B_SPLINE_CURVE_WITH_KNOTS('',1,(#895,#896),.UNSPECIFIED.,.F.,.F.,
  (2,2),(-1.952665367987E-02,3.519549651497E-17),
  .PIECEWISE_BEZIER_KNOTS.);
#895 = CARTESIAN_POINT('',(-0.119892412283,0.373166349985,0.416710121667
    ));
#896 = CARTESIAN_POINT('',(-0.120030898796,0.371464532782,0.436161981312
    ));
#897 = ORIENTED_EDGE('',*,*,#898,.F.);
#898 = EDGE_CURVE('',#899,#892,#901,.T.);
#899 = VERTEX_POINT('',#900);
#900 = CARTESIAN_POINT('',(-0.141711183405,0.37317983716,0.416555964035)
  );
#901 = B_SPLINE_CURVE_WITH_KNOTS('',1,(#902,#903),.UNSPECIFIED.,.F.,.F.,
  (2,2),(-2.181931987379E-02,-3.321668813431E-17),
  .PIECEWISE_BEZIER_KNOTS.);
#902 = CARTESIAN_POINT('',(-0.141711183405,0.373179837032,0.416555964024
    ));
#903 = CARTESIAN_POINT('',(-0.119892412283,0.373166349984,0.416710121678
    ));
#904 = ORIENTED_EDGE('',*,*,#905,.F.);
#905 = EDGE_CURVE('',#906,#899,#908,.T.);
#906 = VERTEX_POINT('',#907);
#907 = CARTESIAN_POINT('',(-0.141661629125,0.373788794115,0.409595554187
    ));
#908 = B_SPLINE_CURVE_WITH_KNOTS('',1,(#909,#910),.UNSPECIFIED.,.F.,.F.,
  (2,2),(-6.987173208824E-03,9.049402031271E-17),
  .PIECEWISE_BEZIER_KNOTS.);
#909 = CARTESIAN_POINT('',(-0.141661629125,0.373788793987,0.409595554176
    ));
#910 = CARTESIAN_POINT('',(-0.141711183405,0.373179837032,0.416555964024
    ));
#911 = ORIENTED_EDGE('',*,*,#912,.F.);
#912 = EDGE_CURVE('',#913,#906,#915,.T.);
#913 = VERTEX_POINT('',#914);
#914 = CARTESIAN_POINT('',(-0.119842858003,0.373775307067,0.409749711853
    ));
#915 = B_SPLINE_CURVE_WITH_KNOTS('',1,(#916,#917),.UNSPECIFIED.,.F.,.F.,
  (2,2),(-2.181931987379E-02,1.966282065678E-17),
  .PIECEWISE_BEZIER_KNOTS.);
#916 = CARTESIAN_POINT('',(-0.119842858003,0.373775306939,0.409749711842
    ));
#917 = CARTESIAN_POINT('',(-0.141661629125,0.373788793986,0.409595554187
    ));
#918 = ORIENTED_EDGE('',*,*,#919,.F.);
#919 = EDGE_CURVE('',#920,#913,#922,.T.);
#920 = VERTEX_POINT('',#921);
#921 = CARTESIAN_POINT('',(-0.119697292307,0.375564118121,0.389303507946
    ));
#922 = B_SPLINE_CURVE_WITH_KNOTS('',1,(#923,#924),.UNSPECIFIED.,.F.,.F.,
  (2,2),(-2.052482127923E-02,3.480180115686E-17),
  .PIECEWISE_BEZIER_KNOTS.);
#923 = CARTESIAN_POINT('',(-0.119697292307,0.375564117993,0.389303507935
    ));
#924 = CARTESIAN_POINT('',(-0.119842858003,0.373775306939,0.409749711842
    ));
#925 = ORIENTED_EDGE('',*,*,#926,.F.);
#926 = EDGE_CURVE('',#850,#920,#927,.T.);
#927 = B_SPLINE_CURVE_WITH_KNOTS('',1,(#928,#929),.UNSPECIFIED.,.F.,.F.,
  (2,2),(-2.493859362272E-02,-4.741769805521E-17),
  .PIECEWISE_BEZIER_KNOTS.);
#928 = CARTESIAN_POINT('',(-0.144635258729,0.375579533137,0.389127312028
    ));
#929 = CARTESIAN_POINT('',(-0.119697292307,0.375564117992,0.389303507946
    ));
#930 = FACE_BOUND('',#931,.T.);
#931 = EDGE_LOOP('',(#932,#941,#950,#959,#968,#977,#986,#995,#1002,#1011
    ,#1020,#1029,#1038,#1047));
#932 = ORIENTED_EDGE('',*,*,#933,.F.);
#933 = EDGE_CURVE('',#934,#936,#938,.T.);
#934 = VERTEX_POINT('',#935);
#935 = CARTESIAN_POINT('',(-9.957826070251E-02,0.375937736251,
    0.3850330317));
#936 = VERTEX_POINT('',#937);
#937 = CARTESIAN_POINT('',(-9.963179702243E-02,0.375279845256,
    0.392552760185));
#938 = B_SPLINE_CURVE_WITH_KNOTS('',1,(#939,#940),.UNSPECIFIED.,.F.,.F.,
  (2,2),(-7.548642472592E-03,0.),.PIECEWISE_BEZIER_KNOTS.);
#939 = CARTESIAN_POINT('',(-9.957826070251E-02,0.375937736251,
    0.3850330317));
#940 = CARTESIAN_POINT('',(-9.963179702243E-02,0.375279845256,
    0.392552760185));
#941 = ORIENTED_EDGE('',*,*,#942,.F.);
#942 = EDGE_CURVE('',#943,#934,#945,.T.);
#943 = VERTEX_POINT('',#944);
#944 = CARTESIAN_POINT('',(-8.26625985653E-02,0.376237211192,
    0.381610017463));
#945 = B_SPLINE_CURVE_WITH_KNOTS('',3,(#946,#947,#948,#949),
  .UNSPECIFIED.,.F.,.F.,(4,4),(0.,1.),.PIECEWISE_BEZIER_KNOTS.);
#946 = CARTESIAN_POINT('',(-8.26625985653E-02,0.376237211192,
    0.381610017463));
#947 = CARTESIAN_POINT('',(-8.943125236584E-02,0.376241395165,
    0.381562194431));
#948 = CARTESIAN_POINT('',(-9.506980641157E-02,0.376141570185,
    0.382703199176));
#949 = CARTESIAN_POINT('',(-9.957826070251E-02,0.375937736251,
    0.3850330317));
#950 = ORIENTED_EDGE('',*,*,#951,.F.);
#951 = EDGE_CURVE('',#952,#943,#954,.T.);
#952 = VERTEX_POINT('',#953);
#953 = CARTESIAN_POINT('',(-6.176067308214E-02,0.375498399559,
    0.390054674545));
#954 = B_SPLINE_CURVE_WITH_KNOTS('',3,(#955,#956,#957,#958),
  .UNSPECIFIED.,.F.,.F.,(4,4),(1.,2.),.PIECEWISE_BEZIER_KNOTS.);
#955 = CARTESIAN_POINT('',(-6.176067308214E-02,0.375498399559,
    0.390054674545));
#956 = CARTESIAN_POINT('',(-6.694594725505E-02,0.375985532289,
    0.384486720483));
#957 = CARTESIAN_POINT('',(-7.391325574937E-02,0.376231802876,
    0.381671834793));
#958 = CARTESIAN_POINT('',(-8.26625985653E-02,0.376237211192,
    0.381610017463));
#959 = ORIENTED_EDGE('',*,*,#960,.F.);
#960 = EDGE_CURVE('',#961,#952,#963,.T.);
#961 = VERTEX_POINT('',#962);
#962 = CARTESIAN_POINT('',(-5.408789857461E-02,0.373571539518,
    0.412078784123));
#963 = B_SPLINE_CURVE_WITH_KNOTS('',3,(#964,#965,#966,#967),
  .UNSPECIFIED.,.F.,.F.,(4,4),(2.,3.),.PIECEWISE_BEZIER_KNOTS.);
#964 = CARTESIAN_POINT('',(-5.408789857461E-02,0.373571539518,
    0.412078784123));
#965 = CARTESIAN_POINT('',(-5.40230798071E-02,0.374368076962,
    0.402974319471));
#966 = CARTESIAN_POINT('',(-5.657539890923E-02,0.375011266572,
    0.395622628585));
#967 = CARTESIAN_POINT('',(-6.176067308214E-02,0.375498399559,
    0.390054674545));
#968 = ORIENTED_EDGE('',*,*,#969,.F.);
#969 = EDGE_CURVE('',#970,#961,#972,.T.);
#970 = VERTEX_POINT('',#971);
#971 = CARTESIAN_POINT('',(-6.306775588796E-02,0.371510882443,
    0.43563220226));
#972 = B_SPLINE_CURVE_WITH_KNOTS('',3,(#973,#974,#975,#976),
  .UNSPECIFIED.,.F.,.F.,(4,4),(3.,4.),.PIECEWISE_BEZIER_KNOTS.);
#973 = CARTESIAN_POINT('',(-6.306775588796E-02,0.371510882443,
    0.43563220226));
#974 = CARTESIAN_POINT('',(-5.71455976511E-02,0.372029211082,
    0.429707678813));
#975 = CARTESIAN_POINT('',(-5.41575842803E-02,0.372715193801,
    0.421866860456));
#976 = CARTESIAN_POINT('',(-5.408789857461E-02,0.373571539518,
    0.412078784123));
#977 = ORIENTED_EDGE('',*,*,#978,.F.);
#978 = EDGE_CURVE('',#979,#970,#981,.T.);
#979 = VERTEX_POINT('',#980);
#980 = CARTESIAN_POINT('',(-8.554288676223E-02,0.370741791174,
    0.444422955697));
#981 = B_SPLINE_CURVE_WITH_KNOTS('',3,(#982,#983,#984,#985),
  .UNSPECIFIED.,.F.,.F.,(4,4),(4.,5.),.PIECEWISE_BEZIER_KNOTS.);
#982 = CARTESIAN_POINT('',(-8.554288676223E-02,0.370741791174,
    0.444422955697));
#983 = CARTESIAN_POINT('',(-7.648162441646E-02,0.370736190048,
    0.444486976853));
#984 = CARTESIAN_POINT('',(-6.898991412504E-02,0.370992553805,
    0.441556725708));
#985 = CARTESIAN_POINT('',(-6.306775588796E-02,0.371510882443,
    0.43563220226));
#986 = ORIENTED_EDGE('',*,*,#987,.F.);
#987 = EDGE_CURVE('',#988,#979,#990,.T.);
#988 = VERTEX_POINT('',#989);
#989 = CARTESIAN_POINT('',(-9.998265901994E-02,0.370968212535,
    0.441834947689));
#990 = B_SPLINE_CURVE_WITH_KNOTS('',3,(#991,#992,#993,#994),
  .UNSPECIFIED.,.F.,.F.,(4,4),(5.,6.),.PIECEWISE_BEZIER_KNOTS.);
#991 = CARTESIAN_POINT('',(-9.998265901994E-02,0.370968212535,
    0.441834947689));
#992 = CARTESIAN_POINT('',(-9.618896565067E-02,0.370821776691,
    0.443508717056));
#993 = CARTESIAN_POINT('',(-9.137578197285E-02,0.370745396717,
    0.444381744144));
#994 = CARTESIAN_POINT('',(-8.554288676223E-02,0.370741791174,
    0.444422955697));
#995 = ORIENTED_EDGE('',*,*,#996,.F.);
#996 = EDGE_CURVE('',#997,#988,#999,.T.);
#997 = VERTEX_POINT('',#998);
#998 = CARTESIAN_POINT('',(-9.992425576184E-02,0.371685911803,
    0.433631607525));
#999 = B_SPLINE_CURVE_WITH_KNOTS('',1,(#1000,#1001),.UNSPECIFIED.,.F.,
  .F.,(2,2),(-8.234882696995E-03,0.),.PIECEWISE_BEZIER_KNOTS.);
#1000 = CARTESIAN_POINT('',(-9.992425576184E-02,0.371685911803,
    0.433631607525));
#1001 = CARTESIAN_POINT('',(-9.998265901994E-02,0.370968212535,
    0.441834947689));
#1002 = ORIENTED_EDGE('',*,*,#1003,.F.);
#1003 = EDGE_CURVE('',#1004,#997,#1006,.T.);
#1004 = VERTEX_POINT('',#1005);
#1005 = CARTESIAN_POINT('',(-8.557042746739E-02,0.371361670562,
    0.437337701871));
#1006 = B_SPLINE_CURVE_WITH_KNOTS('',3,(#1007,#1008,#1009,#1010),
  .UNSPECIFIED.,.F.,.F.,(4,4),(7.,8.),.PIECEWISE_BEZIER_KNOTS.);
#1007 = CARTESIAN_POINT('',(-8.557042746739E-02,0.371361670562,
    0.437337701871));
#1008 = CARTESIAN_POINT('',(-9.079507959442E-02,0.371364900126,
    0.437300787779));
#1009 = CARTESIAN_POINT('',(-9.557463785019E-02,0.371471164955,
    0.436086175233));
#1010 = CARTESIAN_POINT('',(-9.992425576184E-02,0.371685911803,
    0.433631607525));
#1011 = ORIENTED_EDGE('',*,*,#1012,.F.);
#1012 = EDGE_CURVE('',#1013,#1004,#1015,.T.);
#1013 = VERTEX_POINT('',#1014);
#1014 = CARTESIAN_POINT('',(-6.889711081115E-02,0.371941320847,
    0.430712268787));
#1015 = B_SPLINE_CURVE_WITH_KNOTS('',3,(#1016,#1017,#1018,#1019),
  .UNSPECIFIED.,.F.,.F.,(4,4),(8.,9.),.PIECEWISE_BEZIER_KNOTS.);
#1016 = CARTESIAN_POINT('',(-6.889711081115E-02,0.371941320847,
    0.430712268787));
#1017 = CARTESIAN_POINT('',(-7.321808189532E-02,0.371549781097,
    0.435187588613));
#1018 = CARTESIAN_POINT('',(-7.877058171389E-02,0.371357467307,
    0.437385745286));
#1019 = CARTESIAN_POINT('',(-8.557042746739E-02,0.371361670562,
    0.437337701871));
#1020 = ORIENTED_EDGE('',*,*,#1021,.F.);
#1021 = EDGE_CURVE('',#1022,#1013,#1024,.T.);
#1022 = VERTEX_POINT('',#1023);
#1023 = CARTESIAN_POINT('',(-6.235708448615E-02,0.37353587061,
    0.412486481598));
#1024 = B_SPLINE_CURVE_WITH_KNOTS('',3,(#1025,#1026,#1027,#1028),
  .UNSPECIFIED.,.F.,.F.,(4,4),(9.,10.),.PIECEWISE_BEZIER_KNOTS.);
#1025 = CARTESIAN_POINT('',(-6.235708448615E-02,0.37353587061,
    0.412486481598));
#1026 = CARTESIAN_POINT('',(-6.241150570393E-02,0.372867105384,
    0.420130503115));
#1027 = CARTESIAN_POINT('',(-6.459151447878E-02,0.372335588796,
    0.426205765511));
#1028 = CARTESIAN_POINT('',(-6.889711081115E-02,0.371941320847,
    0.430712268787));
#1029 = ORIENTED_EDGE('',*,*,#1030,.F.);
#1030 = EDGE_CURVE('',#1031,#1022,#1033,.T.);
#1031 = VERTEX_POINT('',#1032);
#1032 = CARTESIAN_POINT('',(-6.822249621152E-02,0.375056527829,
    0.395105290056));
#1033 = B_SPLINE_CURVE_WITH_KNOTS('',3,(#1034,#1035,#1036,#1037),
  .UNSPECIFIED.,.F.,.F.,(4,4),(10.,11.),.PIECEWISE_BEZIER_KNOTS.);
#1034 = CARTESIAN_POINT('',(-6.822249621152E-02,0.375056527829,
    0.395105290056));
#1035 = CARTESIAN_POINT('',(-6.426045520358E-02,0.374678898882,
    0.399421608665));
#1036 = CARTESIAN_POINT('',(-6.230531796193E-02,0.374172013143,
    0.405215339179));
#1037 = CARTESIAN_POINT('',(-6.235708448615E-02,0.37353587061,
    0.412486481598));
#1038 = ORIENTED_EDGE('',*,*,#1039,.F.);
#1039 = EDGE_CURVE('',#1040,#1031,#1042,.T.);
#1040 = VERTEX_POINT('',#1041);
#1041 = CARTESIAN_POINT('',(-8.385088035374E-02,0.375626239436,
    0.388593456592));
#1042 = B_SPLINE_CURVE_WITH_KNOTS('',3,(#1043,#1044,#1045,#1046),
  .UNSPECIFIED.,.F.,.F.,(4,4),(11.,12.),.PIECEWISE_BEZIER_KNOTS.);
#1043 = CARTESIAN_POINT('',(-8.385088035374E-02,0.375626239436,
    0.388593456592));
#1044 = CARTESIAN_POINT('',(-7.739414608324E-02,0.375622248272,
    0.388639075797));
#1045 = CARTESIAN_POINT('',(-7.218475844392E-02,0.375431438217,
    0.390820044705));
#1046 = CARTESIAN_POINT('',(-6.822249621152E-02,0.375056527829,
    0.395105290056));
#1047 = ORIENTED_EDGE('',*,*,#1048,.F.);
#1048 = EDGE_CURVE('',#936,#1040,#1049,.T.);
#1049 = B_SPLINE_CURVE_WITH_KNOTS('',3,(#1050,#1051,#1052,#1053),
  .UNSPECIFIED.,.F.,.F.,(4,4),(12.,13.),.PIECEWISE_BEZIER_KNOTS.);
#1050 = CARTESIAN_POINT('',(-9.963179702243E-02,0.375279845256,
    0.392552760185));
#1051 = CARTESIAN_POINT('',(-9.515210121537E-02,0.375513602607,
    0.389880901438));
#1052 = CARTESIAN_POINT('',(-8.988652325883E-02,0.375629970306,
    0.388550812551));
#1053 = CARTESIAN_POINT('',(-8.385088035374E-02,0.375626239436,
    0.388593456592));
#1054 = FACE_BOUND('',#1055,.T.);
#1055 = EDGE_LOOP('',(#1056,#1065,#1072,#1079));
#1056 = ORIENTED_EDGE('',*,*,#1057,.T.);
#1057 = EDGE_CURVE('',#1058,#1060,#1062,.T.);
#1058 = VERTEX_POINT('',#1059);
#1059 = CARTESIAN_POINT('',(-0.510439109536,0.360248844441,
    0.564357887137));
#1060 = VERTEX_POINT('',#1061);
#1061 = CARTESIAN_POINT('',(0.510439109536,0.360248844441,0.564357887137
    ));
#1062 = B_SPLINE_CURVE_WITH_KNOTS('',1,(#1063,#1064),.UNSPECIFIED.,.F.,
  .F.,(2,2),(-1.066694777773,-4.581655870087E-02),
  .PIECEWISE_BEZIER_KNOTS.);
#1063 = CARTESIAN_POINT('',(-0.510439109536,0.360248844441,
    0.564357887137));
#1064 = CARTESIAN_POINT('',(0.510439109536,0.360248844441,0.564357887137
    ));
#1065 = ORIENTED_EDGE('',*,*,#1066,.T.);
#1066 = EDGE_CURVE('',#1060,#1067,#1069,.T.);
#1067 = VERTEX_POINT('',#1068);
#1068 = CARTESIAN_POINT('',(0.550190265095,0.4,0.1100001));
#1069 = B_SPLINE_CURVE_WITH_KNOTS('',1,(#1070,#1071),.UNSPECIFIED.,.F.,
  .F.,(2,2),(-0.3579552506,9.986710301405E-02),
  .PIECEWISE_BEZIER_KNOTS.);
#1070 = CARTESIAN_POINT('',(0.510439109536,0.360248844441,0.564357887137
    ));
#1071 = CARTESIAN_POINT('',(0.550190265095,0.4,0.1100001));
#1072 = ORIENTED_EDGE('',*,*,#1073,.T.);
#1073 = EDGE_CURVE('',#1067,#1074,#1076,.T.);
#1074 = VERTEX_POINT('',#1075);
#1075 = CARTESIAN_POINT('',(-0.550190265095,0.4,0.1100001));
#1076 = B_SPLINE_CURVE_WITH_KNOTS('',1,(#1077,#1078),.UNSPECIFIED.,.F.,
  .F.,(2,2),(-1.150190265095,-4.980973490459E-02),
  .PIECEWISE_BEZIER_KNOTS.);
#1077 = CARTESIAN_POINT('',(0.550190265095,0.4,0.1100001));
#1078 = CARTESIAN_POINT('',(-0.550190265095,0.4,0.1100001));
#1079 = ORIENTED_EDGE('',*,*,#1080,.T.);
#1080 = EDGE_CURVE('',#1074,#1058,#1081,.T.);
#1081 = B_SPLINE_CURVE_WITH_KNOTS('',1,(#1082,#1083),.UNSPECIFIED.,.F.,
  .F.,(2,2),(4.324809623046E-03,0.462147163237),
  .PIECEWISE_BEZIER_KNOTS.);
#1082 = CARTESIAN_POINT('',(-0.550190265095,0.4,0.1100001));
#1083 = CARTESIAN_POINT('',(-0.510439109536,0.360248844441,
    0.564357887137));
#1084 = FACE_BOUND('',#1085,.T.);
#1085 = EDGE_LOOP('',(#1086,#1095,#1102,#1109,#1116,#1123));
#1086 = ORIENTED_EDGE('',*,*,#1087,.F.);
#1087 = EDGE_CURVE('',#1088,#1090,#1092,.T.);
#1088 = VERTEX_POINT('',#1089);
#1089 = CARTESIAN_POINT('',(-5.138437011571E-02,0.376128159958,
    0.382856478768));
#1090 = VERTEX_POINT('',#1091);
#1091 = CARTESIAN_POINT('',(-5.143370317085E-02,0.37552192169,
    0.389785815358));
#1092 = B_SPLINE_CURVE_WITH_KNOTS('',1,(#1093,#1094),.UNSPECIFIED.,.F.,
  .F.,(2,2),(-6.955980460135E-03,-7.574603428202E-17),
  .PIECEWISE_BEZIER_KNOTS.);
#1093 = CARTESIAN_POINT('',(-5.138437011571E-02,0.376128159958,
    0.382856478768));
#1094 = CARTESIAN_POINT('',(-5.143370317085E-02,0.375521921562,
    0.389785815347));
#1095 = ORIENTED_EDGE('',*,*,#1096,.F.);
#1096 = EDGE_CURVE('',#1097,#1088,#1099,.T.);
#1097 = VERTEX_POINT('',#1098);
#1098 = CARTESIAN_POINT('',(-1.920987059818E-02,0.376108271753,
    0.383083803469));
#1099 = B_SPLINE_CURVE_WITH_KNOTS('',1,(#1100,#1101),.UNSPECIFIED.,.F.,
  .F.,(2,2),(-3.217530872057E-02,0.),.PIECEWISE_BEZIER_KNOTS.);
#1100 = CARTESIAN_POINT('',(-1.920987059818E-02,0.376108271625,
    0.383083803458));
#1101 = CARTESIAN_POINT('',(-5.138437011571E-02,0.376128159958,
    0.382856478768));
#1102 = ORIENTED_EDGE('',*,*,#1103,.F.);
#1103 = EDGE_CURVE('',#1104,#1097,#1106,.T.);
#1104 = VERTEX_POINT('',#1105);
#1105 = CARTESIAN_POINT('',(-1.964258564681E-02,0.370790772635,
    0.443863096508));
#1106 = B_SPLINE_CURVE_WITH_KNOTS('',1,(#1107,#1108),.UNSPECIFIED.,.F.,
  .F.,(2,2),(-6.10129945294E-02,2.010302733124E-17),
  .PIECEWISE_BEZIER_KNOTS.);
#1107 = CARTESIAN_POINT('',(-1.964258564681E-02,0.370790772507,
    0.443863096496));
#1108 = CARTESIAN_POINT('',(-1.920987059818E-02,0.376108271625,
    0.383083803458));
#1109 = ORIENTED_EDGE('',*,*,#1110,.F.);
#1110 = EDGE_CURVE('',#1111,#1104,#1113,.T.);
#1111 = VERTEX_POINT('',#1112);
#1112 = CARTESIAN_POINT('',(-2.751855377876E-02,0.370795641083,
    0.443807449892));
#1113 = B_SPLINE_CURVE_WITH_KNOTS('',1,(#1114,#1115),.UNSPECIFIED.,.F.,
  .F.,(2,2),(-7.876166216068E-03,-1.18100807582E-16),
  .PIECEWISE_BEZIER_KNOTS.);
#1114 = CARTESIAN_POINT('',(-2.751855377876E-02,0.370795640955,
    0.443807449881));
#1115 = CARTESIAN_POINT('',(-1.964258564681E-02,0.370790772507,
    0.443863096496));
#1116 = ORIENTED_EDGE('',*,*,#1117,.F.);
#1117 = EDGE_CURVE('',#1118,#1111,#1120,.T.);
#1118 = VERTEX_POINT('',#1119);
#1119 = CARTESIAN_POINT('',(-2.713517178519E-02,0.375506901805,
    0.389957493421));
#1120 = B_SPLINE_CURVE_WITH_KNOTS('',1,(#1121,#1122),.UNSPECIFIED.,.F.,
  .F.,(2,2),(-5.40570140805E-02,-1.970933233105E-17),
  .PIECEWISE_BEZIER_KNOTS.);
#1121 = CARTESIAN_POINT('',(-2.713517178519E-02,0.375506901678,
    0.389957493409));
#1122 = CARTESIAN_POINT('',(-2.751855377876E-02,0.370795640955,
    0.443807449881));
#1123 = ORIENTED_EDGE('',*,*,#1124,.F.);
#1124 = EDGE_CURVE('',#1090,#1118,#1125,.T.);
#1125 = B_SPLINE_CURVE_WITH_KNOTS('',1,(#1126,#1127),.UNSPECIFIED.,.F.,
  .F.,(2,2),(-2.42991425045E-02,1.05626325438E-16),
  .PIECEWISE_BEZIER_KNOTS.);
#1126 = CARTESIAN_POINT('',(-5.143370317085E-02,0.375521921562,
    0.389785815347));
#1127 = CARTESIAN_POINT('',(-2.713517178527E-02,0.375506901677,
    0.389957493421));
#1128 = FACE_BOUND('',#1129,.T.);
#1129 = EDGE_LOOP('',(#1130,#1139,#1146,#1153,#1160,#1167,#1174,#1181,
    #1188,#1195,#1202,#1209));
#1130 = ORIENTED_EDGE('',*,*,#1131,.F.);
#1131 = EDGE_CURVE('',#1132,#1134,#1136,.T.);
#1132 = VERTEX_POINT('',#1133);
#1133 = CARTESIAN_POINT('',(-5.133734564496E-02,0.384564240169,
    0.286431640731));
#1134 = VERTEX_POINT('',#1135);
#1135 = CARTESIAN_POINT('',(-5.13866787001E-02,0.3839580019,
    0.29336097732));
#1136 = B_SPLINE_CURVE_WITH_KNOTS('',1,(#1137,#1138),.UNSPECIFIED.,.F.,
  .F.,(2,2),(-6.955980460136E-03,1.238422838348E-17),
  .PIECEWISE_BEZIER_KNOTS.);
#1137 = CARTESIAN_POINT('',(-5.133734564496E-02,0.384564240169,
    0.286431640731));
#1138 = CARTESIAN_POINT('',(-5.13866787001E-02,0.383958001772,
    0.293360977309));
#1139 = ORIENTED_EDGE('',*,*,#1140,.F.);
#1140 = EDGE_CURVE('',#1141,#1132,#1143,.T.);
#1141 = VERTEX_POINT('',#1142);
#1142 = CARTESIAN_POINT('',(-1.852341109108E-02,0.384543956703,
    0.286663483276));
#1143 = B_SPLINE_CURVE_WITH_KNOTS('',1,(#1144,#1145),.UNSPECIFIED.,.F.,
  .F.,(2,2),(-3.2814759839E-02,0.),.PIECEWISE_BEZIER_KNOTS.);
#1144 = CARTESIAN_POINT('',(-1.852341109108E-02,0.384543956575,
    0.286663483264));
#1145 = CARTESIAN_POINT('',(-5.133734564496E-02,0.384564240169,
    0.286431640731));
#1146 = ORIENTED_EDGE('',*,*,#1147,.F.);
#1147 = EDGE_CURVE('',#1148,#1141,#1150,.T.);
#1148 = VERTEX_POINT('',#1149);
#1149 = CARTESIAN_POINT('',(-1.895612613971E-02,0.379226457585,
    0.347442776314));
#1150 = B_SPLINE_CURVE_WITH_KNOTS('',1,(#1151,#1152),.UNSPECIFIED.,.F.,
  .F.,(2,2),(-6.10129945294E-02,-7.54623457086E-18),
  .PIECEWISE_BEZIER_KNOTS.);
#1151 = CARTESIAN_POINT('',(-1.895612613971E-02,0.379226457457,
    0.347442776303));
#1152 = CARTESIAN_POINT('',(-1.852341109108E-02,0.384543956575,
    0.286663483264));
#1153 = ORIENTED_EDGE('',*,*,#1154,.F.);
#1154 = EDGE_CURVE('',#1155,#1148,#1157,.T.);
#1155 = VERTEX_POINT('',#1156);
#1156 = CARTESIAN_POINT('',(-5.03820187851E-02,0.379245883175,
    0.347220740808));
#1157 = B_SPLINE_CURVE_WITH_KNOTS('',1,(#1158,#1159),.UNSPECIFIED.,.F.,
  .F.,(2,2),(-3.142668302063E-02,1.373486087318E-17),
  .PIECEWISE_BEZIER_KNOTS.);
#1158 = CARTESIAN_POINT('',(-5.03820187851E-02,0.379245883047,
    0.347220740796));
#1159 = CARTESIAN_POINT('',(-1.895612613971E-02,0.379226457457,
    0.347442776303));
#1160 = ORIENTED_EDGE('',*,*,#1161,.F.);
#1161 = EDGE_CURVE('',#1162,#1155,#1164,.T.);
#1162 = VERTEX_POINT('',#1163);
#1163 = CARTESIAN_POINT('',(-5.033224328096E-02,0.379857558688,
    0.340229257702));
#1164 = B_SPLINE_CURVE_WITH_KNOTS('',1,(#1165,#1166),.UNSPECIFIED.,.F.,
  .F.,(2,2),(-7.018365946277E-03,4.082088097234E-17),
  .PIECEWISE_BEZIER_KNOTS.);
#1165 = CARTESIAN_POINT('',(-5.033224328096E-02,0.37985755856,
    0.34022925769));
#1166 = CARTESIAN_POINT('',(-5.03820187851E-02,0.379245883047,
    0.347220740796));
#1167 = ORIENTED_EDGE('',*,*,#1168,.F.);
#1168 = EDGE_CURVE('',#1169,#1162,#1171,.T.);
#1169 = VERTEX_POINT('',#1170);
#1170 = CARTESIAN_POINT('',(-2.67823187676E-02,0.379843001545,
    0.340395646603));
#1171 = B_SPLINE_CURVE_WITH_KNOTS('',1,(#1172,#1173),.UNSPECIFIED.,.F.,
  .F.,(2,2),(-2.355051680456E-02,1.279272644209E-17),
  .PIECEWISE_BEZIER_KNOTS.);
#1172 = CARTESIAN_POINT('',(-2.67823187676E-02,0.379843001417,
    0.340395646592));
#1173 = CARTESIAN_POINT('',(-5.033224328104E-02,0.379857558559,
    0.340229257702));
#1174 = ORIENTED_EDGE('',*,*,#1175,.F.);
#1175 = EDGE_CURVE('',#1176,#1169,#1178,.T.);
#1176 = VERTEX_POINT('',#1177);
#1177 = CARTESIAN_POINT('',(-2.6643832254E-02,0.381544818749,
    0.320943786959));
#1178 = B_SPLINE_CURVE_WITH_KNOTS('',1,(#1179,#1180),.UNSPECIFIED.,.F.,
  .F.,(2,2),(-1.952665367987E-02,-1.487133818637E-17),
  .PIECEWISE_BEZIER_KNOTS.);
#1179 = CARTESIAN_POINT('',(-2.6643832254E-02,0.381544818621,
    0.320943786948));
#1180 = CARTESIAN_POINT('',(-2.67823187676E-02,0.379843001417,
    0.340395646592));
#1181 = ORIENTED_EDGE('',*,*,#1182,.F.);
#1182 = EDGE_CURVE('',#1183,#1176,#1185,.T.);
#1183 = VERTEX_POINT('',#1184);
#1184 = CARTESIAN_POINT('',(-4.846260337623E-02,0.381558305795,
    0.320789629316));
#1185 = B_SPLINE_CURVE_WITH_KNOTS('',1,(#1186,#1187),.UNSPECIFIED.,.F.,
  .F.,(2,2),(-2.1819319874E-02,-1.411247226851E-16),
  .PIECEWISE_BEZIER_KNOTS.);
#1186 = CARTESIAN_POINT('',(-4.846260337623E-02,0.381558305667,
    0.320789629305));
#1187 = CARTESIAN_POINT('',(-2.664383225408E-02,0.38154481862,
    0.320943786959));
#1188 = ORIENTED_EDGE('',*,*,#1189,.F.);
#1189 = EDGE_CURVE('',#1190,#1183,#1192,.T.);
#1190 = VERTEX_POINT('',#1191);
#1191 = CARTESIAN_POINT('',(-4.841304909656E-02,0.38216726275,
    0.313829219468));
#1192 = B_SPLINE_CURVE_WITH_KNOTS('',1,(#1193,#1194),.UNSPECIFIED.,.F.,
  .F.,(2,2),(-6.987173208824E-03,7.152539680531E-18),
  .PIECEWISE_BEZIER_KNOTS.);
#1193 = CARTESIAN_POINT('',(-4.841304909656E-02,0.382167262622,
    0.313829219457));
#1194 = CARTESIAN_POINT('',(-4.846260337623E-02,0.381558305667,
    0.320789629305));
#1195 = ORIENTED_EDGE('',*,*,#1196,.F.);
#1196 = EDGE_CURVE('',#1197,#1190,#1199,.T.);
#1197 = VERTEX_POINT('',#1198);
#1198 = CARTESIAN_POINT('',(-2.659427797448E-02,0.382153775702,
    0.313983377134));
#1199 = B_SPLINE_CURVE_WITH_KNOTS('',1,(#1200,#1201),.UNSPECIFIED.,.F.,
  .F.,(2,2),(-2.1819319874E-02,4.745201089289E-17),
  .PIECEWISE_BEZIER_KNOTS.);
#1200 = CARTESIAN_POINT('',(-2.659427797448E-02,0.382153775574,
    0.313983377122));
#1201 = CARTESIAN_POINT('',(-4.841304909664E-02,0.382167262621,
    0.313829219468));
#1202 = ORIENTED_EDGE('',*,*,#1203,.F.);
#1203 = EDGE_CURVE('',#1204,#1197,#1206,.T.);
#1204 = VERTEX_POINT('',#1205);
#1205 = CARTESIAN_POINT('',(-2.644871227808E-02,0.383942586756,
    0.293537173227));
#1206 = B_SPLINE_CURVE_WITH_KNOTS('',1,(#1207,#1208),.UNSPECIFIED.,.F.,
  .F.,(2,2),(-2.052482127923E-02,3.556458546556E-17),
  .PIECEWISE_BEZIER_KNOTS.);
#1207 = CARTESIAN_POINT('',(-2.644871227808E-02,0.383942586628,
    0.293537173216));
#1208 = CARTESIAN_POINT('',(-2.659427797448E-02,0.382153775574,
    0.313983377122));
#1209 = ORIENTED_EDGE('',*,*,#1210,.F.);
#1210 = EDGE_CURVE('',#1134,#1204,#1211,.T.);
#1211 = B_SPLINE_CURVE_WITH_KNOTS('',1,(#1212,#1213),.UNSPECIFIED.,.F.,
  .F.,(2,2),(-2.493859362293E-02,8.785301712671E-17),
  .PIECEWISE_BEZIER_KNOTS.);
#1212 = CARTESIAN_POINT('',(-5.13866787001E-02,0.383958001772,
    0.293360977309));
#1213 = CARTESIAN_POINT('',(-2.644871227816E-02,0.383942586627,
    0.293537173227));
#1214 = FACE_BOUND('',#1215,.T.);
#1215 = EDGE_LOOP('',(#1216,#1225,#1232,#1239,#1246,#1253,#1260,#1267,
    #1274,#1281,#1288,#1295));
#1216 = ORIENTED_EDGE('',*,*,#1217,.F.);
#1217 = EDGE_CURVE('',#1218,#1220,#1222,.T.);
#1218 = VERTEX_POINT('',#1219);
#1219 = CARTESIAN_POINT('',(-0.220304155035,0.38466868525,0.285237827988
    ));
#1220 = VERTEX_POINT('',#1221);
#1221 = CARTESIAN_POINT('',(-0.22035348809,0.384062446982,0.292167164578
    ));
#1222 = B_SPLINE_CURVE_WITH_KNOTS('',1,(#1223,#1224),.UNSPECIFIED.,.F.,
  .F.,(2,2),(-6.955980460136E-03,-1.970933244054E-17),
  .PIECEWISE_BEZIER_KNOTS.);
#1223 = CARTESIAN_POINT('',(-0.220304155035,0.38466868525,0.285237827988
    ));
#1224 = CARTESIAN_POINT('',(-0.22035348809,0.384062446854,0.292167164567
    ));
#1225 = ORIENTED_EDGE('',*,*,#1226,.F.);
#1226 = EDGE_CURVE('',#1227,#1218,#1229,.T.);
#1227 = VERTEX_POINT('',#1228);
#1228 = CARTESIAN_POINT('',(-0.187490220481,0.384648401785,
    0.285469670533));
#1229 = B_SPLINE_CURVE_WITH_KNOTS('',1,(#1230,#1231),.UNSPECIFIED.,.F.,
  .F.,(2,2),(-3.2814759839E-02,0.),.PIECEWISE_BEZIER_KNOTS.);
#1230 = CARTESIAN_POINT('',(-0.187490220481,0.384648401657,
    0.285469670522));
#1231 = CARTESIAN_POINT('',(-0.220304155035,0.38466868525,0.285237827988
    ));
#1232 = ORIENTED_EDGE('',*,*,#1233,.F.);
#1233 = EDGE_CURVE('',#1234,#1227,#1236,.T.);
#1234 = VERTEX_POINT('',#1235);
#1235 = CARTESIAN_POINT('',(-0.18792293553,0.379330902667,0.346248963571
    ));
#1236 = B_SPLINE_CURVE_WITH_KNOTS('',1,(#1237,#1238),.UNSPECIFIED.,.F.,
  .F.,(2,2),(-6.10129945294E-02,-7.15253958198E-18),
  .PIECEWISE_BEZIER_KNOTS.);
#1237 = CARTESIAN_POINT('',(-0.18792293553,0.379330902539,0.34624896356)
  );
#1238 = CARTESIAN_POINT('',(-0.187490220481,0.384648401657,
    0.285469670522));
#1239 = ORIENTED_EDGE('',*,*,#1240,.F.);
#1240 = EDGE_CURVE('',#1241,#1234,#1243,.T.);
#1241 = VERTEX_POINT('',#1242);
#1242 = CARTESIAN_POINT('',(-0.219348828175,0.379350328256,
    0.346026928065));
#1243 = B_SPLINE_CURVE_WITH_KNOTS('',1,(#1244,#1245),.UNSPECIFIED.,.F.,
  .F.,(2,2),(-3.142668302063E-02,-1.111620881831E-16),
  .PIECEWISE_BEZIER_KNOTS.);
#1244 = CARTESIAN_POINT('',(-0.219348828175,0.379350328128,
    0.346026928054));
#1245 = CARTESIAN_POINT('',(-0.18792293553,0.379330902539,0.34624896356)
  );
#1246 = ORIENTED_EDGE('',*,*,#1247,.F.);
#1247 = EDGE_CURVE('',#1248,#1241,#1250,.T.);
#1248 = VERTEX_POINT('',#1249);
#1249 = CARTESIAN_POINT('',(-0.219299052671,0.379962003769,
    0.339035444959));
#1250 = B_SPLINE_CURVE_WITH_KNOTS('',1,(#1251,#1252),.UNSPECIFIED.,.F.,
  .F.,(2,2),(-7.018365946277E-03,7.939930202866E-18),
  .PIECEWISE_BEZIER_KNOTS.);
#1251 = CARTESIAN_POINT('',(-0.219299052671,0.379962003641,
    0.339035444948));
#1252 = CARTESIAN_POINT('',(-0.219348828175,0.379350328128,
    0.346026928054));
#1253 = ORIENTED_EDGE('',*,*,#1254,.F.);
#1254 = EDGE_CURVE('',#1255,#1248,#1257,.T.);
#1255 = VERTEX_POINT('',#1256);
#1256 = CARTESIAN_POINT('',(-0.195749128158,0.379947446627,
    0.339201833861));
#1257 = B_SPLINE_CURVE_WITH_KNOTS('',1,(#1258,#1259),.UNSPECIFIED.,.F.,
  .F.,(2,2),(-2.355051680436E-02,-8.057744403619E-18),
  .PIECEWISE_BEZIER_KNOTS.);
#1258 = CARTESIAN_POINT('',(-0.195749128158,0.379947446499,0.33920183385
    ));
#1259 = CARTESIAN_POINT('',(-0.219299052671,0.37996200364,0.339035444959
    ));
#1260 = ORIENTED_EDGE('',*,*,#1261,.F.);
#1261 = EDGE_CURVE('',#1262,#1255,#1264,.T.);
#1262 = VERTEX_POINT('',#1263);
#1263 = CARTESIAN_POINT('',(-0.195610641644,0.38164926383,0.319749974216
    ));
#1264 = B_SPLINE_CURVE_WITH_KNOTS('',1,(#1265,#1266),.UNSPECIFIED.,.F.,
  .F.,(2,2),(-1.952665367987E-02,3.480180129382E-17),
  .PIECEWISE_BEZIER_KNOTS.);
#1265 = CARTESIAN_POINT('',(-0.195610641644,0.381649263702,
    0.319749974205));
#1266 = CARTESIAN_POINT('',(-0.195749128158,0.379947446499,0.33920183385
    ));
#1267 = ORIENTED_EDGE('',*,*,#1268,.F.);
#1268 = EDGE_CURVE('',#1269,#1262,#1271,.T.);
#1269 = VERTEX_POINT('',#1270);
#1270 = CARTESIAN_POINT('',(-0.217429412766,0.381662750876,
    0.319595816573));
#1271 = B_SPLINE_CURVE_WITH_KNOTS('',1,(#1272,#1273),.UNSPECIFIED.,.F.,
  .F.,(2,2),(-2.181931987358E-02,-4.741769802285E-17),
  .PIECEWISE_BEZIER_KNOTS.);
#1272 = CARTESIAN_POINT('',(-0.217429412766,0.381662750748,
    0.319595816562));
#1273 = CARTESIAN_POINT('',(-0.195610641644,0.381649263701,
    0.319749974216));
#1274 = ORIENTED_EDGE('',*,*,#1275,.F.);
#1275 = EDGE_CURVE('',#1276,#1269,#1278,.T.);
#1276 = VERTEX_POINT('',#1277);
#1277 = CARTESIAN_POINT('',(-0.217379858486,0.382271707831,
    0.312635406725));
#1278 = B_SPLINE_CURVE_WITH_KNOTS('',1,(#1279,#1280),.UNSPECIFIED.,.F.,
  .F.,(2,2),(-6.987173208824E-03,1.277792356424E-17),
  .PIECEWISE_BEZIER_KNOTS.);
#1279 = CARTESIAN_POINT('',(-0.217379858486,0.382271707704,
    0.312635406714));
#1280 = CARTESIAN_POINT('',(-0.217429412766,0.381662750748,
    0.319595816562));
#1281 = ORIENTED_EDGE('',*,*,#1282,.F.);
#1282 = EDGE_CURVE('',#1283,#1276,#1285,.T.);
#1283 = VERTEX_POINT('',#1284);
#1284 = CARTESIAN_POINT('',(-0.195561087365,0.382258220783,
    0.312789564391));
#1285 = B_SPLINE_CURVE_WITH_KNOTS('',1,(#1286,#1287),.UNSPECIFIED.,.F.,
  .F.,(2,2),(-2.181931987358E-02,1.966282045519E-17),
  .PIECEWISE_BEZIER_KNOTS.);
#1286 = CARTESIAN_POINT('',(-0.195561087365,0.382258220655,0.31278956438
    ));
#1287 = CARTESIAN_POINT('',(-0.217379858487,0.382271707703,
    0.312635406725));
#1288 = ORIENTED_EDGE('',*,*,#1289,.F.);
#1289 = EDGE_CURVE('',#1290,#1283,#1292,.T.);
#1290 = VERTEX_POINT('',#1291);
#1291 = CARTESIAN_POINT('',(-0.195415521668,0.384047031837,
    0.292343360485));
#1292 = B_SPLINE_CURVE_WITH_KNOTS('',1,(#1293,#1294),.UNSPECIFIED.,.F.,
  .F.,(2,2),(-2.052482127923E-02,3.480180143077E-17),
  .PIECEWISE_BEZIER_KNOTS.);
#1293 = CARTESIAN_POINT('',(-0.195415521668,0.384047031709,
    0.292343360473));
#1294 = CARTESIAN_POINT('',(-0.195561087365,0.382258220655,0.31278956438
    ));
#1295 = ORIENTED_EDGE('',*,*,#1296,.F.);
#1296 = EDGE_CURVE('',#1220,#1290,#1297,.T.);
#1297 = B_SPLINE_CURVE_WITH_KNOTS('',1,(#1298,#1299),.UNSPECIFIED.,.F.,
  .F.,(2,2),(-2.493859362272E-02,-4.741769805485E-17),
  .PIECEWISE_BEZIER_KNOTS.);
#1298 = CARTESIAN_POINT('',(-0.22035348809,0.384062446854,0.292167164567
    ));
#1299 = CARTESIAN_POINT('',(-0.195415521668,0.384047031708,
    0.292343360485));
#1300 = FACE_BOUND('',#1301,.T.);
#1301 = EDGE_LOOP('',(#1302,#1311,#1318,#1325,#1334,#1343,#1352));
#1302 = ORIENTED_EDGE('',*,*,#1303,.F.);
#1303 = EDGE_CURVE('',#1304,#1306,#1308,.T.);
#1304 = VERTEX_POINT('',#1305);
#1305 = CARTESIAN_POINT('',(-0.231829581668,0.384675809573,
    0.285156396604));
#1306 = VERTEX_POINT('',#1307);
#1307 = CARTESIAN_POINT('',(-0.248610852381,0.38468618287,0.285037830756
    ));
#1308 = B_SPLINE_CURVE_WITH_KNOTS('',1,(#1309,#1310),.UNSPECIFIED.,.F.,
  .F.,(2,2),(-1.678169276936E-02,-5.556327599631E-17),
  .PIECEWISE_BEZIER_KNOTS.);
#1309 = CARTESIAN_POINT('',(-0.231829581668,0.384675809573,
    0.285156396604));
#1310 = CARTESIAN_POINT('',(-0.248610852381,0.384686182742,
    0.285037830745));
#1311 = ORIENTED_EDGE('',*,*,#1312,.F.);
#1312 = EDGE_CURVE('',#1313,#1304,#1315,.T.);
#1313 = VERTEX_POINT('',#1314);
#1314 = CARTESIAN_POINT('',(-0.232262296717,0.379358310583,
    0.345935689653));
#1315 = B_SPLINE_CURVE_WITH_KNOTS('',1,(#1316,#1317),.UNSPECIFIED.,.F.,
  .F.,(2,2),(-6.10129945294E-02,0.),.PIECEWISE_BEZIER_KNOTS.);
#1316 = CARTESIAN_POINT('',(-0.232262296717,0.379358310455,
    0.345935689642));
#1317 = CARTESIAN_POINT('',(-0.231829581668,0.384675809573,
    0.285156396604));
#1318 = ORIENTED_EDGE('',*,*,#1319,.F.);
#1319 = EDGE_CURVE('',#1320,#1313,#1322,.T.);
#1320 = VERTEX_POINT('',#1321);
#1321 = CARTESIAN_POINT('',(-0.249667406489,0.379369069371,
    0.345812716142));
#1322 = B_SPLINE_CURVE_WITH_KNOTS('',1,(#1323,#1324),.UNSPECIFIED.,.F.,
  .F.,(2,2),(-1.740554751886E-02,-2.773566998731E-17),
  .PIECEWISE_BEZIER_KNOTS.);
#1323 = CARTESIAN_POINT('',(-0.249667406489,0.379369069243,
    0.345812716131));
#1324 = CARTESIAN_POINT('',(-0.232262296717,0.379358310455,
    0.345935689642));
#1325 = ORIENTED_EDGE('',*,*,#1326,.F.);
#1326 = EDGE_CURVE('',#1327,#1320,#1329,.T.);
#1327 = VERTEX_POINT('',#1328);
#1328 = CARTESIAN_POINT('',(-0.272676558595,0.380087434136,
    0.337601769309));
#1329 = B_SPLINE_CURVE_WITH_KNOTS('',3,(#1330,#1331,#1332,#1333),
  .UNSPECIFIED.,.F.,.F.,(4,4),(2.,3.),.PIECEWISE_BEZIER_KNOTS.);
#1330 = CARTESIAN_POINT('',(-0.272676558595,0.380087434136,
    0.337601769309));
#1331 = CARTESIAN_POINT('',(-0.266585611664,0.37961333479,0.343020748154
    ));
#1332 = CARTESIAN_POINT('',(-0.258915820553,0.379374786055,
    0.345747372679));
#1333 = CARTESIAN_POINT('',(-0.249667406489,0.379369069371,
    0.345812716142));
#1334 = ORIENTED_EDGE('',*,*,#1335,.F.);
#1335 = EDGE_CURVE('',#1336,#1327,#1338,.T.);
#1336 = VERTEX_POINT('',#1337);
#1337 = CARTESIAN_POINT('',(-0.281724654953,0.381979801161,0.31597191524
    ));
#1338 = B_SPLINE_CURVE_WITH_KNOTS('',3,(#1339,#1340,#1341,#1342),
  .UNSPECIFIED.,.F.,.F.,(4,4),(3.,4.),.PIECEWISE_BEZIER_KNOTS.);
#1339 = CARTESIAN_POINT('',(-0.281724654953,0.381979801161,0.31597191524
    ));
#1340 = CARTESIAN_POINT('',(-0.281788810047,0.381191419262,
    0.324983160107));
#1341 = CARTESIAN_POINT('',(-0.278767505527,0.380561533226,
    0.332182790441));
#1342 = CARTESIAN_POINT('',(-0.272676558595,0.380087434136,
    0.337601769309));
#1343 = ORIENTED_EDGE('',*,*,#1344,.F.);
#1344 = EDGE_CURVE('',#1345,#1336,#1347,.T.);
#1345 = VERTEX_POINT('',#1346);
#1346 = CARTESIAN_POINT('',(-0.272361756185,0.38395594193,0.293384522891
    ));
#1347 = B_SPLINE_CURVE_WITH_KNOTS('',3,(#1348,#1349,#1350,#1351),
  .UNSPECIFIED.,.F.,.F.,(4,4),(4.,5.),.PIECEWISE_BEZIER_KNOTS.);
#1348 = CARTESIAN_POINT('',(-0.272361756185,0.38395594193,0.293384522891
    ));
#1349 = CARTESIAN_POINT('',(-0.278531459026,0.383462234432,
    0.299027623942));
#1350 = CARTESIAN_POINT('',(-0.281657623941,0.382803524056,
    0.306556717994));
#1351 = CARTESIAN_POINT('',(-0.281724654953,0.381979801161,0.31597191524
    ));
#1352 = ORIENTED_EDGE('',*,*,#1353,.F.);
#1353 = EDGE_CURVE('',#1306,#1345,#1354,.T.);
#1354 = B_SPLINE_CURVE_WITH_KNOTS('',3,(#1355,#1356,#1357,#1358),
  .UNSPECIFIED.,.F.,.F.,(4,4),(5.,6.),.PIECEWISE_BEZIER_KNOTS.);
#1355 = CARTESIAN_POINT('',(-0.248610852381,0.38468618287,0.285037830756
    ));
#1356 = CARTESIAN_POINT('',(-0.258264761834,0.384692150206,
    0.284969622319));
#1357 = CARTESIAN_POINT('',(-0.266192053345,0.384449649172,
    0.287741421817));
#1358 = CARTESIAN_POINT('',(-0.272361756185,0.38395594193,0.293384522891
    ));
#1359 = FACE_BOUND('',#1360,.T.);
#1360 = EDGE_LOOP('',(#1361,#1370,#1377,#1384,#1391,#1398,#1405,#1412));
#1361 = ORIENTED_EDGE('',*,*,#1362,.F.);
#1362 = EDGE_CURVE('',#1363,#1365,#1367,.T.);
#1363 = VERTEX_POINT('',#1364);
#1364 = CARTESIAN_POINT('',(-0.339784930994,0.384742541053,
    0.284393652298));
#1365 = VERTEX_POINT('',#1366);
#1366 = CARTESIAN_POINT('',(-0.316979641059,0.379410677731,
    0.345337130412));
#1367 = B_SPLINE_CURVE_WITH_KNOTS('',1,(#1368,#1369),.UNSPECIFIED.,.F.,
  .F.,(2,2),(-6.528872444851E-02,-1.883723750403E-17),
  .PIECEWISE_BEZIER_KNOTS.);
#1368 = CARTESIAN_POINT('',(-0.339784930994,0.384742541053,
    0.284393652298));
#1369 = CARTESIAN_POINT('',(-0.316979641059,0.379410677603,
    0.345337130401));
#1370 = ORIENTED_EDGE('',*,*,#1371,.F.);
#1371 = EDGE_CURVE('',#1372,#1363,#1374,.T.);
#1372 = VERTEX_POINT('',#1373);
#1373 = CARTESIAN_POINT('',(-0.331082376107,0.384737161787,
    0.284455139065));
#1374 = B_SPLINE_CURVE_WITH_KNOTS('',1,(#1375,#1376),.UNSPECIFIED.,.F.,
  .F.,(2,2),(-8.70277375922E-03,0.),.PIECEWISE_BEZIER_KNOTS.);
#1375 = CARTESIAN_POINT('',(-0.331082376107,0.384737161659,
    0.284455139054));
#1376 = CARTESIAN_POINT('',(-0.339784930994,0.384742541053,
    0.284393652298));
#1377 = ORIENTED_EDGE('',*,*,#1378,.F.);
#1378 = EDGE_CURVE('',#1379,#1372,#1381,.T.);
#1379 = VERTEX_POINT('',#1380);
#1380 = CARTESIAN_POINT('',(-0.324977936571,0.383278886791,
    0.301123298538));
#1381 = B_SPLINE_CURVE_WITH_KNOTS('',1,(#1382,#1383),.UNSPECIFIED.,.F.,
  .F.,(2,2),(-1.781062290361E-02,-2.851945851143E-17),
  .PIECEWISE_BEZIER_KNOTS.);
#1382 = CARTESIAN_POINT('',(-0.324977936571,0.383278886663,
    0.301123298527));
#1383 = CARTESIAN_POINT('',(-0.331082376107,0.384737161659,
    0.284455139054));
#1384 = ORIENTED_EDGE('',*,*,#1385,.F.);
#1385 = EDGE_CURVE('',#1386,#1379,#1388,.T.);
#1386 = VERTEX_POINT('',#1387);
#1387 = CARTESIAN_POINT('',(-0.299572090854,0.383263182431,
    0.301302800195));
#1388 = B_SPLINE_CURVE_WITH_KNOTS('',1,(#1389,#1390),.UNSPECIFIED.,.F.,
  .F.,(2,2),(-2.540648468536E-02,-2.496189750709E-19),
  .PIECEWISE_BEZIER_KNOTS.);
#1389 = CARTESIAN_POINT('',(-0.299572090854,0.383263182303,
    0.301302800184));
#1390 = CARTESIAN_POINT('',(-0.324977936571,0.383278886663,
    0.301123298527));
#1391 = ORIENTED_EDGE('',*,*,#1392,.F.);
#1392 = EDGE_CURVE('',#1393,#1386,#1395,.T.);
#1393 = VERTEX_POINT('',#1394);
#1394 = CARTESIAN_POINT('',(-0.293589648599,0.384713986047,
    0.284720038983));
#1395 = B_SPLINE_CURVE_WITH_KNOTS('',1,(#1396,#1397),.UNSPECIFIED.,.F.,
  .F.,(2,2),(-1.768848257717E-02,2.58762061981E-17),
  .PIECEWISE_BEZIER_KNOTS.);
#1396 = CARTESIAN_POINT('',(-0.293589648599,0.384713985919,
    0.284720038972));
#1397 = CARTESIAN_POINT('',(-0.299572090854,0.383263182303,
    0.301302800184));
#1398 = ORIENTED_EDGE('',*,*,#1399,.F.);
#1399 = EDGE_CURVE('',#1400,#1393,#1402,.T.);
#1400 = VERTEX_POINT('',#1401);
#1401 = CARTESIAN_POINT('',(-0.284887093717,0.384708606652,0.28478152575
    ));
#1402 = B_SPLINE_CURVE_WITH_KNOTS('',1,(#1403,#1404),.UNSPECIFIED.,.F.,
  .F.,(2,2),(-8.702773759636E-03,-3.957770402942E-12),
  .PIECEWISE_BEZIER_KNOTS.);
#1403 = CARTESIAN_POINT('',(-0.284887093717,0.384708606524,
    0.284781525739));
#1404 = CARTESIAN_POINT('',(-0.293589648599,0.384713985918,
    0.284720038983));
#1405 = ORIENTED_EDGE('',*,*,#1406,.F.);
#1406 = EDGE_CURVE('',#1407,#1400,#1409,.T.);
#1407 = VERTEX_POINT('',#1408);
#1408 = CARTESIAN_POINT('',(-0.308557813749,0.379405471866,
    0.345396633724));
#1409 = B_SPLINE_CURVE_WITH_KNOTS('',1,(#1410,#1411),.UNSPECIFIED.,.F.,
  .F.,(2,2),(-6.528872444865E-02,-3.280171040806E-17),
  .PIECEWISE_BEZIER_KNOTS.);
#1410 = CARTESIAN_POINT('',(-0.308557813749,0.379405471738,
    0.345396633713));
#1411 = CARTESIAN_POINT('',(-0.284887093717,0.384708606524,
    0.284781525739));
#1412 = ORIENTED_EDGE('',*,*,#1413,.F.);
#1413 = EDGE_CURVE('',#1365,#1407,#1414,.T.);
#1414 = B_SPLINE_CURVE_WITH_KNOTS('',1,(#1415,#1416),.UNSPECIFIED.,.F.,
  .F.,(2,2),(-8.422039122551E-03,5.352049980345E-20),
  .PIECEWISE_BEZIER_KNOTS.);
#1415 = CARTESIAN_POINT('',(-0.316979641059,0.379410677603,
    0.345337130401));
#1416 = CARTESIAN_POINT('',(-0.308557813749,0.379405471738,
    0.345396633713));
#1417 = B_SPLINE_SURFACE_WITH_KNOTS('',1,1,(
    (#1418,#1419)
    ,(#1420,#1421
    )),.UNSPECIFIED.,.F.,.F.,.F.,(2,2),(2,2),(0.,0.456093360071),(
    4.980973490459E-02,1.150190265095),.PIECEWISE_BEZIER_KNOTS.);
#1418 = CARTESIAN_POINT('',(-0.550190265095,0.4,0.1100001));
#1419 = CARTESIAN_POINT('',(0.550190265095,0.4,0.1100001));
#1420 = CARTESIAN_POINT('',(-0.550190265095,0.360248844441,
    0.564357887137));
#1421 = CARTESIAN_POINT('',(0.550190265095,0.360248844441,0.564357887137
    ));
#1422 = ADVANCED_FACE('',(#1423),#1453,.T.);
#1423 = FACE_BOUND('',#1424,.T.);
#1424 = EDGE_LOOP('',(#1425,#1434,#1441,#1448));
#1425 = ORIENTED_EDGE('',*,*,#1426,.F.);
#1426 = EDGE_CURVE('',#1427,#1429,#1431,.T.);
#1427 = VERTEX_POINT('',#1428);
#1428 = CARTESIAN_POINT('',(-0.365472499498,0.310439109536,0.6100001));
#1429 = VERTEX_POINT('',#1430);
#1430 = CARTESIAN_POINT('',(-0.365472499498,-0.310439109536,0.6100001));
#1431 = B_SPLINE_CURVE_WITH_KNOTS('',1,(#1432,#1433),.UNSPECIFIED.,.F.,
  .F.,(2,2),(0.528175152619,1.149053371692),.PIECEWISE_BEZIER_KNOTS.);
#1432 = CARTESIAN_POINT('',(-0.365472499498,0.310439109536,0.6100001));
#1433 = CARTESIAN_POINT('',(-0.365472499498,-0.310439109536,0.6100001));
#1434 = ORIENTED_EDGE('',*,*,#1435,.T.);
#1435 = EDGE_CURVE('',#1427,#1436,#1438,.T.);
#1436 = VERTEX_POINT('',#1437);
#1437 = CARTESIAN_POINT('',(-0.510439109536,0.310439109536,0.6100001));
#1438 = B_SPLINE_CURVE_WITH_KNOTS('',1,(#1439,#1440),.UNSPECIFIED.,.F.,
  .F.,(2,2),(-0.190783168739,-4.581655870087E-02),
  .PIECEWISE_BEZIER_KNOTS.);
#1439 = CARTESIAN_POINT('',(-0.365472499498,0.310439109536,0.6100001));
#1440 = CARTESIAN_POINT('',(-0.510439109536,0.310439109536,0.6100001));
#1441 = ORIENTED_EDGE('',*,*,#1442,.T.);
#1442 = EDGE_CURVE('',#1436,#1443,#1445,.T.);
#1443 = VERTEX_POINT('',#1444);
#1444 = CARTESIAN_POINT('',(-0.510439109536,-0.310439109536,0.6100001));
#1445 = B_SPLINE_CURVE_WITH_KNOTS('',1,(#1446,#1447),.UNSPECIFIED.,.F.,
  .F.,(2,2),(-0.666694777773,-4.581655870087E-02),
  .PIECEWISE_BEZIER_KNOTS.);
#1446 = CARTESIAN_POINT('',(-0.510439109536,0.310439109536,0.6100001));
#1447 = CARTESIAN_POINT('',(-0.510439109536,-0.310439109536,0.6100001));
#1448 = ORIENTED_EDGE('',*,*,#1449,.T.);
#1449 = EDGE_CURVE('',#1443,#1429,#1450,.T.);
#1450 = B_SPLINE_CURVE_WITH_KNOTS('',1,(#1451,#1452),.UNSPECIFIED.,.F.,
  .F.,(2,2),(-1.066694777773,-0.921728167735),.PIECEWISE_BEZIER_KNOTS.);
#1451 = CARTESIAN_POINT('',(-0.510439109536,-0.310439109536,0.6100001));
#1452 = CARTESIAN_POINT('',(-0.365472499498,-0.310439109536,0.6100001));
#1453 = B_SPLINE_SURFACE_WITH_KNOTS('',1,1,(
    (#1454,#1455)
    ,(#1456,#1457
    )),.UNSPECIFIED.,.F.,.F.,.F.,(2,2),(2,2),(-0.510439109536,
    -0.365472499498),(-0.310439109536,0.310439109536),
  .PIECEWISE_BEZIER_KNOTS.);
#1454 = CARTESIAN_POINT('',(-0.510439109536,-0.310439109536,0.6100001));
#1455 = CARTESIAN_POINT('',(-0.510439109536,0.310439109536,0.6100001));
#1456 = CARTESIAN_POINT('',(-0.365472499498,-0.310439109536,0.6100001));
#1457 = CARTESIAN_POINT('',(-0.365472499498,0.310439109536,0.6100001));
#1458 = ADVANCED_FACE('',(#1459),#1489,.T.);
#1459 = FACE_BOUND('',#1460,.T.);
#1460 = EDGE_LOOP('',(#1461,#1470,#1477,#1484));
#1461 = ORIENTED_EDGE('',*,*,#1462,.F.);
#1462 = EDGE_CURVE('',#1463,#1465,#1467,.T.);
#1463 = VERTEX_POINT('',#1464);
#1464 = CARTESIAN_POINT('',(0.6,-0.350190265095,0.1100001));
#1465 = VERTEX_POINT('',#1466);
#1466 = CARTESIAN_POINT('',(0.6,-0.15,0.1100001));
#1467 = B_SPLINE_CURVE_WITH_KNOTS('',1,(#1468,#1469),.UNSPECIFIED.,.F.,
  .F.,(2,2),(-0.750190265095,-0.55),.PIECEWISE_BEZIER_KNOTS.);
#1468 = CARTESIAN_POINT('',(0.6,-0.350190265095,0.1100001));
#1469 = CARTESIAN_POINT('',(0.6,-0.15,0.1100001));
#1470 = ORIENTED_EDGE('',*,*,#1471,.T.);
#1471 = EDGE_CURVE('',#1463,#1472,#1474,.T.);
#1472 = VERTEX_POINT('',#1473);
#1473 = CARTESIAN_POINT('',(0.591251133647,-0.341441398743,1.00001E-02)
  );
#1474 = B_SPLINE_CURVE_WITH_KNOTS('',1,(#1475,#1476),.UNSPECIFIED.,.F.,
  .F.,(2,2),(-6.513646546835E-02,3.562605397668E-02),
  .PIECEWISE_BEZIER_KNOTS.);
#1475 = CARTESIAN_POINT('',(0.6,-0.350190265095,0.1100001));
#1476 = CARTESIAN_POINT('',(0.591251133647,-0.341441398743,1.00001E-02)
  );
#1477 = ORIENTED_EDGE('',*,*,#1478,.T.);
#1478 = EDGE_CURVE('',#1472,#1479,#1481,.T.);
#1479 = VERTEX_POINT('',#1480);
#1480 = CARTESIAN_POINT('',(0.591251133647,-0.15,1.00001E-02));
#1481 = B_SPLINE_CURVE_WITH_KNOTS('',1,(#1482,#1483),.UNSPECIFIED.,.F.,
  .F.,(2,2),(-0.341441398743,-0.15),.PIECEWISE_BEZIER_KNOTS.);
#1482 = CARTESIAN_POINT('',(0.591251133647,-0.341441398743,1.00001E-02)
  );
#1483 = CARTESIAN_POINT('',(0.591251133647,-0.15,1.00001E-02));
#1484 = ORIENTED_EDGE('',*,*,#1485,.T.);
#1485 = EDGE_CURVE('',#1479,#1465,#1486,.T.);
#1486 = B_SPLINE_CURVE_WITH_KNOTS('',1,(#1487,#1488),.UNSPECIFIED.,.F.,
  .F.,(2,2),(-0.100381983754,-2.900663860548E-17),
  .PIECEWISE_BEZIER_KNOTS.);
#1487 = CARTESIAN_POINT('',(0.591251133647,-0.15,1.00001E-02));
#1488 = CARTESIAN_POINT('',(0.6,-0.15,0.1100001));
#1489 = B_SPLINE_SURFACE_WITH_KNOTS('',1,1,(
    (#1490,#1491)
    ,(#1492,#1493
    )),.UNSPECIFIED.,.F.,.F.,.F.,(2,2),(2,2),(3.449424268641E-18,
    0.100381983754),(-0.750190265095,-0.55),.PIECEWISE_BEZIER_KNOTS.);
#1490 = CARTESIAN_POINT('',(0.6,-0.350190265095,0.1100001));
#1491 = CARTESIAN_POINT('',(0.6,-0.15,0.1100001));
#1492 = CARTESIAN_POINT('',(0.591251133647,-0.350190265095,1.00001E-02)
  );
#1493 = CARTESIAN_POINT('',(0.591251133647,-0.15,1.00001E-02));
#1494 = ADVANCED_FACE('',(#1495),#1525,.T.);
#1495 = FACE_BOUND('',#1496,.T.);
#1496 = EDGE_LOOP('',(#1497,#1506,#1513,#1520));
#1497 = ORIENTED_EDGE('',*,*,#1498,.T.);
#1498 = EDGE_CURVE('',#1499,#1501,#1503,.T.);
#1499 = VERTEX_POINT('',#1500);
#1500 = CARTESIAN_POINT('',(0.591251133647,0.15,1.00001E-02));
#1501 = VERTEX_POINT('',#1502);
#1502 = CARTESIAN_POINT('',(0.591251133647,0.341441398743,1.00001E-02));
#1503 = B_SPLINE_CURVE_WITH_KNOTS('',1,(#1504,#1505),.UNSPECIFIED.,.F.,
  .F.,(2,2),(0.15,0.341441398743),.PIECEWISE_BEZIER_KNOTS.);
#1504 = CARTESIAN_POINT('',(0.591251133647,0.15,1.00001E-02));
#1505 = CARTESIAN_POINT('',(0.591251133647,0.341441398743,1.00001E-02));
#1506 = ORIENTED_EDGE('',*,*,#1507,.T.);
#1507 = EDGE_CURVE('',#1501,#1508,#1510,.T.);
#1508 = VERTEX_POINT('',#1509);
#1509 = CARTESIAN_POINT('',(0.6,0.350190265095,0.1100001));
#1510 = B_SPLINE_CURVE_WITH_KNOTS('',1,(#1511,#1512),.UNSPECIFIED.,.F.,
  .F.,(2,2),(-0.105087329068,-4.324809623046E-03),
  .PIECEWISE_BEZIER_KNOTS.);
#1511 = CARTESIAN_POINT('',(0.591251133647,0.341441398743,1.00001E-02));
#1512 = CARTESIAN_POINT('',(0.6,0.350190265095,0.1100001));
#1513 = ORIENTED_EDGE('',*,*,#1514,.F.);
#1514 = EDGE_CURVE('',#1515,#1508,#1517,.T.);
#1515 = VERTEX_POINT('',#1516);
#1516 = CARTESIAN_POINT('',(0.6,0.15,0.1100001));
#1517 = B_SPLINE_CURVE_WITH_KNOTS('',1,(#1518,#1519),.UNSPECIFIED.,.F.,
  .F.,(2,2),(-0.25,-4.980973490459E-02),.PIECEWISE_BEZIER_KNOTS.);
#1518 = CARTESIAN_POINT('',(0.6,0.15,0.1100001));
#1519 = CARTESIAN_POINT('',(0.6,0.350190265095,0.1100001));
#1520 = ORIENTED_EDGE('',*,*,#1521,.T.);
#1521 = EDGE_CURVE('',#1515,#1499,#1522,.T.);
#1522 = B_SPLINE_CURVE_WITH_KNOTS('',1,(#1523,#1524),.UNSPECIFIED.,.F.,
  .F.,(2,2),(1.611786243256E-17,0.100381983754),
  .PIECEWISE_BEZIER_KNOTS.);
#1523 = CARTESIAN_POINT('',(0.6,0.15,0.1100001));
#1524 = CARTESIAN_POINT('',(0.591251133647,0.15,1.00001E-02));
#1525 = B_SPLINE_SURFACE_WITH_KNOTS('',1,1,(
    (#1526,#1527)
    ,(#1528,#1529
    )),.UNSPECIFIED.,.F.,.F.,.F.,(2,2),(2,2),(-2.808087168789E-18,
    0.100381983754),(-0.25,-4.980973490459E-02),
  .PIECEWISE_BEZIER_KNOTS.);
#1526 = CARTESIAN_POINT('',(0.6,0.15,0.1100001));
#1527 = CARTESIAN_POINT('',(0.6,0.350190265095,0.1100001));
#1528 = CARTESIAN_POINT('',(0.591251133647,0.15,1.00001E-02));
#1529 = CARTESIAN_POINT('',(0.591251133647,0.350190265095,1.00001E-02));
#1530 = ADVANCED_FACE('',(#1531),#1637,.F.);
#1531 = FACE_BOUND('',#1532,.T.);
#1532 = EDGE_LOOP('',(#1533,#1542,#1551,#1558,#1565,#1572,#1579,#1586,
    #1595,#1602,#1609,#1610,#1617,#1624,#1629,#1630));
#1533 = ORIENTED_EDGE('',*,*,#1534,.F.);
#1534 = EDGE_CURVE('',#1535,#1537,#1539,.T.);
#1535 = VERTEX_POINT('',#1536);
#1536 = CARTESIAN_POINT('',(-0.541441398743,-0.391251133647,1.00001E-02)
  );
#1537 = VERTEX_POINT('',#1538);
#1538 = CARTESIAN_POINT('',(0.541441398743,-0.391251133647,1.00001E-02)
  );
#1539 = B_SPLINE_CURVE_WITH_KNOTS('',1,(#1540,#1541),.UNSPECIFIED.,.F.,
  .F.,(2,2),(-0.541441398743,0.541441398743),.PIECEWISE_BEZIER_KNOTS.);
#1540 = CARTESIAN_POINT('',(-0.541441398743,-0.391251133647,1.00001E-02)
  );
#1541 = CARTESIAN_POINT('',(0.541441398743,-0.391251133647,1.00001E-02)
  );
#1542 = ORIENTED_EDGE('',*,*,#1543,.T.);
#1543 = EDGE_CURVE('',#1535,#1544,#1546,.T.);
#1544 = VERTEX_POINT('',#1545);
#1545 = CARTESIAN_POINT('',(-0.591251133647,-0.341441398743,1.00001E-02)
  );
#1546 = ( BOUNDED_CURVE() B_SPLINE_CURVE(3,(#1547,#1548,#1549,#1550),
.UNSPECIFIED.,.F.,.F.) B_SPLINE_CURVE_WITH_KNOTS((4,4),(5.501585242055,
7.064785372304),.PIECEWISE_BEZIER_KNOTS.) CURVE() 
GEOMETRIC_REPRESENTATION_ITEM() RATIONAL_B_SPLINE_CURVE((1.,
0.806524890385,0.806524890385,1.)) REPRESENTATION_ITEM('') );
#1547 = CARTESIAN_POINT('',(-0.541441398743,-0.391251133647,1.00001E-02)
  );
#1548 = CARTESIAN_POINT('',(-0.570664980429,-0.391251133647,1.00001E-02)
  );
#1549 = CARTESIAN_POINT('',(-0.591251133647,-0.370664980429,1.00001E-02)
  );
#1550 = CARTESIAN_POINT('',(-0.591251133647,-0.341441398743,1.00001E-02)
  );
#1551 = ORIENTED_EDGE('',*,*,#1552,.F.);
#1552 = EDGE_CURVE('',#1553,#1544,#1555,.T.);
#1553 = VERTEX_POINT('',#1554);
#1554 = CARTESIAN_POINT('',(-0.591251133647,-0.15,1.00001E-02));
#1555 = B_SPLINE_CURVE_WITH_KNOTS('',1,(#1556,#1557),.UNSPECIFIED.,.F.,
  .F.,(2,2),(0.15,0.341441398743),.PIECEWISE_BEZIER_KNOTS.);
#1556 = CARTESIAN_POINT('',(-0.591251133647,-0.15,1.00001E-02));
#1557 = CARTESIAN_POINT('',(-0.591251133647,-0.341441398743,1.00001E-02)
  );
#1558 = ORIENTED_EDGE('',*,*,#1559,.T.);
#1559 = EDGE_CURVE('',#1553,#1560,#1562,.T.);
#1560 = VERTEX_POINT('',#1561);
#1561 = CARTESIAN_POINT('',(-0.4,-0.15,1.00001E-02));
#1562 = B_SPLINE_CURVE_WITH_KNOTS('',1,(#1563,#1564),.UNSPECIFIED.,.F.,
  .F.,(2,2),(-0.591251133647,-0.4),.PIECEWISE_BEZIER_KNOTS.);
#1563 = CARTESIAN_POINT('',(-0.591251133647,-0.15,1.00001E-02));
#1564 = CARTESIAN_POINT('',(-0.4,-0.15,1.00001E-02));
#1565 = ORIENTED_EDGE('',*,*,#1566,.T.);
#1566 = EDGE_CURVE('',#1560,#1567,#1569,.T.);
#1567 = VERTEX_POINT('',#1568);
#1568 = CARTESIAN_POINT('',(-0.4,0.15,1.00001E-02));
#1569 = B_SPLINE_CURVE_WITH_KNOTS('',1,(#1570,#1571),.UNSPECIFIED.,.F.,
  .F.,(2,2),(-0.15,0.15),.PIECEWISE_BEZIER_KNOTS.);
#1570 = CARTESIAN_POINT('',(-0.4,-0.15,1.00001E-02));
#1571 = CARTESIAN_POINT('',(-0.4,0.15,1.00001E-02));
#1572 = ORIENTED_EDGE('',*,*,#1573,.T.);
#1573 = EDGE_CURVE('',#1567,#1574,#1576,.T.);
#1574 = VERTEX_POINT('',#1575);
#1575 = CARTESIAN_POINT('',(-0.591251133647,0.15,1.00001E-02));
#1576 = B_SPLINE_CURVE_WITH_KNOTS('',1,(#1577,#1578),.UNSPECIFIED.,.F.,
  .F.,(2,2),(0.4,0.591251133647),.PIECEWISE_BEZIER_KNOTS.);
#1577 = CARTESIAN_POINT('',(-0.4,0.15,1.00001E-02));
#1578 = CARTESIAN_POINT('',(-0.591251133647,0.15,1.00001E-02));
#1579 = ORIENTED_EDGE('',*,*,#1580,.F.);
#1580 = EDGE_CURVE('',#1581,#1574,#1583,.T.);
#1581 = VERTEX_POINT('',#1582);
#1582 = CARTESIAN_POINT('',(-0.591251133647,0.341441398743,1.00001E-02)
  );
#1583 = B_SPLINE_CURVE_WITH_KNOTS('',1,(#1584,#1585),.UNSPECIFIED.,.F.,
  .F.,(2,2),(-0.341441398743,-0.15),.PIECEWISE_BEZIER_KNOTS.);
#1584 = CARTESIAN_POINT('',(-0.591251133647,0.341441398743,1.00001E-02)
  );
#1585 = CARTESIAN_POINT('',(-0.591251133647,0.15,1.00001E-02));
#1586 = ORIENTED_EDGE('',*,*,#1587,.T.);
#1587 = EDGE_CURVE('',#1581,#1588,#1590,.T.);
#1588 = VERTEX_POINT('',#1589);
#1589 = CARTESIAN_POINT('',(-0.541441398743,0.391251133647,1.00001E-02)
  );
#1590 = ( BOUNDED_CURVE() B_SPLINE_CURVE(3,(#1591,#1592,#1593,#1594),
.UNSPECIFIED.,.F.,.F.) B_SPLINE_CURVE_WITH_KNOTS((4,4),(5.501585242055,
7.064785372304),.PIECEWISE_BEZIER_KNOTS.) CURVE() 
GEOMETRIC_REPRESENTATION_ITEM() RATIONAL_B_SPLINE_CURVE((1.,
0.806524890385,0.806524890385,1.)) REPRESENTATION_ITEM('') );
#1591 = CARTESIAN_POINT('',(-0.591251133647,0.341441398743,1.00001E-02)
  );
#1592 = CARTESIAN_POINT('',(-0.591251133647,0.370664980429,1.00001E-02)
  );
#1593 = CARTESIAN_POINT('',(-0.570664980429,0.391251133647,1.00001E-02)
  );
#1594 = CARTESIAN_POINT('',(-0.541441398743,0.391251133647,1.00001E-02)
  );
#1595 = ORIENTED_EDGE('',*,*,#1596,.F.);
#1596 = EDGE_CURVE('',#1597,#1588,#1599,.T.);
#1597 = VERTEX_POINT('',#1598);
#1598 = CARTESIAN_POINT('',(0.541441398743,0.391251133647,1.00001E-02));
#1599 = B_SPLINE_CURVE_WITH_KNOTS('',1,(#1600,#1601),.UNSPECIFIED.,.F.,
  .F.,(2,2),(-0.541441398743,0.541441398743),.PIECEWISE_BEZIER_KNOTS.);
#1600 = CARTESIAN_POINT('',(0.541441398743,0.391251133647,1.00001E-02));
#1601 = CARTESIAN_POINT('',(-0.541441398743,0.391251133647,1.00001E-02)
  );
#1602 = ORIENTED_EDGE('',*,*,#1603,.T.);
#1603 = EDGE_CURVE('',#1597,#1501,#1604,.T.);
#1604 = ( BOUNDED_CURVE() B_SPLINE_CURVE(3,(#1605,#1606,#1607,#1608),
.UNSPECIFIED.,.F.,.F.) B_SPLINE_CURVE_WITH_KNOTS((4,4),(5.501585242055,
7.064785372304),.PIECEWISE_BEZIER_KNOTS.) CURVE() 
GEOMETRIC_REPRESENTATION_ITEM() RATIONAL_B_SPLINE_CURVE((1.,
0.806524890385,0.806524890385,1.)) REPRESENTATION_ITEM('') );
#1605 = CARTESIAN_POINT('',(0.541441398743,0.391251133647,1.00001E-02));
#1606 = CARTESIAN_POINT('',(0.570664980429,0.391251133647,1.00001E-02));
#1607 = CARTESIAN_POINT('',(0.591251133647,0.370664980429,1.00001E-02));
#1608 = CARTESIAN_POINT('',(0.591251133647,0.341441398743,1.00001E-02));
#1609 = ORIENTED_EDGE('',*,*,#1498,.F.);
#1610 = ORIENTED_EDGE('',*,*,#1611,.F.);
#1611 = EDGE_CURVE('',#1612,#1499,#1614,.T.);
#1612 = VERTEX_POINT('',#1613);
#1613 = CARTESIAN_POINT('',(0.4,0.15,1.00001E-02));
#1614 = B_SPLINE_CURVE_WITH_KNOTS('',1,(#1615,#1616),.UNSPECIFIED.,.F.,
  .F.,(2,2),(0.4,0.591251133647),.PIECEWISE_BEZIER_KNOTS.);
#1615 = CARTESIAN_POINT('',(0.4,0.15,1.00001E-02));
#1616 = CARTESIAN_POINT('',(0.591251133647,0.15,1.00001E-02));
#1617 = ORIENTED_EDGE('',*,*,#1618,.F.);
#1618 = EDGE_CURVE('',#1619,#1612,#1621,.T.);
#1619 = VERTEX_POINT('',#1620);
#1620 = CARTESIAN_POINT('',(0.4,-0.15,1.00001E-02));
#1621 = B_SPLINE_CURVE_WITH_KNOTS('',1,(#1622,#1623),.UNSPECIFIED.,.F.,
  .F.,(2,2),(-0.15,0.15),.PIECEWISE_BEZIER_KNOTS.);
#1622 = CARTESIAN_POINT('',(0.4,-0.15,1.00001E-02));
#1623 = CARTESIAN_POINT('',(0.4,0.15,1.00001E-02));
#1624 = ORIENTED_EDGE('',*,*,#1625,.F.);
#1625 = EDGE_CURVE('',#1479,#1619,#1626,.T.);
#1626 = B_SPLINE_CURVE_WITH_KNOTS('',1,(#1627,#1628),.UNSPECIFIED.,.F.,
  .F.,(2,2),(-0.591251133647,-0.4),.PIECEWISE_BEZIER_KNOTS.);
#1627 = CARTESIAN_POINT('',(0.591251133647,-0.15,1.00001E-02));
#1628 = CARTESIAN_POINT('',(0.4,-0.15,1.00001E-02));
#1629 = ORIENTED_EDGE('',*,*,#1478,.F.);
#1630 = ORIENTED_EDGE('',*,*,#1631,.T.);
#1631 = EDGE_CURVE('',#1472,#1537,#1632,.T.);
#1632 = ( BOUNDED_CURVE() B_SPLINE_CURVE(3,(#1633,#1634,#1635,#1636),
.UNSPECIFIED.,.F.,.F.) B_SPLINE_CURVE_WITH_KNOTS((4,4),(5.501585242055,
7.064785372304),.PIECEWISE_BEZIER_KNOTS.) CURVE() 
GEOMETRIC_REPRESENTATION_ITEM() RATIONAL_B_SPLINE_CURVE((1.,
0.806524890385,0.806524890385,1.)) REPRESENTATION_ITEM('') );
#1633 = CARTESIAN_POINT('',(0.591251133647,-0.341441398743,1.00001E-02)
  );
#1634 = CARTESIAN_POINT('',(0.591251133647,-0.370664980429,1.00001E-02)
  );
#1635 = CARTESIAN_POINT('',(0.570664980429,-0.391251133647,1.00001E-02)
  );
#1636 = CARTESIAN_POINT('',(0.541441398743,-0.391251133647,1.00001E-02)
  );
#1637 = B_SPLINE_SURFACE_WITH_KNOTS('',1,1,(
    (#1638,#1639)
    ,(#1640,#1641
    )),.UNSPECIFIED.,.F.,.F.,.F.,(2,2),(2,2),(-0.591251133647,
    0.591251133647),(-0.391251133647,0.391251133647),
  .PIECEWISE_BEZIER_KNOTS.);
#1638 = CARTESIAN_POINT('',(-0.591251133647,-0.391251133647,1.00001E-02)
  );
#1639 = CARTESIAN_POINT('',(-0.591251133647,0.391251133647,1.00001E-02)
  );
#1640 = CARTESIAN_POINT('',(0.591251133647,-0.391251133647,1.00001E-02)
  );
#1641 = CARTESIAN_POINT('',(0.591251133647,0.391251133647,1.00001E-02));
#1642 = ADVANCED_FACE('',(#1643),#1665,.T.);
#1643 = FACE_BOUND('',#1644,.T.);
#1644 = EDGE_LOOP('',(#1645,#1654,#1659,#1660));
#1645 = ORIENTED_EDGE('',*,*,#1646,.F.);
#1646 = EDGE_CURVE('',#1647,#1649,#1651,.T.);
#1647 = VERTEX_POINT('',#1648);
#1648 = CARTESIAN_POINT('',(-0.6,0.350190265095,0.1100001));
#1649 = VERTEX_POINT('',#1650);
#1650 = CARTESIAN_POINT('',(-0.6,0.15,0.1100001));
#1651 = B_SPLINE_CURVE_WITH_KNOTS('',1,(#1652,#1653),.UNSPECIFIED.,.F.,
  .F.,(2,2),(4.980973490459E-02,0.25),.PIECEWISE_BEZIER_KNOTS.);
#1652 = CARTESIAN_POINT('',(-0.6,0.350190265095,0.1100001));
#1653 = CARTESIAN_POINT('',(-0.6,0.15,0.1100001));
#1654 = ORIENTED_EDGE('',*,*,#1655,.T.);
#1655 = EDGE_CURVE('',#1647,#1581,#1656,.T.);
#1656 = B_SPLINE_CURVE_WITH_KNOTS('',1,(#1657,#1658),.UNSPECIFIED.,.F.,
  .F.,(2,2),(4.324809623046E-03,0.105087329068),
  .PIECEWISE_BEZIER_KNOTS.);
#1657 = CARTESIAN_POINT('',(-0.6,0.350190265095,0.1100001));
#1658 = CARTESIAN_POINT('',(-0.591251133647,0.341441398743,1.00001E-02)
  );
#1659 = ORIENTED_EDGE('',*,*,#1580,.T.);
#1660 = ORIENTED_EDGE('',*,*,#1661,.F.);
#1661 = EDGE_CURVE('',#1649,#1574,#1662,.T.);
#1662 = B_SPLINE_CURVE_WITH_KNOTS('',1,(#1663,#1664),.UNSPECIFIED.,.F.,
  .F.,(2,2),(1.611786243256E-17,0.100381983754),
  .PIECEWISE_BEZIER_KNOTS.);
#1663 = CARTESIAN_POINT('',(-0.6,0.15,0.1100001));
#1664 = CARTESIAN_POINT('',(-0.591251133647,0.15,1.00001E-02));
#1665 = B_SPLINE_SURFACE_WITH_KNOTS('',1,1,(
    (#1666,#1667)
    ,(#1668,#1669
    )),.UNSPECIFIED.,.F.,.F.,.F.,(2,2),(2,2),(-0.100381983754,
    2.808087168789E-18),(-0.25,-4.980973490459E-02),
  .PIECEWISE_BEZIER_KNOTS.);
#1666 = CARTESIAN_POINT('',(-0.591251133647,0.15,1.00001E-02));
#1667 = CARTESIAN_POINT('',(-0.591251133647,0.350190265095,1.00001E-02)
  );
#1668 = CARTESIAN_POINT('',(-0.6,0.15,0.1100001));
#1669 = CARTESIAN_POINT('',(-0.6,0.350190265095,0.1100001));
#1670 = ADVANCED_FACE('',(#1671),#1693,.T.);
#1671 = FACE_BOUND('',#1672,.T.);
#1672 = EDGE_LOOP('',(#1673,#1682,#1687,#1688));
#1673 = ORIENTED_EDGE('',*,*,#1674,.F.);
#1674 = EDGE_CURVE('',#1675,#1677,#1679,.T.);
#1675 = VERTEX_POINT('',#1676);
#1676 = CARTESIAN_POINT('',(-0.550190265095,-0.4,0.1100001));
#1677 = VERTEX_POINT('',#1678);
#1678 = CARTESIAN_POINT('',(0.550190265095,-0.4,0.1100001));
#1679 = B_SPLINE_CURVE_WITH_KNOTS('',1,(#1680,#1681),.UNSPECIFIED.,.F.,
  .F.,(2,2),(4.980973490459E-02,1.150190265095),
  .PIECEWISE_BEZIER_KNOTS.);
#1680 = CARTESIAN_POINT('',(-0.550190265095,-0.4,0.1100001));
#1681 = CARTESIAN_POINT('',(0.550190265095,-0.4,0.1100001));
#1682 = ORIENTED_EDGE('',*,*,#1683,.T.);
#1683 = EDGE_CURVE('',#1675,#1535,#1684,.T.);
#1684 = B_SPLINE_CURVE_WITH_KNOTS('',1,(#1685,#1686),.UNSPECIFIED.,.F.,
  .F.,(2,2),(4.324809623046E-03,0.105087329068),
  .PIECEWISE_BEZIER_KNOTS.);
#1685 = CARTESIAN_POINT('',(-0.550190265095,-0.4,0.1100001));
#1686 = CARTESIAN_POINT('',(-0.541441398743,-0.391251133647,1.00001E-02)
  );
#1687 = ORIENTED_EDGE('',*,*,#1534,.T.);
#1688 = ORIENTED_EDGE('',*,*,#1689,.T.);
#1689 = EDGE_CURVE('',#1537,#1677,#1690,.T.);
#1690 = B_SPLINE_CURVE_WITH_KNOTS('',1,(#1691,#1692),.UNSPECIFIED.,.F.,
  .F.,(2,2),(-8.954164309841E-04,9.986710301405E-02),
  .PIECEWISE_BEZIER_KNOTS.);
#1691 = CARTESIAN_POINT('',(0.541441398743,-0.391251133647,1.00001E-02)
  );
#1692 = CARTESIAN_POINT('',(0.550190265095,-0.4,0.1100001));
#1693 = B_SPLINE_SURFACE_WITH_KNOTS('',1,1,(
    (#1694,#1695)
    ,(#1696,#1697
    )),.UNSPECIFIED.,.F.,.F.,.F.,(2,2),(2,2),(-1.013508765739E-17,
    0.100381983754),(4.980973490459E-02,1.150190265095),
  .PIECEWISE_BEZIER_KNOTS.);
#1694 = CARTESIAN_POINT('',(-0.550190265095,-0.4,0.1100001));
#1695 = CARTESIAN_POINT('',(0.550190265095,-0.4,0.1100001));
#1696 = CARTESIAN_POINT('',(-0.550190265095,-0.391251133647,1.00001E-02)
  );
#1697 = CARTESIAN_POINT('',(0.550190265095,-0.391251133647,1.00001E-02)
  );
#1698 = ADVANCED_FACE('',(#1699),#1721,.T.);
#1699 = FACE_BOUND('',#1700,.T.);
#1700 = EDGE_LOOP('',(#1701,#1702,#1709,#1716));
#1701 = ORIENTED_EDGE('',*,*,#1552,.T.);
#1702 = ORIENTED_EDGE('',*,*,#1703,.T.);
#1703 = EDGE_CURVE('',#1544,#1704,#1706,.T.);
#1704 = VERTEX_POINT('',#1705);
#1705 = CARTESIAN_POINT('',(-0.6,-0.350190265095,0.1100001));
#1706 = B_SPLINE_CURVE_WITH_KNOTS('',1,(#1707,#1708),.UNSPECIFIED.,.F.,
  .F.,(2,2),(-3.562605397668E-02,6.513646546835E-02),
  .PIECEWISE_BEZIER_KNOTS.);
#1707 = CARTESIAN_POINT('',(-0.591251133647,-0.341441398743,1.00001E-02)
  );
#1708 = CARTESIAN_POINT('',(-0.6,-0.350190265095,0.1100001));
#1709 = ORIENTED_EDGE('',*,*,#1710,.F.);
#1710 = EDGE_CURVE('',#1711,#1704,#1713,.T.);
#1711 = VERTEX_POINT('',#1712);
#1712 = CARTESIAN_POINT('',(-0.6,-0.15,0.1100001));
#1713 = B_SPLINE_CURVE_WITH_KNOTS('',1,(#1714,#1715),.UNSPECIFIED.,.F.,
  .F.,(2,2),(0.55,0.750190265095),.PIECEWISE_BEZIER_KNOTS.);
#1714 = CARTESIAN_POINT('',(-0.6,-0.15,0.1100001));
#1715 = CARTESIAN_POINT('',(-0.6,-0.350190265095,0.1100001));
#1716 = ORIENTED_EDGE('',*,*,#1717,.F.);
#1717 = EDGE_CURVE('',#1553,#1711,#1718,.T.);
#1718 = B_SPLINE_CURVE_WITH_KNOTS('',1,(#1719,#1720),.UNSPECIFIED.,.F.,
  .F.,(2,2),(-0.100381983754,-3.868286983815E-17),
  .PIECEWISE_BEZIER_KNOTS.);
#1719 = CARTESIAN_POINT('',(-0.591251133647,-0.15,1.00001E-02));
#1720 = CARTESIAN_POINT('',(-0.6,-0.15,0.1100001));
#1721 = B_SPLINE_SURFACE_WITH_KNOTS('',1,1,(
    (#1722,#1723)
    ,(#1724,#1725
    )),.UNSPECIFIED.,.F.,.F.,.F.,(2,2),(2,2),(-0.100381983754,
    -6.496493137172E-18),(-0.750190265095,-0.55),
  .PIECEWISE_BEZIER_KNOTS.);
#1722 = CARTESIAN_POINT('',(-0.591251133647,-0.350190265095,1.00001E-02)
  );
#1723 = CARTESIAN_POINT('',(-0.591251133647,-0.15,1.00001E-02));
#1724 = CARTESIAN_POINT('',(-0.6,-0.350190265095,0.1100001));
#1725 = CARTESIAN_POINT('',(-0.6,-0.15,0.1100001));
#1726 = ADVANCED_FACE('',(#1727),#1741,.T.);
#1727 = FACE_BOUND('',#1728,.T.);
#1728 = EDGE_LOOP('',(#1729,#1730,#1735,#1736));
#1729 = ORIENTED_EDGE('',*,*,#1073,.F.);
#1730 = ORIENTED_EDGE('',*,*,#1731,.T.);
#1731 = EDGE_CURVE('',#1067,#1597,#1732,.T.);
#1732 = B_SPLINE_CURVE_WITH_KNOTS('',1,(#1733,#1734),.UNSPECIFIED.,.F.,
  .F.,(2,2),(-9.986710301405E-02,8.954164309841E-04),
  .PIECEWISE_BEZIER_KNOTS.);
#1733 = CARTESIAN_POINT('',(0.550190265095,0.4,0.1100001));
#1734 = CARTESIAN_POINT('',(0.541441398743,0.391251133647,1.00001E-02));
#1735 = ORIENTED_EDGE('',*,*,#1596,.T.);
#1736 = ORIENTED_EDGE('',*,*,#1737,.T.);
#1737 = EDGE_CURVE('',#1588,#1074,#1738,.T.);
#1738 = B_SPLINE_CURVE_WITH_KNOTS('',1,(#1739,#1740),.UNSPECIFIED.,.F.,
  .F.,(2,2),(-0.105087329068,-4.324809623046E-03),
  .PIECEWISE_BEZIER_KNOTS.);
#1739 = CARTESIAN_POINT('',(-0.541441398743,0.391251133647,1.00001E-02)
  );
#1740 = CARTESIAN_POINT('',(-0.550190265095,0.4,0.1100001));
#1741 = B_SPLINE_SURFACE_WITH_KNOTS('',1,1,(
    (#1742,#1743)
    ,(#1744,#1745
    )),.UNSPECIFIED.,.F.,.F.,.F.,(2,2),(2,2),(-0.100381983754,0.),(
    4.980973490459E-02,1.150190265095),.PIECEWISE_BEZIER_KNOTS.);
#1742 = CARTESIAN_POINT('',(-0.550190265095,0.391251133647,1.00001E-02)
  );
#1743 = CARTESIAN_POINT('',(0.550190265095,0.391251133647,1.00001E-02));
#1744 = CARTESIAN_POINT('',(-0.550190265095,0.4,0.1100001));
#1745 = CARTESIAN_POINT('',(0.550190265095,0.4,0.1100001));
#1746 = ADVANCED_FACE('',(#1747),#1775,.T.);
#1747 = FACE_BOUND('',#1748,.T.);
#1748 = EDGE_LOOP('',(#1749,#1758,#1763,#1764,#1769,#1770));
#1749 = ORIENTED_EDGE('',*,*,#1750,.T.);
#1750 = EDGE_CURVE('',#1751,#1753,#1755,.T.);
#1751 = VERTEX_POINT('',#1752);
#1752 = CARTESIAN_POINT('',(0.560248844441,0.310439109536,0.564357887137
    ));
#1753 = VERTEX_POINT('',#1754);
#1754 = CARTESIAN_POINT('',(0.560248844441,-0.310439109536,
    0.564357887137));
#1755 = B_SPLINE_CURVE_WITH_KNOTS('',1,(#1756,#1757),.UNSPECIFIED.,.F.,
  .F.,(2,2),(-0.666694777773,-4.581655870087E-02),
  .PIECEWISE_BEZIER_KNOTS.);
#1756 = CARTESIAN_POINT('',(0.560248844441,0.310439109536,0.564357887137
    ));
#1757 = CARTESIAN_POINT('',(0.560248844441,-0.310439109536,
    0.564357887137));
#1758 = ORIENTED_EDGE('',*,*,#1759,.T.);
#1759 = EDGE_CURVE('',#1753,#1463,#1760,.T.);
#1760 = B_SPLINE_CURVE_WITH_KNOTS('',1,(#1761,#1762),.UNSPECIFIED.,.F.,
  .F.,(2,2),(-0.392685888146,6.513646546835E-02),
  .PIECEWISE_BEZIER_KNOTS.);
#1761 = CARTESIAN_POINT('',(0.560248844441,-0.310439109536,
    0.564357887137));
#1762 = CARTESIAN_POINT('',(0.6,-0.350190265095,0.1100001));
#1763 = ORIENTED_EDGE('',*,*,#1462,.T.);
#1764 = ORIENTED_EDGE('',*,*,#1765,.T.);
#1765 = EDGE_CURVE('',#1465,#1515,#1766,.T.);
#1766 = B_SPLINE_CURVE_WITH_KNOTS('',1,(#1767,#1768),.UNSPECIFIED.,.F.,
  .F.,(2,2),(-0.55,-0.25),.PIECEWISE_BEZIER_KNOTS.);
#1767 = CARTESIAN_POINT('',(0.6,-0.15,0.1100001));
#1768 = CARTESIAN_POINT('',(0.6,0.15,0.1100001));
#1769 = ORIENTED_EDGE('',*,*,#1514,.T.);
#1770 = ORIENTED_EDGE('',*,*,#1771,.T.);
#1771 = EDGE_CURVE('',#1508,#1751,#1772,.T.);
#1772 = B_SPLINE_CURVE_WITH_KNOTS('',1,(#1773,#1774),.UNSPECIFIED.,.F.,
  .F.,(2,2),(4.324809623046E-03,0.462147163237),
  .PIECEWISE_BEZIER_KNOTS.);
#1773 = CARTESIAN_POINT('',(0.6,0.350190265095,0.1100001));
#1774 = CARTESIAN_POINT('',(0.560248844441,0.310439109536,0.564357887137
    ));
#1775 = B_SPLINE_SURFACE_WITH_KNOTS('',1,1,(
    (#1776,#1777)
    ,(#1778,#1779
    )),.UNSPECIFIED.,.F.,.F.,.F.,(2,2),(2,2),(-0.456093360071,
    -5.883429108582E-19),(-0.750190265095,-4.980973490459E-02),
  .PIECEWISE_BEZIER_KNOTS.);
#1776 = CARTESIAN_POINT('',(0.560248844441,-0.350190265095,
    0.564357887137));
#1777 = CARTESIAN_POINT('',(0.560248844441,0.350190265095,0.564357887137
    ));
#1778 = CARTESIAN_POINT('',(0.6,-0.350190265095,0.1100001));
#1779 = CARTESIAN_POINT('',(0.6,0.350190265095,0.1100001));
#1780 = ADVANCED_FACE('',(#1781),#1809,.T.);
#1781 = FACE_BOUND('',#1782,.T.);
#1782 = EDGE_LOOP('',(#1783,#1784,#1791,#1798,#1803,#1804));
#1783 = ORIENTED_EDGE('',*,*,#1710,.T.);
#1784 = ORIENTED_EDGE('',*,*,#1785,.T.);
#1785 = EDGE_CURVE('',#1704,#1786,#1788,.T.);
#1786 = VERTEX_POINT('',#1787);
#1787 = CARTESIAN_POINT('',(-0.560248844441,-0.310439109536,
    0.564357887137));
#1788 = B_SPLINE_CURVE_WITH_KNOTS('',1,(#1789,#1790),.UNSPECIFIED.,.F.,
  .F.,(2,2),(-6.513646546835E-02,0.392685888146),
  .PIECEWISE_BEZIER_KNOTS.);
#1789 = CARTESIAN_POINT('',(-0.6,-0.350190265095,0.1100001));
#1790 = CARTESIAN_POINT('',(-0.560248844441,-0.310439109536,
    0.564357887137));
#1791 = ORIENTED_EDGE('',*,*,#1792,.T.);
#1792 = EDGE_CURVE('',#1786,#1793,#1795,.T.);
#1793 = VERTEX_POINT('',#1794);
#1794 = CARTESIAN_POINT('',(-0.560248844441,0.310439109536,
    0.564357887137));
#1795 = B_SPLINE_CURVE_WITH_KNOTS('',1,(#1796,#1797),.UNSPECIFIED.,.F.,
  .F.,(2,2),(-0.666694777773,-4.581655870087E-02),
  .PIECEWISE_BEZIER_KNOTS.);
#1796 = CARTESIAN_POINT('',(-0.560248844441,-0.310439109536,
    0.564357887137));
#1797 = CARTESIAN_POINT('',(-0.560248844441,0.310439109536,
    0.564357887137));
#1798 = ORIENTED_EDGE('',*,*,#1799,.T.);
#1799 = EDGE_CURVE('',#1793,#1647,#1800,.T.);
#1800 = B_SPLINE_CURVE_WITH_KNOTS('',1,(#1801,#1802),.UNSPECIFIED.,.F.,
  .F.,(2,2),(-0.462147163237,-4.324809623046E-03),
  .PIECEWISE_BEZIER_KNOTS.);
#1801 = CARTESIAN_POINT('',(-0.560248844441,0.310439109536,
    0.564357887137));
#1802 = CARTESIAN_POINT('',(-0.6,0.350190265095,0.1100001));
#1803 = ORIENTED_EDGE('',*,*,#1646,.T.);
#1804 = ORIENTED_EDGE('',*,*,#1805,.T.);
#1805 = EDGE_CURVE('',#1649,#1711,#1806,.T.);
#1806 = B_SPLINE_CURVE_WITH_KNOTS('',1,(#1807,#1808),.UNSPECIFIED.,.F.,
  .F.,(2,2),(0.25,0.55),.PIECEWISE_BEZIER_KNOTS.);
#1807 = CARTESIAN_POINT('',(-0.6,0.15,0.1100001));
#1808 = CARTESIAN_POINT('',(-0.6,-0.15,0.1100001));
#1809 = B_SPLINE_SURFACE_WITH_KNOTS('',1,1,(
    (#1810,#1811)
    ,(#1812,#1813
    )),.UNSPECIFIED.,.F.,.F.,.F.,(2,2),(2,2),(5.883429108582E-19,
    0.456093360071),(-0.750190265095,-4.980973490459E-02),
  .PIECEWISE_BEZIER_KNOTS.);
#1810 = CARTESIAN_POINT('',(-0.6,-0.350190265095,0.1100001));
#1811 = CARTESIAN_POINT('',(-0.6,0.350190265095,0.1100001));
#1812 = CARTESIAN_POINT('',(-0.560248844441,-0.350190265095,
    0.564357887137));
#1813 = CARTESIAN_POINT('',(-0.560248844441,0.350190265095,
    0.564357887137));
#1814 = ADVANCED_FACE('',(#1815),#1837,.T.);
#1815 = FACE_BOUND('',#1816,.T.);
#1816 = EDGE_LOOP('',(#1817,#1826,#1831,#1832));
#1817 = ORIENTED_EDGE('',*,*,#1818,.T.);
#1818 = EDGE_CURVE('',#1819,#1821,#1823,.T.);
#1819 = VERTEX_POINT('',#1820);
#1820 = CARTESIAN_POINT('',(0.510439109536,-0.360248844441,
    0.564357887137));
#1821 = VERTEX_POINT('',#1822);
#1822 = CARTESIAN_POINT('',(-0.510439109536,-0.360248844441,
    0.564357887137));
#1823 = B_SPLINE_CURVE_WITH_KNOTS('',1,(#1824,#1825),.UNSPECIFIED.,.F.,
  .F.,(2,2),(-1.066694777773,-4.581655870087E-02),
  .PIECEWISE_BEZIER_KNOTS.);
#1824 = CARTESIAN_POINT('',(0.510439109536,-0.360248844441,
    0.564357887137));
#1825 = CARTESIAN_POINT('',(-0.510439109536,-0.360248844441,
    0.564357887137));
#1826 = ORIENTED_EDGE('',*,*,#1827,.T.);
#1827 = EDGE_CURVE('',#1821,#1675,#1828,.T.);
#1828 = B_SPLINE_CURVE_WITH_KNOTS('',1,(#1829,#1830),.UNSPECIFIED.,.F.,
  .F.,(2,2),(-0.462147163237,-4.324809623046E-03),
  .PIECEWISE_BEZIER_KNOTS.);
#1829 = CARTESIAN_POINT('',(-0.510439109536,-0.360248844441,
    0.564357887137));
#1830 = CARTESIAN_POINT('',(-0.550190265095,-0.4,0.1100001));
#1831 = ORIENTED_EDGE('',*,*,#1674,.T.);
#1832 = ORIENTED_EDGE('',*,*,#1833,.T.);
#1833 = EDGE_CURVE('',#1677,#1819,#1834,.T.);
#1834 = B_SPLINE_CURVE_WITH_KNOTS('',1,(#1835,#1836),.UNSPECIFIED.,.F.,
  .F.,(2,2),(-9.986710301405E-02,0.3579552506),
  .PIECEWISE_BEZIER_KNOTS.);
#1835 = CARTESIAN_POINT('',(0.550190265095,-0.4,0.1100001));
#1836 = CARTESIAN_POINT('',(0.510439109536,-0.360248844441,
    0.564357887137));
#1837 = B_SPLINE_SURFACE_WITH_KNOTS('',1,1,(
    (#1838,#1839)
    ,(#1840,#1841
    )),.UNSPECIFIED.,.F.,.F.,.F.,(2,2),(2,2),(-0.456093360071,0.),(
    4.980973490459E-02,1.150190265095),.PIECEWISE_BEZIER_KNOTS.);
#1838 = CARTESIAN_POINT('',(-0.550190265095,-0.360248844441,
    0.564357887137));
#1839 = CARTESIAN_POINT('',(0.550190265095,-0.360248844441,
    0.564357887137));
#1840 = CARTESIAN_POINT('',(-0.550190265095,-0.4,0.1100001));
#1841 = CARTESIAN_POINT('',(0.550190265095,-0.4,0.1100001));
#1842 = ADVANCED_FACE('',(#1843),#1873,.T.);
#1843 = FACE_BOUND('',#1844,.T.);
#1844 = EDGE_LOOP('',(#1845,#1854,#1861,#1868));
#1845 = ORIENTED_EDGE('',*,*,#1846,.F.);
#1846 = EDGE_CURVE('',#1847,#1849,#1851,.T.);
#1847 = VERTEX_POINT('',#1848);
#1848 = CARTESIAN_POINT('',(-0.313545793237,-0.310439109536,0.6100001));
#1849 = VERTEX_POINT('',#1850);
#1850 = CARTESIAN_POINT('',(-0.313545793237,0.310439109536,0.6100001));
#1851 = B_SPLINE_CURVE_WITH_KNOTS('',1,(#1852,#1853),.UNSPECIFIED.,.F.,
  .F.,(2,2),(-1.149053371692,-0.528175152619),.PIECEWISE_BEZIER_KNOTS.);
#1852 = CARTESIAN_POINT('',(-0.313545793237,-0.310439109536,0.6100001));
#1853 = CARTESIAN_POINT('',(-0.313545793237,0.310439109536,0.6100001));
#1854 = ORIENTED_EDGE('',*,*,#1855,.T.);
#1855 = EDGE_CURVE('',#1847,#1856,#1858,.T.);
#1856 = VERTEX_POINT('',#1857);
#1857 = CARTESIAN_POINT('',(0.510439109536,-0.310439109536,0.6100001));
#1858 = B_SPLINE_CURVE_WITH_KNOTS('',1,(#1859,#1860),.UNSPECIFIED.,.F.,
  .F.,(2,2),(-0.869801461474,-4.581655870087E-02),
  .PIECEWISE_BEZIER_KNOTS.);
#1859 = CARTESIAN_POINT('',(-0.313545793237,-0.310439109536,0.6100001));
#1860 = CARTESIAN_POINT('',(0.510439109536,-0.310439109536,0.6100001));
#1861 = ORIENTED_EDGE('',*,*,#1862,.T.);
#1862 = EDGE_CURVE('',#1856,#1863,#1865,.T.);
#1863 = VERTEX_POINT('',#1864);
#1864 = CARTESIAN_POINT('',(0.510439109536,0.310439109536,0.6100001));
#1865 = B_SPLINE_CURVE_WITH_KNOTS('',1,(#1866,#1867),.UNSPECIFIED.,.F.,
  .F.,(2,2),(-0.666694777773,-4.581655870087E-02),
  .PIECEWISE_BEZIER_KNOTS.);
#1866 = CARTESIAN_POINT('',(0.510439109536,-0.310439109536,0.6100001));
#1867 = CARTESIAN_POINT('',(0.510439109536,0.310439109536,0.6100001));
#1868 = ORIENTED_EDGE('',*,*,#1869,.T.);
#1869 = EDGE_CURVE('',#1863,#1849,#1870,.T.);
#1870 = B_SPLINE_CURVE_WITH_KNOTS('',1,(#1871,#1872),.UNSPECIFIED.,.F.,
  .F.,(2,2),(-1.066694777773,-0.242709875),.PIECEWISE_BEZIER_KNOTS.);
#1871 = CARTESIAN_POINT('',(0.510439109536,0.310439109536,0.6100001));
#1872 = CARTESIAN_POINT('',(-0.313545793237,0.310439109536,0.6100001));
#1873 = B_SPLINE_SURFACE_WITH_KNOTS('',1,1,(
    (#1874,#1875)
    ,(#1876,#1877
    )),.UNSPECIFIED.,.F.,.F.,.F.,(2,2),(2,2),(-0.313545793237,
    0.510439109536),(-0.310439109536,0.310439109536),
  .PIECEWISE_BEZIER_KNOTS.);
#1874 = CARTESIAN_POINT('',(-0.313545793237,-0.310439109536,0.6100001));
#1875 = CARTESIAN_POINT('',(-0.313545793237,0.310439109536,0.6100001));
#1876 = CARTESIAN_POINT('',(0.510439109536,-0.310439109536,0.6100001));
#1877 = CARTESIAN_POINT('',(0.510439109536,0.310439109536,0.6100001));
#1878 = ADVANCED_FACE('',(#1879),#1901,.T.);
#1879 = FACE_BOUND('',#1880,.T.);
#1880 = EDGE_LOOP('',(#1881,#1882,#1889,#1896));
#1881 = ORIENTED_EDGE('',*,*,#1566,.F.);
#1882 = ORIENTED_EDGE('',*,*,#1883,.T.);
#1883 = EDGE_CURVE('',#1560,#1884,#1886,.T.);
#1884 = VERTEX_POINT('',#1885);
#1885 = CARTESIAN_POINT('',(-0.4,-0.15,1.000000000029E-07));
#1886 = B_SPLINE_CURVE_WITH_KNOTS('',1,(#1887,#1888),.UNSPECIFIED.,.F.,
  .F.,(2,2),(0.1,0.11),.PIECEWISE_BEZIER_KNOTS.);
#1887 = CARTESIAN_POINT('',(-0.4,-0.15,1.00001E-02));
#1888 = CARTESIAN_POINT('',(-0.4,-0.15,1.000000000029E-07));
#1889 = ORIENTED_EDGE('',*,*,#1890,.F.);
#1890 = EDGE_CURVE('',#1891,#1884,#1893,.T.);
#1891 = VERTEX_POINT('',#1892);
#1892 = CARTESIAN_POINT('',(-0.4,0.15,1.000000000029E-07));
#1893 = B_SPLINE_CURVE_WITH_KNOTS('',1,(#1894,#1895),.UNSPECIFIED.,.F.,
  .F.,(2,2),(-0.3,-0.),.PIECEWISE_BEZIER_KNOTS.);
#1894 = CARTESIAN_POINT('',(-0.4,0.15,1.000000000029E-07));
#1895 = CARTESIAN_POINT('',(-0.4,-0.15,1.000000000029E-07));
#1896 = ORIENTED_EDGE('',*,*,#1897,.F.);
#1897 = EDGE_CURVE('',#1567,#1891,#1898,.T.);
#1898 = B_SPLINE_CURVE_WITH_KNOTS('',1,(#1899,#1900),.UNSPECIFIED.,.F.,
  .F.,(2,2),(0.1,0.11),.PIECEWISE_BEZIER_KNOTS.);
#1899 = CARTESIAN_POINT('',(-0.4,0.15,1.00001E-02));
#1900 = CARTESIAN_POINT('',(-0.4,0.15,1.000000000029E-07));
#1901 = B_SPLINE_SURFACE_WITH_KNOTS('',1,1,(
    (#1902,#1903)
    ,(#1904,#1905
    )),.UNSPECIFIED.,.F.,.F.,.F.,(2,2),(2,2),(0.1,0.11),(0.,0.3),
  .PIECEWISE_BEZIER_KNOTS.);
#1902 = CARTESIAN_POINT('',(-0.4,-0.15,1.00001E-02));
#1903 = CARTESIAN_POINT('',(-0.4,0.15,1.00001E-02));
#1904 = CARTESIAN_POINT('',(-0.4,-0.15,1.000000000029E-07));
#1905 = CARTESIAN_POINT('',(-0.4,0.15,1.000000000029E-07));
#1906 = ADVANCED_FACE('',(#1907),#1929,.F.);
#1907 = FACE_BOUND('',#1908,.T.);
#1908 = EDGE_LOOP('',(#1909,#1916,#1917,#1924));
#1909 = ORIENTED_EDGE('',*,*,#1910,.F.);
#1910 = EDGE_CURVE('',#1711,#1911,#1913,.T.);
#1911 = VERTEX_POINT('',#1912);
#1912 = CARTESIAN_POINT('',(-0.8,-0.15,0.1100001));
#1913 = B_SPLINE_CURVE_WITH_KNOTS('',1,(#1914,#1915),.UNSPECIFIED.,.F.,
  .F.,(2,2),(-0.2,0.),.PIECEWISE_BEZIER_KNOTS.);
#1914 = CARTESIAN_POINT('',(-0.6,-0.15,0.1100001));
#1915 = CARTESIAN_POINT('',(-0.8,-0.15,0.1100001));
#1916 = ORIENTED_EDGE('',*,*,#1805,.F.);
#1917 = ORIENTED_EDGE('',*,*,#1918,.F.);
#1918 = EDGE_CURVE('',#1919,#1649,#1921,.T.);
#1919 = VERTEX_POINT('',#1920);
#1920 = CARTESIAN_POINT('',(-0.8,0.15,0.1100001));
#1921 = B_SPLINE_CURVE_WITH_KNOTS('',1,(#1922,#1923),.UNSPECIFIED.,.F.,
  .F.,(2,2),(0.,0.2),.PIECEWISE_BEZIER_KNOTS.);
#1922 = CARTESIAN_POINT('',(-0.8,0.15,0.1100001));
#1923 = CARTESIAN_POINT('',(-0.6,0.15,0.1100001));
#1924 = ORIENTED_EDGE('',*,*,#1925,.F.);
#1925 = EDGE_CURVE('',#1911,#1919,#1926,.T.);
#1926 = B_SPLINE_CURVE_WITH_KNOTS('',1,(#1927,#1928),.UNSPECIFIED.,.F.,
  .F.,(2,2),(0.,0.3),.PIECEWISE_BEZIER_KNOTS.);
#1927 = CARTESIAN_POINT('',(-0.8,-0.15,0.1100001));
#1928 = CARTESIAN_POINT('',(-0.8,0.15,0.1100001));
#1929 = B_SPLINE_SURFACE_WITH_KNOTS('',1,1,(
    (#1930,#1931)
    ,(#1932,#1933
    )),.UNSPECIFIED.,.F.,.F.,.F.,(2,2),(2,2),(0.6,0.8),(-0.15,0.15),
  .PIECEWISE_BEZIER_KNOTS.);
#1930 = CARTESIAN_POINT('',(-0.6,-0.15,0.1100001));
#1931 = CARTESIAN_POINT('',(-0.6,0.15,0.1100001));
#1932 = CARTESIAN_POINT('',(-0.8,-0.15,0.1100001));
#1933 = CARTESIAN_POINT('',(-0.8,0.15,0.1100001));
#1934 = ADVANCED_FACE('',(#1935),#1953,.T.);
#1935 = FACE_BOUND('',#1936,.T.);
#1936 = EDGE_LOOP('',(#1937,#1938,#1939,#1940,#1941,#1948));
#1937 = ORIENTED_EDGE('',*,*,#1918,.T.);
#1938 = ORIENTED_EDGE('',*,*,#1661,.T.);
#1939 = ORIENTED_EDGE('',*,*,#1573,.F.);
#1940 = ORIENTED_EDGE('',*,*,#1897,.T.);
#1941 = ORIENTED_EDGE('',*,*,#1942,.F.);
#1942 = EDGE_CURVE('',#1943,#1891,#1945,.T.);
#1943 = VERTEX_POINT('',#1944);
#1944 = CARTESIAN_POINT('',(-0.8,0.15,1.000000000029E-07));
#1945 = B_SPLINE_CURVE_WITH_KNOTS('',1,(#1946,#1947),.UNSPECIFIED.,.F.,
  .F.,(2,2),(0.,0.4),.PIECEWISE_BEZIER_KNOTS.);
#1946 = CARTESIAN_POINT('',(-0.8,0.15,1.000000000029E-07));
#1947 = CARTESIAN_POINT('',(-0.4,0.15,1.000000000029E-07));
#1948 = ORIENTED_EDGE('',*,*,#1949,.F.);
#1949 = EDGE_CURVE('',#1919,#1943,#1950,.T.);
#1950 = B_SPLINE_CURVE_WITH_KNOTS('',1,(#1951,#1952),.UNSPECIFIED.,.F.,
  .F.,(2,2),(0.,0.11),.PIECEWISE_BEZIER_KNOTS.);
#1951 = CARTESIAN_POINT('',(-0.8,0.15,0.1100001));
#1952 = CARTESIAN_POINT('',(-0.8,0.15,1.000000000029E-07));
#1953 = B_SPLINE_SURFACE_WITH_KNOTS('',1,1,(
    (#1954,#1955)
    ,(#1956,#1957
    )),.UNSPECIFIED.,.F.,.F.,.F.,(2,2),(2,2),(-0.4,0.),(-0.11,
    1.2290094871E-19),.PIECEWISE_BEZIER_KNOTS.);
#1954 = CARTESIAN_POINT('',(-0.4,0.15,1.000000000029E-07));
#1955 = CARTESIAN_POINT('',(-0.4,0.15,0.1100001));
#1956 = CARTESIAN_POINT('',(-0.8,0.15,1.000000000029E-07));
#1957 = CARTESIAN_POINT('',(-0.8,0.15,0.1100001));
#1958 = ADVANCED_FACE('',(#1959),#1975,.T.);
#1959 = FACE_BOUND('',#1960,.T.);
#1960 = EDGE_LOOP('',(#1961,#1962,#1969,#1974));
#1961 = ORIENTED_EDGE('',*,*,#1949,.T.);
#1962 = ORIENTED_EDGE('',*,*,#1963,.F.);
#1963 = EDGE_CURVE('',#1964,#1943,#1966,.T.);
#1964 = VERTEX_POINT('',#1965);
#1965 = CARTESIAN_POINT('',(-0.8,-0.15,1.000000000029E-07));
#1966 = B_SPLINE_CURVE_WITH_KNOTS('',1,(#1967,#1968),.UNSPECIFIED.,.F.,
  .F.,(2,2),(0.,0.3),.PIECEWISE_BEZIER_KNOTS.);
#1967 = CARTESIAN_POINT('',(-0.8,-0.15,1.000000000029E-07));
#1968 = CARTESIAN_POINT('',(-0.8,0.15,1.000000000029E-07));
#1969 = ORIENTED_EDGE('',*,*,#1970,.F.);
#1970 = EDGE_CURVE('',#1911,#1964,#1971,.T.);
#1971 = B_SPLINE_CURVE_WITH_KNOTS('',1,(#1972,#1973),.UNSPECIFIED.,.F.,
  .F.,(2,2),(0.,0.11),.PIECEWISE_BEZIER_KNOTS.);
#1972 = CARTESIAN_POINT('',(-0.8,-0.15,0.1100001));
#1973 = CARTESIAN_POINT('',(-0.8,-0.15,1.000000000029E-07));
#1974 = ORIENTED_EDGE('',*,*,#1925,.T.);
#1975 = B_SPLINE_SURFACE_WITH_KNOTS('',1,1,(
    (#1976,#1977)
    ,(#1978,#1979
    )),.UNSPECIFIED.,.F.,.F.,.F.,(2,2),(2,2),(-0.11,0.),(0.,0.3),
  .PIECEWISE_BEZIER_KNOTS.);
#1976 = CARTESIAN_POINT('',(-0.8,-0.15,1.000000000029E-07));
#1977 = CARTESIAN_POINT('',(-0.8,0.15,1.000000000029E-07));
#1978 = CARTESIAN_POINT('',(-0.8,-0.15,0.1100001));
#1979 = CARTESIAN_POINT('',(-0.8,0.15,0.1100001));
#1980 = ADVANCED_FACE('',(#1981),#1993,.T.);
#1981 = FACE_BOUND('',#1982,.T.);
#1982 = EDGE_LOOP('',(#1983,#1984,#1985,#1986,#1987,#1992));
#1983 = ORIENTED_EDGE('',*,*,#1559,.F.);
#1984 = ORIENTED_EDGE('',*,*,#1717,.T.);
#1985 = ORIENTED_EDGE('',*,*,#1910,.T.);
#1986 = ORIENTED_EDGE('',*,*,#1970,.T.);
#1987 = ORIENTED_EDGE('',*,*,#1988,.F.);
#1988 = EDGE_CURVE('',#1884,#1964,#1989,.T.);
#1989 = B_SPLINE_CURVE_WITH_KNOTS('',1,(#1990,#1991),.UNSPECIFIED.,.F.,
  .F.,(2,2),(-0.4,0.),.PIECEWISE_BEZIER_KNOTS.);
#1990 = CARTESIAN_POINT('',(-0.4,-0.15,1.000000000029E-07));
#1991 = CARTESIAN_POINT('',(-0.8,-0.15,1.000000000029E-07));
#1992 = ORIENTED_EDGE('',*,*,#1883,.F.);
#1993 = B_SPLINE_SURFACE_WITH_KNOTS('',1,1,(
    (#1994,#1995)
    ,(#1996,#1997
    )),.UNSPECIFIED.,.F.,.F.,.F.,(2,2),(2,2),(0.,0.4),(-0.11,
    2.949622769041E-19),.PIECEWISE_BEZIER_KNOTS.);
#1994 = CARTESIAN_POINT('',(-0.8,-0.15,1.000000000029E-07));
#1995 = CARTESIAN_POINT('',(-0.8,-0.15,0.1100001));
#1996 = CARTESIAN_POINT('',(-0.4,-0.15,1.000000000029E-07));
#1997 = CARTESIAN_POINT('',(-0.4,-0.15,0.1100001));
#1998 = ADVANCED_FACE('',(#1999),#2005,.T.);
#1999 = FACE_BOUND('',#2000,.T.);
#2000 = EDGE_LOOP('',(#2001,#2002,#2003,#2004));
#2001 = ORIENTED_EDGE('',*,*,#1890,.T.);
#2002 = ORIENTED_EDGE('',*,*,#1988,.T.);
#2003 = ORIENTED_EDGE('',*,*,#1963,.T.);
#2004 = ORIENTED_EDGE('',*,*,#1942,.T.);
#2005 = B_SPLINE_SURFACE_WITH_KNOTS('',1,1,(
    (#2006,#2007)
    ,(#2008,#2009
    )),.UNSPECIFIED.,.F.,.F.,.F.,(2,2),(2,2),(0.4,0.8),(-0.15,0.15),
  .PIECEWISE_BEZIER_KNOTS.);
#2006 = CARTESIAN_POINT('',(-0.4,-0.15,1.000000000029E-07));
#2007 = CARTESIAN_POINT('',(-0.4,0.15,1.000000000029E-07));
#2008 = CARTESIAN_POINT('',(-0.8,-0.15,1.000000000029E-07));
#2009 = CARTESIAN_POINT('',(-0.8,0.15,1.000000000029E-07));
#2010 = ADVANCED_FACE('',(#2011),#2033,.F.);
#2011 = FACE_BOUND('',#2012,.T.);
#2012 = EDGE_LOOP('',(#2013,#2020,#2021,#2028));
#2013 = ORIENTED_EDGE('',*,*,#2014,.F.);
#2014 = EDGE_CURVE('',#1619,#2015,#2017,.T.);
#2015 = VERTEX_POINT('',#2016);
#2016 = CARTESIAN_POINT('',(0.4,-0.15,1.000000000029E-07));
#2017 = B_SPLINE_CURVE_WITH_KNOTS('',1,(#2018,#2019),.UNSPECIFIED.,.F.,
  .F.,(2,2),(0.1,0.11),.PIECEWISE_BEZIER_KNOTS.);
#2018 = CARTESIAN_POINT('',(0.4,-0.15,1.00001E-02));
#2019 = CARTESIAN_POINT('',(0.4,-0.15,1.000000000029E-07));
#2020 = ORIENTED_EDGE('',*,*,#1618,.T.);
#2021 = ORIENTED_EDGE('',*,*,#2022,.T.);
#2022 = EDGE_CURVE('',#1612,#2023,#2025,.T.);
#2023 = VERTEX_POINT('',#2024);
#2024 = CARTESIAN_POINT('',(0.4,0.15,1.000000000029E-07));
#2025 = B_SPLINE_CURVE_WITH_KNOTS('',1,(#2026,#2027),.UNSPECIFIED.,.F.,
  .F.,(2,2),(0.1,0.11),.PIECEWISE_BEZIER_KNOTS.);
#2026 = CARTESIAN_POINT('',(0.4,0.15,1.00001E-02));
#2027 = CARTESIAN_POINT('',(0.4,0.15,1.000000000029E-07));
#2028 = ORIENTED_EDGE('',*,*,#2029,.T.);
#2029 = EDGE_CURVE('',#2023,#2015,#2030,.T.);
#2030 = B_SPLINE_CURVE_WITH_KNOTS('',1,(#2031,#2032),.UNSPECIFIED.,.F.,
  .F.,(2,2),(-0.3,0.),.PIECEWISE_BEZIER_KNOTS.);
#2031 = CARTESIAN_POINT('',(0.4,0.15,1.000000000029E-07));
#2032 = CARTESIAN_POINT('',(0.4,-0.15,1.000000000029E-07));
#2033 = B_SPLINE_SURFACE_WITH_KNOTS('',1,1,(
    (#2034,#2035)
    ,(#2036,#2037
    )),.UNSPECIFIED.,.F.,.F.,.F.,(2,2),(2,2),(0.1,0.11),(0.,0.3),
  .PIECEWISE_BEZIER_KNOTS.);
#2034 = CARTESIAN_POINT('',(0.4,-0.15,1.00001E-02));
#2035 = CARTESIAN_POINT('',(0.4,0.15,1.00001E-02));
#2036 = CARTESIAN_POINT('',(0.4,-0.15,1.000000000029E-07));
#2037 = CARTESIAN_POINT('',(0.4,0.15,1.000000000029E-07));
#2038 = ADVANCED_FACE('',(#2039),#2061,.F.);
#2039 = FACE_BOUND('',#2040,.T.);
#2040 = EDGE_LOOP('',(#2041,#2048,#2049,#2056));
#2041 = ORIENTED_EDGE('',*,*,#2042,.T.);
#2042 = EDGE_CURVE('',#2043,#1515,#2045,.T.);
#2043 = VERTEX_POINT('',#2044);
#2044 = CARTESIAN_POINT('',(0.8,0.15,0.1100001));
#2045 = B_SPLINE_CURVE_WITH_KNOTS('',1,(#2046,#2047),.UNSPECIFIED.,.F.,
  .F.,(2,2),(0.,0.2),.PIECEWISE_BEZIER_KNOTS.);
#2046 = CARTESIAN_POINT('',(0.8,0.15,0.1100001));
#2047 = CARTESIAN_POINT('',(0.6,0.15,0.1100001));
#2048 = ORIENTED_EDGE('',*,*,#1765,.F.);
#2049 = ORIENTED_EDGE('',*,*,#2050,.T.);
#2050 = EDGE_CURVE('',#1465,#2051,#2053,.T.);
#2051 = VERTEX_POINT('',#2052);
#2052 = CARTESIAN_POINT('',(0.8,-0.15,0.1100001));
#2053 = B_SPLINE_CURVE_WITH_KNOTS('',1,(#2054,#2055),.UNSPECIFIED.,.F.,
  .F.,(2,2),(-0.2,0.),.PIECEWISE_BEZIER_KNOTS.);
#2054 = CARTESIAN_POINT('',(0.6,-0.15,0.1100001));
#2055 = CARTESIAN_POINT('',(0.8,-0.15,0.1100001));
#2056 = ORIENTED_EDGE('',*,*,#2057,.T.);
#2057 = EDGE_CURVE('',#2051,#2043,#2058,.T.);
#2058 = B_SPLINE_CURVE_WITH_KNOTS('',1,(#2059,#2060),.UNSPECIFIED.,.F.,
  .F.,(2,2),(0.,0.3),.PIECEWISE_BEZIER_KNOTS.);
#2059 = CARTESIAN_POINT('',(0.8,-0.15,0.1100001));
#2060 = CARTESIAN_POINT('',(0.8,0.15,0.1100001));
#2061 = B_SPLINE_SURFACE_WITH_KNOTS('',1,1,(
    (#2062,#2063)
    ,(#2064,#2065
    )),.UNSPECIFIED.,.F.,.F.,.F.,(2,2),(2,2),(0.6,0.8),(-0.15,0.15),
  .PIECEWISE_BEZIER_KNOTS.);
#2062 = CARTESIAN_POINT('',(0.6,0.15,0.1100001));
#2063 = CARTESIAN_POINT('',(0.6,-0.15,0.1100001));
#2064 = CARTESIAN_POINT('',(0.8,0.15,0.1100001));
#2065 = CARTESIAN_POINT('',(0.8,-0.15,0.1100001));
#2066 = ADVANCED_FACE('',(#2067),#2085,.F.);
#2067 = FACE_BOUND('',#2068,.T.);
#2068 = EDGE_LOOP('',(#2069,#2070,#2071,#2072,#2079,#2084));
#2069 = ORIENTED_EDGE('',*,*,#1485,.F.);
#2070 = ORIENTED_EDGE('',*,*,#1625,.T.);
#2071 = ORIENTED_EDGE('',*,*,#2014,.T.);
#2072 = ORIENTED_EDGE('',*,*,#2073,.T.);
#2073 = EDGE_CURVE('',#2015,#2074,#2076,.T.);
#2074 = VERTEX_POINT('',#2075);
#2075 = CARTESIAN_POINT('',(0.8,-0.15,1.000000000029E-07));
#2076 = B_SPLINE_CURVE_WITH_KNOTS('',1,(#2077,#2078),.UNSPECIFIED.,.F.,
  .F.,(2,2),(-0.4,0.),.PIECEWISE_BEZIER_KNOTS.);
#2077 = CARTESIAN_POINT('',(0.4,-0.15,1.000000000029E-07));
#2078 = CARTESIAN_POINT('',(0.8,-0.15,1.000000000029E-07));
#2079 = ORIENTED_EDGE('',*,*,#2080,.F.);
#2080 = EDGE_CURVE('',#2051,#2074,#2081,.T.);
#2081 = B_SPLINE_CURVE_WITH_KNOTS('',1,(#2082,#2083),.UNSPECIFIED.,.F.,
  .F.,(2,2),(0.,0.11),.PIECEWISE_BEZIER_KNOTS.);
#2082 = CARTESIAN_POINT('',(0.8,-0.15,0.1100001));
#2083 = CARTESIAN_POINT('',(0.8,-0.15,1.000000000029E-07));
#2084 = ORIENTED_EDGE('',*,*,#2050,.F.);
#2085 = B_SPLINE_SURFACE_WITH_KNOTS('',1,1,(
    (#2086,#2087)
    ,(#2088,#2089
    )),.UNSPECIFIED.,.F.,.F.,.F.,(2,2),(2,2),(-0.,0.4),(-0.11,
    9.934372528405E-18),.PIECEWISE_BEZIER_KNOTS.);
#2086 = CARTESIAN_POINT('',(0.8,-0.15,1.000000000029E-07));
#2087 = CARTESIAN_POINT('',(0.8,-0.15,0.1100001));
#2088 = CARTESIAN_POINT('',(0.4,-0.15,1.000000000029E-07));
#2089 = CARTESIAN_POINT('',(0.4,-0.15,0.1100001));
#2090 = ADVANCED_FACE('',(#2091),#2107,.F.);
#2091 = FACE_BOUND('',#2092,.T.);
#2092 = EDGE_LOOP('',(#2093,#2094,#2101,#2106));
#2093 = ORIENTED_EDGE('',*,*,#2080,.T.);
#2094 = ORIENTED_EDGE('',*,*,#2095,.T.);
#2095 = EDGE_CURVE('',#2074,#2096,#2098,.T.);
#2096 = VERTEX_POINT('',#2097);
#2097 = CARTESIAN_POINT('',(0.8,0.15,1.000000000029E-07));
#2098 = B_SPLINE_CURVE_WITH_KNOTS('',1,(#2099,#2100),.UNSPECIFIED.,.F.,
  .F.,(2,2),(0.,0.3),.PIECEWISE_BEZIER_KNOTS.);
#2099 = CARTESIAN_POINT('',(0.8,-0.15,1.000000000029E-07));
#2100 = CARTESIAN_POINT('',(0.8,0.15,1.000000000029E-07));
#2101 = ORIENTED_EDGE('',*,*,#2102,.F.);
#2102 = EDGE_CURVE('',#2043,#2096,#2103,.T.);
#2103 = B_SPLINE_CURVE_WITH_KNOTS('',1,(#2104,#2105),.UNSPECIFIED.,.F.,
  .F.,(2,2),(0.,0.11),.PIECEWISE_BEZIER_KNOTS.);
#2104 = CARTESIAN_POINT('',(0.8,0.15,0.1100001));
#2105 = CARTESIAN_POINT('',(0.8,0.15,1.000000000029E-07));
#2106 = ORIENTED_EDGE('',*,*,#2057,.F.);
#2107 = B_SPLINE_SURFACE_WITH_KNOTS('',1,1,(
    (#2108,#2109)
    ,(#2110,#2111
    )),.UNSPECIFIED.,.F.,.F.,.F.,(2,2),(2,2),(-0.11,0.),(0.,0.3),
  .PIECEWISE_BEZIER_KNOTS.);
#2108 = CARTESIAN_POINT('',(0.8,-0.15,1.000000000029E-07));
#2109 = CARTESIAN_POINT('',(0.8,0.15,1.000000000029E-07));
#2110 = CARTESIAN_POINT('',(0.8,-0.15,0.1100001));
#2111 = CARTESIAN_POINT('',(0.8,0.15,0.1100001));
#2112 = ADVANCED_FACE('',(#2113),#2125,.F.);
#2113 = FACE_BOUND('',#2114,.T.);
#2114 = EDGE_LOOP('',(#2115,#2116,#2117,#2118,#2123,#2124));
#2115 = ORIENTED_EDGE('',*,*,#1521,.F.);
#2116 = ORIENTED_EDGE('',*,*,#2042,.F.);
#2117 = ORIENTED_EDGE('',*,*,#2102,.T.);
#2118 = ORIENTED_EDGE('',*,*,#2119,.T.);
#2119 = EDGE_CURVE('',#2096,#2023,#2120,.T.);
#2120 = B_SPLINE_CURVE_WITH_KNOTS('',1,(#2121,#2122),.UNSPECIFIED.,.F.,
  .F.,(2,2),(0.,0.4),.PIECEWISE_BEZIER_KNOTS.);
#2121 = CARTESIAN_POINT('',(0.8,0.15,1.000000000029E-07));
#2122 = CARTESIAN_POINT('',(0.4,0.15,1.000000000029E-07));
#2123 = ORIENTED_EDGE('',*,*,#2022,.F.);
#2124 = ORIENTED_EDGE('',*,*,#1611,.T.);
#2125 = B_SPLINE_SURFACE_WITH_KNOTS('',1,1,(
    (#2126,#2127)
    ,(#2128,#2129
    )),.UNSPECIFIED.,.F.,.F.,.F.,(2,2),(2,2),(-0.4,0.),(-0.11,
    1.2290094871E-19),.PIECEWISE_BEZIER_KNOTS.);
#2126 = CARTESIAN_POINT('',(0.4,0.15,1.000000000029E-07));
#2127 = CARTESIAN_POINT('',(0.4,0.15,0.1100001));
#2128 = CARTESIAN_POINT('',(0.8,0.15,1.000000000029E-07));
#2129 = CARTESIAN_POINT('',(0.8,0.15,0.1100001));
#2130 = ADVANCED_FACE('',(#2131),#2137,.T.);
#2131 = FACE_BOUND('',#2132,.T.);
#2132 = EDGE_LOOP('',(#2133,#2134,#2135,#2136));
#2133 = ORIENTED_EDGE('',*,*,#2029,.F.);
#2134 = ORIENTED_EDGE('',*,*,#2119,.F.);
#2135 = ORIENTED_EDGE('',*,*,#2095,.F.);
#2136 = ORIENTED_EDGE('',*,*,#2073,.F.);
#2137 = B_SPLINE_SURFACE_WITH_KNOTS('',1,1,(
    (#2138,#2139)
    ,(#2140,#2141
    )),.UNSPECIFIED.,.F.,.F.,.F.,(2,2),(2,2),(0.4,0.8),(-0.15,0.15),
  .PIECEWISE_BEZIER_KNOTS.);
#2138 = CARTESIAN_POINT('',(0.4,0.15,1.000000000029E-07));
#2139 = CARTESIAN_POINT('',(0.4,-0.15,1.000000000029E-07));
#2140 = CARTESIAN_POINT('',(0.8,0.15,1.000000000029E-07));
#2141 = CARTESIAN_POINT('',(0.8,-0.15,1.000000000029E-07));
#2142 = ADVANCED_FACE('',(#2143),#2155,.T.);
#2143 = FACE_BOUND('',#2144,.T.);
#2144 = EDGE_LOOP('',(#2145,#2146,#2147,#2154));
#2145 = ORIENTED_EDGE('',*,*,#1587,.F.);
#2146 = ORIENTED_EDGE('',*,*,#1655,.F.);
#2147 = ORIENTED_EDGE('',*,*,#2148,.F.);
#2148 = EDGE_CURVE('',#1074,#1647,#2149,.T.);
#2149 = ( BOUNDED_CURVE() B_SPLINE_CURVE(3,(#2150,#2151,#2152,#2153),
.UNSPECIFIED.,.F.,.F.) B_SPLINE_CURVE_WITH_KNOTS((4,4),(5.501585242055,
7.064785372304),.PIECEWISE_BEZIER_KNOTS.) CURVE() 
GEOMETRIC_REPRESENTATION_ITEM() RATIONAL_B_SPLINE_CURVE((1.,
0.806524890385,0.806524890385,1.)) REPRESENTATION_ITEM('') );
#2150 = CARTESIAN_POINT('',(-0.550190265095,0.4,0.1100001));
#2151 = CARTESIAN_POINT('',(-0.579413846781,0.4,0.1100001));
#2152 = CARTESIAN_POINT('',(-0.6,0.379413846781,0.1100001));
#2153 = CARTESIAN_POINT('',(-0.6,0.350190265095,0.1100001));
#2154 = ORIENTED_EDGE('',*,*,#1737,.F.);
#2155 = ( BOUNDED_SURFACE() B_SPLINE_SURFACE(2,1,(
    (#2156,#2157)
    ,(#2158,#2159)
    ,(#2160,#2161
)),.UNSPECIFIED.,.F.,.F.,.F.) B_SPLINE_SURFACE_WITH_KNOTS((3,3),(2,2),(
    1.578392523341,3.14159265359),(-0.105087329068,-2.52364946846E-03),
.PIECEWISE_BEZIER_KNOTS.) GEOMETRIC_REPRESENTATION_ITEM() 
RATIONAL_B_SPLINE_SURFACE((
    (1.,1.)
    ,(0.709787335578,0.709787335578)
,(1.,1.))) REPRESENTATION_ITEM('') SURFACE() );
#2156 = CARTESIAN_POINT('',(-0.541441398743,0.391251133647,1.00001E-02)
  );
#2157 = CARTESIAN_POINT('',(-0.550346653697,0.400156388601,
    0.111787629892));
#2158 = CARTESIAN_POINT('',(-0.590875625159,0.390875625159,
    5.708018334252E-03));
#2159 = CARTESIAN_POINT('',(-0.599780880113,0.399780880113,
    0.107495548226));
#2160 = CARTESIAN_POINT('',(-0.591251133647,0.341441398743,1.00001E-02)
  );
#2161 = CARTESIAN_POINT('',(-0.600156388601,0.350346653697,
    0.111787629892));
#2162 = ADVANCED_FACE('',(#2163),#2175,.T.);
#2163 = FACE_BOUND('',#2164,.T.);
#2164 = EDGE_LOOP('',(#2165,#2166,#2167,#2174));
#2165 = ORIENTED_EDGE('',*,*,#1603,.F.);
#2166 = ORIENTED_EDGE('',*,*,#1731,.F.);
#2167 = ORIENTED_EDGE('',*,*,#2168,.F.);
#2168 = EDGE_CURVE('',#1508,#1067,#2169,.T.);
#2169 = ( BOUNDED_CURVE() B_SPLINE_CURVE(3,(#2170,#2171,#2172,#2173),
.UNSPECIFIED.,.F.,.F.) B_SPLINE_CURVE_WITH_KNOTS((4,4),(5.501585242055,
7.064785372304),.PIECEWISE_BEZIER_KNOTS.) CURVE() 
GEOMETRIC_REPRESENTATION_ITEM() RATIONAL_B_SPLINE_CURVE((1.,
0.806524890385,0.806524890385,1.)) REPRESENTATION_ITEM('') );
#2170 = CARTESIAN_POINT('',(0.6,0.350190265095,0.1100001));
#2171 = CARTESIAN_POINT('',(0.6,0.379413846781,0.1100001));
#2172 = CARTESIAN_POINT('',(0.579413846781,0.4,0.1100001));
#2173 = CARTESIAN_POINT('',(0.550190265095,0.4,0.1100001));
#2174 = ORIENTED_EDGE('',*,*,#1507,.F.);
#2175 = ( BOUNDED_SURFACE() B_SPLINE_SURFACE(2,1,(
    (#2176,#2177)
    ,(#2178,#2179)
    ,(#2180,#2181
)),.UNSPECIFIED.,.F.,.F.,.F.) B_SPLINE_SURFACE_WITH_KNOTS((3,3),(2,2),(
    0.,1.563200130248),(-0.105087329068,-2.52364946846E-03),
.PIECEWISE_BEZIER_KNOTS.) GEOMETRIC_REPRESENTATION_ITEM() 
RATIONAL_B_SPLINE_SURFACE((
    (1.,1.)
    ,(0.709787335578,0.709787335578)
,(1.,1.))) REPRESENTATION_ITEM('') SURFACE() );
#2176 = CARTESIAN_POINT('',(0.591251133647,0.341441398743,1.00001E-02));
#2177 = CARTESIAN_POINT('',(0.600156388601,0.350346653697,0.111787629892
    ));
#2178 = CARTESIAN_POINT('',(0.590875625159,0.390875625159,
    5.708018334252E-03));
#2179 = CARTESIAN_POINT('',(0.599780880113,0.399780880113,0.107495548226
    ));
#2180 = CARTESIAN_POINT('',(0.541441398743,0.391251133647,1.00001E-02));
#2181 = CARTESIAN_POINT('',(0.550346653697,0.400156388601,0.111787629892
    ));
#2182 = ADVANCED_FACE('',(#2183),#2194,.T.);
#2183 = FACE_BOUND('',#2184,.T.);
#2184 = EDGE_LOOP('',(#2185,#2186,#2187,#2193));
#2185 = ORIENTED_EDGE('',*,*,#2148,.T.);
#2186 = ORIENTED_EDGE('',*,*,#1799,.F.);
#2187 = ORIENTED_EDGE('',*,*,#2188,.F.);
#2188 = EDGE_CURVE('',#1058,#1793,#2189,.T.);
#2189 = ( BOUNDED_CURVE() B_SPLINE_CURVE(2,(#2190,#2191,#2192),
.UNSPECIFIED.,.F.,.F.) B_SPLINE_CURVE_WITH_KNOTS((3,3),(3.14159265359,
4.704792783838),.PIECEWISE_BEZIER_KNOTS.) CURVE() 
GEOMETRIC_REPRESENTATION_ITEM() RATIONAL_B_SPLINE_CURVE((1.,
0.709787335578,1.)) REPRESENTATION_ITEM('') );
#2190 = CARTESIAN_POINT('',(-0.510439109536,0.360248844441,
    0.564357887137));
#2191 = CARTESIAN_POINT('',(-0.559873335952,0.359873335952,
    0.568649968803));
#2192 = CARTESIAN_POINT('',(-0.560248844441,0.310439109536,
    0.564357887137));
#2193 = ORIENTED_EDGE('',*,*,#1080,.F.);
#2194 = ( BOUNDED_SURFACE() B_SPLINE_SURFACE(2,1,(
    (#2195,#2196)
    ,(#2197,#2198)
    ,(#2199,#2200
)),.UNSPECIFIED.,.F.,.F.,.F.) B_SPLINE_SURFACE_WITH_KNOTS((3,3),(2,2),(
    0.,1.563200130248),(-0.462147163237,-2.52364946846E-03),
.PIECEWISE_BEZIER_KNOTS.) GEOMETRIC_REPRESENTATION_ITEM() 
RATIONAL_B_SPLINE_SURFACE((
    (1.,1.)
    ,(0.709787335578,0.709787335578)
,(1.,1.))) REPRESENTATION_ITEM('') SURFACE() );
#2195 = CARTESIAN_POINT('',(-0.560248844441,0.310439109536,
    0.564357887137));
#2196 = CARTESIAN_POINT('',(-0.600156388601,0.350346653697,
    0.108212570108));
#2197 = CARTESIAN_POINT('',(-0.559873335952,0.359873335952,
    0.568649968803));
#2198 = CARTESIAN_POINT('',(-0.599780880113,0.399780880113,
    0.112504651774));
#2199 = CARTESIAN_POINT('',(-0.510439109536,0.360248844441,
    0.564357887137));
#2200 = CARTESIAN_POINT('',(-0.550346653697,0.400156388601,
    0.108212570108));
#2201 = ADVANCED_FACE('',(#2202),#2240,.T.);
#2202 = FACE_BOUND('',#2203,.T.);
#2203 = EDGE_LOOP('',(#2204,#2212,#2219,#2225,#2226,#2232,#2233,#2239));
#2204 = ORIENTED_EDGE('',*,*,#2205,.F.);
#2205 = EDGE_CURVE('',#2206,#1427,#2208,.T.);
#2206 = VERTEX_POINT('',#2207);
#2207 = CARTESIAN_POINT('',(-0.365472499498,0.320388983907,0.6090001));
#2208 = ( BOUNDED_CURVE() B_SPLINE_CURVE(2,(#2209,#2210,#2211),
.UNSPECIFIED.,.F.,.F.) B_SPLINE_CURVE_WITH_KNOTS((3,3),(4.512054138062,
4.712388980385),.PIECEWISE_BEZIER_KNOTS.) CURVE() 
GEOMETRIC_REPRESENTATION_ITEM() RATIONAL_B_SPLINE_CURVE((1.,
0.994987437107,1.)) REPRESENTATION_ITEM('') );
#2209 = CARTESIAN_POINT('',(-0.365472499498,0.320388983907,0.6090001));
#2210 = CARTESIAN_POINT('',(-0.365472499498,0.315464298612,0.6100001));
#2211 = CARTESIAN_POINT('',(-0.365472499498,0.310439109536,0.6100001));
#2212 = ORIENTED_EDGE('',*,*,#2213,.F.);
#2213 = EDGE_CURVE('',#2214,#2206,#2216,.T.);
#2214 = VERTEX_POINT('',#2215);
#2215 = CARTESIAN_POINT('',(-0.313545793237,0.320388983907,0.6090001));
#2216 = B_SPLINE_CURVE_WITH_KNOTS('',1,(#2217,#2218),.UNSPECIFIED.,.F.,
  .F.,(2,2),(0.313545793237,0.365472499498),.PIECEWISE_BEZIER_KNOTS.);
#2217 = CARTESIAN_POINT('',(-0.313545793237,0.320388983907,0.6090001));
#2218 = CARTESIAN_POINT('',(-0.365472499498,0.320388983907,0.6090001));
#2219 = ORIENTED_EDGE('',*,*,#2220,.F.);
#2220 = EDGE_CURVE('',#1849,#2214,#2221,.T.);
#2221 = ( BOUNDED_CURVE() B_SPLINE_CURVE(2,(#2222,#2223,#2224),
.UNSPECIFIED.,.F.,.F.) B_SPLINE_CURVE_WITH_KNOTS((3,3),(4.712388980385,
4.912723822708),.PIECEWISE_BEZIER_KNOTS.) CURVE() 
GEOMETRIC_REPRESENTATION_ITEM() RATIONAL_B_SPLINE_CURVE((1.,
0.994987437107,1.)) REPRESENTATION_ITEM('') );
#2222 = CARTESIAN_POINT('',(-0.313545793237,0.310439109536,0.6100001));
#2223 = CARTESIAN_POINT('',(-0.313545793237,0.315464298612,0.6100001));
#2224 = CARTESIAN_POINT('',(-0.313545793237,0.320388983907,0.6090001));
#2225 = ORIENTED_EDGE('',*,*,#1869,.F.);
#2226 = ORIENTED_EDGE('',*,*,#2227,.F.);
#2227 = EDGE_CURVE('',#1060,#1863,#2228,.T.);
#2228 = ( BOUNDED_CURVE() B_SPLINE_CURVE(2,(#2229,#2230,#2231),
.UNSPECIFIED.,.F.,.F.) B_SPLINE_CURVE_WITH_KNOTS((3,3),(1.658062789395,
3.14159265359),.PIECEWISE_BEZIER_KNOTS.) CURVE() 
GEOMETRIC_REPRESENTATION_ITEM() RATIONAL_B_SPLINE_CURVE((1.,
0.73727733681,1.)) REPRESENTATION_ITEM('') );
#2229 = CARTESIAN_POINT('',(0.510439109536,0.360248844441,0.564357887137
    ));
#2230 = CARTESIAN_POINT('',(0.510439109536,0.356255668237,0.6100001));
#2231 = CARTESIAN_POINT('',(0.510439109536,0.310439109536,0.6100001));
#2232 = ORIENTED_EDGE('',*,*,#1057,.F.);
#2233 = ORIENTED_EDGE('',*,*,#2234,.F.);
#2234 = EDGE_CURVE('',#1436,#1058,#2235,.T.);
#2235 = ( BOUNDED_CURVE() B_SPLINE_CURVE(2,(#2236,#2237,#2238),
.UNSPECIFIED.,.F.,.F.) B_SPLINE_CURVE_WITH_KNOTS((3,3),(1.570796326795,
3.05432619099),.PIECEWISE_BEZIER_KNOTS.) CURVE() 
GEOMETRIC_REPRESENTATION_ITEM() RATIONAL_B_SPLINE_CURVE((1.,
0.73727733681,1.)) REPRESENTATION_ITEM('') );
#2236 = CARTESIAN_POINT('',(-0.510439109536,0.310439109536,0.6100001));
#2237 = CARTESIAN_POINT('',(-0.510439109536,0.356255668237,0.6100001));
#2238 = CARTESIAN_POINT('',(-0.510439109536,0.360248844441,
    0.564357887137));
#2239 = ORIENTED_EDGE('',*,*,#1435,.F.);
#2240 = ( BOUNDED_SURFACE() B_SPLINE_SURFACE(2,1,(
    (#2241,#2242)
    ,(#2243,#2244)
    ,(#2245,#2246
)),.UNSPECIFIED.,.F.,.F.,.F.) B_SPLINE_SURFACE_WITH_KNOTS((3,3),(2,2),(
    0.,1.483529864195),(-0.510439109536,0.510439109536),
.PIECEWISE_BEZIER_KNOTS.) GEOMETRIC_REPRESENTATION_ITEM() 
RATIONAL_B_SPLINE_SURFACE((
    (1.,1.)
    ,(0.73727733681,0.73727733681)
,(1.,1.))) REPRESENTATION_ITEM('') SURFACE() );
#2241 = CARTESIAN_POINT('',(0.510439109536,0.310439109536,0.6100001));
#2242 = CARTESIAN_POINT('',(-0.510439109536,0.310439109536,0.6100001));
#2243 = CARTESIAN_POINT('',(0.510439109536,0.356255668237,0.6100001));
#2244 = CARTESIAN_POINT('',(-0.510439109536,0.356255668237,0.6100001));
#2245 = CARTESIAN_POINT('',(0.510439109536,0.360248844441,0.564357887137
    ));
#2246 = CARTESIAN_POINT('',(-0.510439109536,0.360248844441,
    0.564357887137));
#2247 = ADVANCED_FACE('',(#2248),#2259,.T.);
#2248 = FACE_BOUND('',#2249,.T.);
#2249 = EDGE_LOOP('',(#2250,#2251,#2252,#2258));
#2250 = ORIENTED_EDGE('',*,*,#2168,.T.);
#2251 = ORIENTED_EDGE('',*,*,#1066,.F.);
#2252 = ORIENTED_EDGE('',*,*,#2253,.F.);
#2253 = EDGE_CURVE('',#1751,#1060,#2254,.T.);
#2254 = ( BOUNDED_CURVE() B_SPLINE_CURVE(2,(#2255,#2256,#2257),
.UNSPECIFIED.,.F.,.F.) B_SPLINE_CURVE_WITH_KNOTS((3,3),(1.578392523341,
3.14159265359),.PIECEWISE_BEZIER_KNOTS.) CURVE() 
GEOMETRIC_REPRESENTATION_ITEM() RATIONAL_B_SPLINE_CURVE((1.,
0.709787335578,1.)) REPRESENTATION_ITEM('') );
#2255 = CARTESIAN_POINT('',(0.560248844441,0.310439109536,0.564357887137
    ));
#2256 = CARTESIAN_POINT('',(0.559873335952,0.359873335952,0.568649968803
    ));
#2257 = CARTESIAN_POINT('',(0.510439109536,0.360248844441,0.564357887137
    ));
#2258 = ORIENTED_EDGE('',*,*,#1771,.F.);
#2259 = ( BOUNDED_SURFACE() B_SPLINE_SURFACE(2,1,(
    (#2260,#2261)
    ,(#2262,#2263)
    ,(#2264,#2265
)),.UNSPECIFIED.,.F.,.F.,.F.) B_SPLINE_SURFACE_WITH_KNOTS((3,3),(2,2),(
    1.578392523341,3.14159265359),(-0.3579552506,0.101668263169),
.PIECEWISE_BEZIER_KNOTS.) GEOMETRIC_REPRESENTATION_ITEM() 
RATIONAL_B_SPLINE_SURFACE((
    (1.,1.)
    ,(0.709787335578,0.709787335578)
,(1.,1.))) REPRESENTATION_ITEM('') SURFACE() );
#2260 = CARTESIAN_POINT('',(0.510439109536,0.360248844441,0.564357887137
    ));
#2261 = CARTESIAN_POINT('',(0.550346653697,0.400156388601,0.108212570108
    ));
#2262 = CARTESIAN_POINT('',(0.559873335952,0.359873335952,0.568649968803
    ));
#2263 = CARTESIAN_POINT('',(0.599780880113,0.399780880113,0.112504651774
    ));
#2264 = CARTESIAN_POINT('',(0.560248844441,0.310439109536,0.564357887137
    ));
#2265 = CARTESIAN_POINT('',(0.600156388601,0.350346653697,0.108212570108
    ));
#2266 = ADVANCED_FACE('',(#2267),#2279,.T.);
#2267 = FACE_BOUND('',#2268,.T.);
#2268 = EDGE_LOOP('',(#2269,#2270,#2271,#2278));
#2269 = ORIENTED_EDGE('',*,*,#1543,.F.);
#2270 = ORIENTED_EDGE('',*,*,#1683,.F.);
#2271 = ORIENTED_EDGE('',*,*,#2272,.F.);
#2272 = EDGE_CURVE('',#1704,#1675,#2273,.T.);
#2273 = ( BOUNDED_CURVE() B_SPLINE_CURVE(3,(#2274,#2275,#2276,#2277),
.UNSPECIFIED.,.F.,.F.) B_SPLINE_CURVE_WITH_KNOTS((4,4),(5.501585242055,
7.064785372304),.PIECEWISE_BEZIER_KNOTS.) CURVE() 
GEOMETRIC_REPRESENTATION_ITEM() RATIONAL_B_SPLINE_CURVE((1.,
0.806524890385,0.806524890385,1.)) REPRESENTATION_ITEM('') );
#2274 = CARTESIAN_POINT('',(-0.6,-0.350190265095,0.1100001));
#2275 = CARTESIAN_POINT('',(-0.6,-0.379413846781,0.1100001));
#2276 = CARTESIAN_POINT('',(-0.579413846781,-0.4,0.1100001));
#2277 = CARTESIAN_POINT('',(-0.550190265095,-0.4,0.1100001));
#2278 = ORIENTED_EDGE('',*,*,#1703,.F.);
#2279 = ( BOUNDED_SURFACE() B_SPLINE_SURFACE(2,1,(
    (#2280,#2281)
    ,(#2282,#2283)
    ,(#2284,#2285
)),.UNSPECIFIED.,.F.,.F.,.F.) B_SPLINE_SURFACE_WITH_KNOTS((3,3),(2,2),(
    4.719985176931,6.28318530718),(-3.562605397668E-02,
    6.693762562294E-02),.PIECEWISE_BEZIER_KNOTS.) 
GEOMETRIC_REPRESENTATION_ITEM() RATIONAL_B_SPLINE_SURFACE((
    (1.,1.)
    ,(0.709787335578,0.709787335578)
,(1.,1.))) REPRESENTATION_ITEM('') SURFACE() );
#2280 = CARTESIAN_POINT('',(-0.591251133647,-0.341441398743,1.00001E-02)
  );
#2281 = CARTESIAN_POINT('',(-0.600156388601,-0.350346653697,
    0.111787629892));
#2282 = CARTESIAN_POINT('',(-0.590875625159,-0.390875625159,
    5.708018334252E-03));
#2283 = CARTESIAN_POINT('',(-0.599780880113,-0.399780880113,
    0.107495548226));
#2284 = CARTESIAN_POINT('',(-0.541441398743,-0.391251133647,1.00001E-02)
  );
#2285 = CARTESIAN_POINT('',(-0.550346653697,-0.400156388601,
    0.111787629892));
#2286 = ADVANCED_FACE('',(#2287),#2297,.T.);
#2287 = FACE_BOUND('',#2288,.T.);
#2288 = EDGE_LOOP('',(#2289,#2290,#2291));
#2289 = ORIENTED_EDGE('',*,*,#2234,.T.);
#2290 = ORIENTED_EDGE('',*,*,#2188,.T.);
#2291 = ORIENTED_EDGE('',*,*,#2292,.F.);
#2292 = EDGE_CURVE('',#1436,#1793,#2293,.T.);
#2293 = ( BOUNDED_CURVE() B_SPLINE_CURVE(2,(#2294,#2295,#2296),
.UNSPECIFIED.,.F.,.F.) B_SPLINE_CURVE_WITH_KNOTS((3,3),(0.,
1.483529864195),.PIECEWISE_BEZIER_KNOTS.) CURVE() 
GEOMETRIC_REPRESENTATION_ITEM() RATIONAL_B_SPLINE_CURVE((1.,
0.73727733681,1.)) REPRESENTATION_ITEM('') );
#2294 = CARTESIAN_POINT('',(-0.510439109536,0.310439109536,0.6100001));
#2295 = CARTESIAN_POINT('',(-0.556255668237,0.310439109536,0.6100001));
#2296 = CARTESIAN_POINT('',(-0.560248844441,0.310439109536,
    0.564357887137));
#2297 = ( BOUNDED_SURFACE() B_SPLINE_SURFACE(2,2,(
    (#2298,#2299,#2300)
    ,(#2301,#2302,#2303)
    ,(#2304,#2305,#2306
)),.UNSPECIFIED.,.F.,.F.,.F.) B_SPLINE_SURFACE_WITH_KNOTS((3,3),(3,3),(
    3.22885911619,4.712388980385),(0.,1.483529864195),
.PIECEWISE_BEZIER_KNOTS.) GEOMETRIC_REPRESENTATION_ITEM() 
RATIONAL_B_SPLINE_SURFACE((
    (1.,0.73727733681,1.)
    ,(0.73727733681,0.543577871374,0.73727733681)
,(1.,0.73727733681,1.))) REPRESENTATION_ITEM('') SURFACE() );
#2298 = CARTESIAN_POINT('',(-0.560248844441,0.310439109536,
    0.564357887137));
#2299 = CARTESIAN_POINT('',(-0.560248844441,0.356255668237,
    0.564357887137));
#2300 = CARTESIAN_POINT('',(-0.514780313978,0.360248844441,
    0.560379906175));
#2301 = CARTESIAN_POINT('',(-0.556255668237,0.310439109536,0.6100001));
#2302 = CARTESIAN_POINT('',(-0.556255668237,0.356255668237,0.6100001));
#2303 = CARTESIAN_POINT('',(-0.51443228574,0.360248844441,0.564357887137
    ));
#2304 = CARTESIAN_POINT('',(-0.510439109536,0.310439109536,0.6100001));
#2305 = CARTESIAN_POINT('',(-0.510439109536,0.356255668237,0.6100001));
#2306 = CARTESIAN_POINT('',(-0.510439109536,0.360248844441,
    0.564357887137));
#2307 = ADVANCED_FACE('',(#2308),#2318,.T.);
#2308 = FACE_BOUND('',#2309,.T.);
#2309 = EDGE_LOOP('',(#2310,#2311,#2312));
#2310 = ORIENTED_EDGE('',*,*,#2253,.T.);
#2311 = ORIENTED_EDGE('',*,*,#2227,.T.);
#2312 = ORIENTED_EDGE('',*,*,#2313,.F.);
#2313 = EDGE_CURVE('',#1751,#1863,#2314,.T.);
#2314 = ( BOUNDED_CURVE() B_SPLINE_CURVE(2,(#2315,#2316,#2317),
.UNSPECIFIED.,.F.,.F.) B_SPLINE_CURVE_WITH_KNOTS((3,3),(4.799655442984,
6.28318530718),.PIECEWISE_BEZIER_KNOTS.) CURVE() 
GEOMETRIC_REPRESENTATION_ITEM() RATIONAL_B_SPLINE_CURVE((1.,
0.73727733681,1.)) REPRESENTATION_ITEM('') );
#2315 = CARTESIAN_POINT('',(0.560248844441,0.310439109536,0.564357887137
    ));
#2316 = CARTESIAN_POINT('',(0.556255668237,0.310439109536,0.6100001));
#2317 = CARTESIAN_POINT('',(0.510439109536,0.310439109536,0.6100001));
#2318 = ( BOUNDED_SURFACE() B_SPLINE_SURFACE(2,2,(
    (#2319,#2320,#2321)
    ,(#2322,#2323,#2324)
    ,(#2325,#2326,#2327
)),.UNSPECIFIED.,.F.,.F.,.F.) B_SPLINE_SURFACE_WITH_KNOTS((3,3),(3,3),(
    4.712388980385,6.19591884458),(0.,1.483529864195),
.PIECEWISE_BEZIER_KNOTS.) GEOMETRIC_REPRESENTATION_ITEM() 
RATIONAL_B_SPLINE_SURFACE((
    (1.,0.73727733681,1.)
    ,(0.73727733681,0.543577871374,0.73727733681)
,(1.,0.73727733681,1.))) REPRESENTATION_ITEM('') SURFACE() );
#2319 = CARTESIAN_POINT('',(0.510439109536,0.310439109536,0.6100001));
#2320 = CARTESIAN_POINT('',(0.510439109536,0.356255668237,0.6100001));
#2321 = CARTESIAN_POINT('',(0.510439109536,0.360248844441,0.564357887137
    ));
#2322 = CARTESIAN_POINT('',(0.556255668237,0.310439109536,0.6100001));
#2323 = CARTESIAN_POINT('',(0.556255668237,0.356255668237,0.6100001));
#2324 = CARTESIAN_POINT('',(0.51443228574,0.360248844441,0.564357887137)
  );
#2325 = CARTESIAN_POINT('',(0.560248844441,0.310439109536,0.564357887137
    ));
#2326 = CARTESIAN_POINT('',(0.560248844441,0.356255668237,0.564357887137
    ));
#2327 = CARTESIAN_POINT('',(0.514780313978,0.360248844441,0.560379906175
    ));
#2328 = ADVANCED_FACE('',(#2329),#2341,.T.);
#2329 = FACE_BOUND('',#2330,.T.);
#2330 = EDGE_LOOP('',(#2331,#2332,#2333,#2340));
#2331 = ORIENTED_EDGE('',*,*,#1631,.F.);
#2332 = ORIENTED_EDGE('',*,*,#1471,.F.);
#2333 = ORIENTED_EDGE('',*,*,#2334,.F.);
#2334 = EDGE_CURVE('',#1677,#1463,#2335,.T.);
#2335 = ( BOUNDED_CURVE() B_SPLINE_CURVE(3,(#2336,#2337,#2338,#2339),
.UNSPECIFIED.,.F.,.F.) B_SPLINE_CURVE_WITH_KNOTS((4,4),(5.501585242055,
7.064785372304),.PIECEWISE_BEZIER_KNOTS.) CURVE() 
GEOMETRIC_REPRESENTATION_ITEM() RATIONAL_B_SPLINE_CURVE((1.,
0.806524890385,0.806524890385,1.)) REPRESENTATION_ITEM('') );
#2336 = CARTESIAN_POINT('',(0.550190265095,-0.4,0.1100001));
#2337 = CARTESIAN_POINT('',(0.579413846781,-0.4,0.1100001));
#2338 = CARTESIAN_POINT('',(0.6,-0.379413846781,0.1100001));
#2339 = CARTESIAN_POINT('',(0.6,-0.350190265095,0.1100001));
#2340 = ORIENTED_EDGE('',*,*,#1689,.F.);
#2341 = ( BOUNDED_SURFACE() B_SPLINE_SURFACE(2,1,(
    (#2342,#2343)
    ,(#2344,#2345)
    ,(#2346,#2347
)),.UNSPECIFIED.,.F.,.F.,.F.) B_SPLINE_SURFACE_WITH_KNOTS((3,3),(2,2),(
    0.,1.563200130248),(-8.954164309841E-04,0.101668263169),
.PIECEWISE_BEZIER_KNOTS.) GEOMETRIC_REPRESENTATION_ITEM() 
RATIONAL_B_SPLINE_SURFACE((
    (1.,1.)
    ,(0.709787335578,0.709787335578)
,(1.,1.))) REPRESENTATION_ITEM('') SURFACE() );
#2342 = CARTESIAN_POINT('',(0.541441398743,-0.391251133647,1.00001E-02)
  );
#2343 = CARTESIAN_POINT('',(0.550346653697,-0.400156388601,
    0.111787629892));
#2344 = CARTESIAN_POINT('',(0.590875625159,-0.390875625159,
    5.708018334252E-03));
#2345 = CARTESIAN_POINT('',(0.599780880113,-0.399780880113,
    0.107495548226));
#2346 = CARTESIAN_POINT('',(0.591251133647,-0.341441398743,1.00001E-02)
  );
#2347 = CARTESIAN_POINT('',(0.600156388601,-0.350346653697,
    0.111787629892));
#2348 = ADVANCED_FACE('',(#2349),#2360,.T.);
#2349 = FACE_BOUND('',#2350,.T.);
#2350 = EDGE_LOOP('',(#2351,#2352,#2353,#2359));
#2351 = ORIENTED_EDGE('',*,*,#2272,.T.);
#2352 = ORIENTED_EDGE('',*,*,#1827,.F.);
#2353 = ORIENTED_EDGE('',*,*,#2354,.F.);
#2354 = EDGE_CURVE('',#1786,#1821,#2355,.T.);
#2355 = ( BOUNDED_CURVE() B_SPLINE_CURVE(2,(#2356,#2357,#2358),
.UNSPECIFIED.,.F.,.F.) B_SPLINE_CURVE_WITH_KNOTS((3,3),(3.14159265359,
4.704792783838),.PIECEWISE_BEZIER_KNOTS.) CURVE() 
GEOMETRIC_REPRESENTATION_ITEM() RATIONAL_B_SPLINE_CURVE((1.,
0.709787335578,1.)) REPRESENTATION_ITEM('') );
#2356 = CARTESIAN_POINT('',(-0.560248844441,-0.310439109536,
    0.564357887137));
#2357 = CARTESIAN_POINT('',(-0.559873335952,-0.359873335952,
    0.568649968803));
#2358 = CARTESIAN_POINT('',(-0.510439109536,-0.360248844441,
    0.564357887137));
#2359 = ORIENTED_EDGE('',*,*,#1785,.F.);
#2360 = ( BOUNDED_SURFACE() B_SPLINE_SURFACE(2,1,(
    (#2361,#2362)
    ,(#2363,#2364)
    ,(#2365,#2366
)),.UNSPECIFIED.,.F.,.F.,.F.) B_SPLINE_SURFACE_WITH_KNOTS((3,3),(2,2),(
    3.14159265359,4.704792783838),(-0.462147163237,-2.52364946846E-03),
.PIECEWISE_BEZIER_KNOTS.) GEOMETRIC_REPRESENTATION_ITEM() 
RATIONAL_B_SPLINE_SURFACE((
    (1.,1.)
    ,(0.709787335578,0.709787335578)
,(1.,1.))) REPRESENTATION_ITEM('') SURFACE() );
#2361 = CARTESIAN_POINT('',(-0.510439109536,-0.360248844441,
    0.564357887137));
#2362 = CARTESIAN_POINT('',(-0.550346653697,-0.400156388601,
    0.108212570108));
#2363 = CARTESIAN_POINT('',(-0.559873335952,-0.359873335952,
    0.568649968803));
#2364 = CARTESIAN_POINT('',(-0.599780880113,-0.399780880113,
    0.112504651774));
#2365 = CARTESIAN_POINT('',(-0.560248844441,-0.310439109536,
    0.564357887137));
#2366 = CARTESIAN_POINT('',(-0.600156388601,-0.350346653697,
    0.108212570108));
#2367 = ADVANCED_FACE('',(#2368),#2379,.T.);
#2368 = FACE_BOUND('',#2369,.T.);
#2369 = EDGE_LOOP('',(#2370,#2371,#2372,#2378));
#2370 = ORIENTED_EDGE('',*,*,#2292,.T.);
#2371 = ORIENTED_EDGE('',*,*,#1792,.F.);
#2372 = ORIENTED_EDGE('',*,*,#2373,.F.);
#2373 = EDGE_CURVE('',#1443,#1786,#2374,.T.);
#2374 = ( BOUNDED_CURVE() B_SPLINE_CURVE(2,(#2375,#2376,#2377),
.UNSPECIFIED.,.F.,.F.) B_SPLINE_CURVE_WITH_KNOTS((3,3),(3.14159265359,
4.625122517785),.PIECEWISE_BEZIER_KNOTS.) CURVE() 
GEOMETRIC_REPRESENTATION_ITEM() RATIONAL_B_SPLINE_CURVE((1.,
0.73727733681,1.)) REPRESENTATION_ITEM('') );
#2375 = CARTESIAN_POINT('',(-0.510439109536,-0.310439109536,0.6100001));
#2376 = CARTESIAN_POINT('',(-0.556255668237,-0.310439109536,0.6100001));
#2377 = CARTESIAN_POINT('',(-0.560248844441,-0.310439109536,
    0.564357887137));
#2378 = ORIENTED_EDGE('',*,*,#1442,.F.);
#2379 = ( BOUNDED_SURFACE() B_SPLINE_SURFACE(2,1,(
    (#2380,#2381)
    ,(#2382,#2383)
    ,(#2384,#2385
)),.UNSPECIFIED.,.F.,.F.,.F.) B_SPLINE_SURFACE_WITH_KNOTS((3,3),(2,2),(
    1.570796326795,3.05432619099),(-0.310439109536,0.310439109536),
.PIECEWISE_BEZIER_KNOTS.) GEOMETRIC_REPRESENTATION_ITEM() 
RATIONAL_B_SPLINE_SURFACE((
    (1.,1.)
    ,(0.73727733681,0.73727733681)
,(1.,1.))) REPRESENTATION_ITEM('') SURFACE() );
#2380 = CARTESIAN_POINT('',(-0.510439109536,0.310439109536,0.6100001));
#2381 = CARTESIAN_POINT('',(-0.510439109536,-0.310439109536,0.6100001));
#2382 = CARTESIAN_POINT('',(-0.556255668237,0.310439109536,0.6100001));
#2383 = CARTESIAN_POINT('',(-0.556255668237,-0.310439109536,0.6100001));
#2384 = CARTESIAN_POINT('',(-0.560248844441,0.310439109536,
    0.564357887137));
#2385 = CARTESIAN_POINT('',(-0.560248844441,-0.310439109536,
    0.564357887137));
#2386 = ADVANCED_FACE('',(#2387),#2398,.T.);
#2387 = FACE_BOUND('',#2388,.T.);
#2388 = EDGE_LOOP('',(#2389,#2390,#2391,#2397));
#2389 = ORIENTED_EDGE('',*,*,#2313,.T.);
#2390 = ORIENTED_EDGE('',*,*,#1862,.F.);
#2391 = ORIENTED_EDGE('',*,*,#2392,.F.);
#2392 = EDGE_CURVE('',#1753,#1856,#2393,.T.);
#2393 = ( BOUNDED_CURVE() B_SPLINE_CURVE(2,(#2394,#2395,#2396),
.UNSPECIFIED.,.F.,.F.) B_SPLINE_CURVE_WITH_KNOTS((3,3),(1.658062789395,
3.14159265359),.PIECEWISE_BEZIER_KNOTS.) CURVE() 
GEOMETRIC_REPRESENTATION_ITEM() RATIONAL_B_SPLINE_CURVE((1.,
0.73727733681,1.)) REPRESENTATION_ITEM('') );
#2394 = CARTESIAN_POINT('',(0.560248844441,-0.310439109536,
    0.564357887137));
#2395 = CARTESIAN_POINT('',(0.556255668237,-0.310439109536,0.6100001));
#2396 = CARTESIAN_POINT('',(0.510439109536,-0.310439109536,0.6100001));
#2397 = ORIENTED_EDGE('',*,*,#1750,.F.);
#2398 = ( BOUNDED_SURFACE() B_SPLINE_SURFACE(2,1,(
    (#2399,#2400)
    ,(#2401,#2402)
    ,(#2403,#2404
)),.UNSPECIFIED.,.F.,.F.,.F.) B_SPLINE_SURFACE_WITH_KNOTS((3,3),(2,2),(
    1.570796326795,3.05432619099),(-0.310439109536,0.310439109536),
.PIECEWISE_BEZIER_KNOTS.) GEOMETRIC_REPRESENTATION_ITEM() 
RATIONAL_B_SPLINE_SURFACE((
    (1.,1.)
    ,(0.73727733681,0.73727733681)
,(1.,1.))) REPRESENTATION_ITEM('') SURFACE() );
#2399 = CARTESIAN_POINT('',(0.510439109536,-0.310439109536,0.6100001));
#2400 = CARTESIAN_POINT('',(0.510439109536,0.310439109536,0.6100001));
#2401 = CARTESIAN_POINT('',(0.556255668237,-0.310439109536,0.6100001));
#2402 = CARTESIAN_POINT('',(0.556255668237,0.310439109536,0.6100001));
#2403 = CARTESIAN_POINT('',(0.560248844441,-0.310439109536,
    0.564357887137));
#2404 = CARTESIAN_POINT('',(0.560248844441,0.310439109536,0.564357887137
    ));
#2405 = ADVANCED_FACE('',(#2406),#2417,.T.);
#2406 = FACE_BOUND('',#2407,.T.);
#2407 = EDGE_LOOP('',(#2408,#2409,#2410,#2416));
#2408 = ORIENTED_EDGE('',*,*,#2334,.T.);
#2409 = ORIENTED_EDGE('',*,*,#1759,.F.);
#2410 = ORIENTED_EDGE('',*,*,#2411,.F.);
#2411 = EDGE_CURVE('',#1819,#1753,#2412,.T.);
#2412 = ( BOUNDED_CURVE() B_SPLINE_CURVE(2,(#2413,#2414,#2415),
.UNSPECIFIED.,.F.,.F.) B_SPLINE_CURVE_WITH_KNOTS((3,3),(0.,
1.563200130248),.PIECEWISE_BEZIER_KNOTS.) CURVE() 
GEOMETRIC_REPRESENTATION_ITEM() RATIONAL_B_SPLINE_CURVE((1.,
0.709787335578,1.)) REPRESENTATION_ITEM('') );
#2413 = CARTESIAN_POINT('',(0.510439109536,-0.360248844441,
    0.564357887137));
#2414 = CARTESIAN_POINT('',(0.559873335952,-0.359873335952,
    0.568649968803));
#2415 = CARTESIAN_POINT('',(0.560248844441,-0.310439109536,
    0.564357887137));
#2416 = ORIENTED_EDGE('',*,*,#1833,.F.);
#2417 = ( BOUNDED_SURFACE() B_SPLINE_SURFACE(2,1,(
    (#2418,#2419)
    ,(#2420,#2421)
    ,(#2422,#2423
)),.UNSPECIFIED.,.F.,.F.,.F.) B_SPLINE_SURFACE_WITH_KNOTS((3,3),(2,2),(
    1.578392523341,3.14159265359),(-0.392685888146,6.693762562294E-02),
.PIECEWISE_BEZIER_KNOTS.) GEOMETRIC_REPRESENTATION_ITEM() 
RATIONAL_B_SPLINE_SURFACE((
    (1.,1.)
    ,(0.709787335578,0.709787335578)
,(1.,1.))) REPRESENTATION_ITEM('') SURFACE() );
#2418 = CARTESIAN_POINT('',(0.560248844441,-0.310439109536,
    0.564357887137));
#2419 = CARTESIAN_POINT('',(0.600156388601,-0.350346653697,
    0.108212570108));
#2420 = CARTESIAN_POINT('',(0.559873335952,-0.359873335952,
    0.568649968803));
#2421 = CARTESIAN_POINT('',(0.599780880113,-0.399780880113,
    0.112504651774));
#2422 = CARTESIAN_POINT('',(0.510439109536,-0.360248844441,
    0.564357887137));
#2423 = CARTESIAN_POINT('',(0.550346653697,-0.400156388601,
    0.108212570108));
#2424 = ADVANCED_FACE('',(#2425),#2435,.T.);
#2425 = FACE_BOUND('',#2426,.T.);
#2426 = EDGE_LOOP('',(#2427,#2428,#2429));
#2427 = ORIENTED_EDGE('',*,*,#2373,.T.);
#2428 = ORIENTED_EDGE('',*,*,#2354,.T.);
#2429 = ORIENTED_EDGE('',*,*,#2430,.F.);
#2430 = EDGE_CURVE('',#1443,#1821,#2431,.T.);
#2431 = ( BOUNDED_CURVE() B_SPLINE_CURVE(2,(#2432,#2433,#2434),
.UNSPECIFIED.,.F.,.F.) B_SPLINE_CURVE_WITH_KNOTS((3,3),(0.,
1.483529864195),.PIECEWISE_BEZIER_KNOTS.) CURVE() 
GEOMETRIC_REPRESENTATION_ITEM() RATIONAL_B_SPLINE_CURVE((1.,
0.73727733681,1.)) REPRESENTATION_ITEM('') );
#2432 = CARTESIAN_POINT('',(-0.510439109536,-0.310439109536,0.6100001));
#2433 = CARTESIAN_POINT('',(-0.510439109536,-0.356255668237,0.6100001));
#2434 = CARTESIAN_POINT('',(-0.510439109536,-0.360248844441,
    0.564357887137));
#2435 = ( BOUNDED_SURFACE() B_SPLINE_SURFACE(2,2,(
    (#2436,#2437,#2438)
    ,(#2439,#2440,#2441)
    ,(#2442,#2443,#2444
)),.UNSPECIFIED.,.F.,.F.,.F.) B_SPLINE_SURFACE_WITH_KNOTS((3,3),(3,3),(
    3.22885911619,4.712388980385),(-1.483529864195,0.),
.PIECEWISE_BEZIER_KNOTS.) GEOMETRIC_REPRESENTATION_ITEM() 
RATIONAL_B_SPLINE_SURFACE((
    (1.,0.73727733681,1.)
    ,(0.73727733681,0.543577871374,0.73727733681)
,(1.,0.73727733681,1.))) REPRESENTATION_ITEM('') SURFACE() );
#2436 = CARTESIAN_POINT('',(-0.514780313978,-0.360248844441,
    0.560379906175));
#2437 = CARTESIAN_POINT('',(-0.560248844441,-0.356255668237,
    0.564357887137));
#2438 = CARTESIAN_POINT('',(-0.560248844441,-0.310439109536,
    0.564357887137));
#2439 = CARTESIAN_POINT('',(-0.51443228574,-0.360248844441,
    0.564357887137));
#2440 = CARTESIAN_POINT('',(-0.556255668237,-0.356255668237,0.6100001));
#2441 = CARTESIAN_POINT('',(-0.556255668237,-0.310439109536,0.6100001));
#2442 = CARTESIAN_POINT('',(-0.510439109536,-0.360248844441,
    0.564357887137));
#2443 = CARTESIAN_POINT('',(-0.510439109536,-0.356255668237,0.6100001));
#2444 = CARTESIAN_POINT('',(-0.510439109536,-0.310439109536,0.6100001));
#2445 = ADVANCED_FACE('',(#2446),#2456,.T.);
#2446 = FACE_BOUND('',#2447,.T.);
#2447 = EDGE_LOOP('',(#2448,#2449,#2450));
#2448 = ORIENTED_EDGE('',*,*,#2411,.T.);
#2449 = ORIENTED_EDGE('',*,*,#2392,.T.);
#2450 = ORIENTED_EDGE('',*,*,#2451,.F.);
#2451 = EDGE_CURVE('',#1819,#1856,#2452,.T.);
#2452 = ( BOUNDED_CURVE() B_SPLINE_CURVE(2,(#2453,#2454,#2455),
.UNSPECIFIED.,.F.,.F.) B_SPLINE_CURVE_WITH_KNOTS((3,3),(1.658062789395,
3.14159265359),.PIECEWISE_BEZIER_KNOTS.) CURVE() 
GEOMETRIC_REPRESENTATION_ITEM() RATIONAL_B_SPLINE_CURVE((1.,
0.73727733681,1.)) REPRESENTATION_ITEM('') );
#2453 = CARTESIAN_POINT('',(0.510439109536,-0.360248844441,
    0.564357887137));
#2454 = CARTESIAN_POINT('',(0.510439109536,-0.356255668237,0.6100001));
#2455 = CARTESIAN_POINT('',(0.510439109536,-0.310439109536,0.6100001));
#2456 = ( BOUNDED_SURFACE() B_SPLINE_SURFACE(2,2,(
    (#2457,#2458,#2459)
    ,(#2460,#2461,#2462)
    ,(#2463,#2464,#2465
)),.UNSPECIFIED.,.F.,.F.,.F.) B_SPLINE_SURFACE_WITH_KNOTS((3,3),(3,3),(
    4.712388980385,6.19591884458),(-1.483529864195,0.),
.PIECEWISE_BEZIER_KNOTS.) GEOMETRIC_REPRESENTATION_ITEM() 
RATIONAL_B_SPLINE_SURFACE((
    (1.,0.73727733681,1.)
    ,(0.73727733681,0.543577871374,0.73727733681)
,(1.,0.73727733681,1.))) REPRESENTATION_ITEM('') SURFACE() );
#2457 = CARTESIAN_POINT('',(0.510439109536,-0.360248844441,
    0.564357887137));
#2458 = CARTESIAN_POINT('',(0.510439109536,-0.356255668237,0.6100001));
#2459 = CARTESIAN_POINT('',(0.510439109536,-0.310439109536,0.6100001));
#2460 = CARTESIAN_POINT('',(0.51443228574,-0.360248844441,0.564357887137
    ));
#2461 = CARTESIAN_POINT('',(0.556255668237,-0.356255668237,0.6100001));
#2462 = CARTESIAN_POINT('',(0.556255668237,-0.310439109536,0.6100001));
#2463 = CARTESIAN_POINT('',(0.514780313978,-0.360248844441,
    0.560379906175));
#2464 = CARTESIAN_POINT('',(0.560248844441,-0.356255668237,
    0.564357887137));
#2465 = CARTESIAN_POINT('',(0.560248844441,-0.310439109536,
    0.564357887137));
#2466 = ADVANCED_FACE('',(#2467),#2495,.T.);
#2467 = FACE_BOUND('',#2468,.T.);
#2468 = EDGE_LOOP('',(#2469,#2477,#2478,#2479,#2480,#2481,#2482,#2490));
#2469 = ORIENTED_EDGE('',*,*,#2470,.F.);
#2470 = EDGE_CURVE('',#1429,#2471,#2473,.T.);
#2471 = VERTEX_POINT('',#2472);
#2472 = CARTESIAN_POINT('',(-0.365472499498,-0.320388983907,0.6090001));
#2473 = ( BOUNDED_CURVE() B_SPLINE_CURVE(2,(#2474,#2475,#2476),
.UNSPECIFIED.,.F.,.F.) B_SPLINE_CURVE_WITH_KNOTS((3,3),(4.712388980385,
4.912723822708),.PIECEWISE_BEZIER_KNOTS.) CURVE() 
GEOMETRIC_REPRESENTATION_ITEM() RATIONAL_B_SPLINE_CURVE((1.,
0.994987437107,1.)) REPRESENTATION_ITEM('') );
#2474 = CARTESIAN_POINT('',(-0.365472499498,-0.310439109536,0.6100001));
#2475 = CARTESIAN_POINT('',(-0.365472499498,-0.315464298612,0.6100001));
#2476 = CARTESIAN_POINT('',(-0.365472499498,-0.320388983907,0.6090001));
#2477 = ORIENTED_EDGE('',*,*,#1449,.F.);
#2478 = ORIENTED_EDGE('',*,*,#2430,.T.);
#2479 = ORIENTED_EDGE('',*,*,#1818,.F.);
#2480 = ORIENTED_EDGE('',*,*,#2451,.T.);
#2481 = ORIENTED_EDGE('',*,*,#1855,.F.);
#2482 = ORIENTED_EDGE('',*,*,#2483,.F.);
#2483 = EDGE_CURVE('',#2484,#1847,#2486,.T.);
#2484 = VERTEX_POINT('',#2485);
#2485 = CARTESIAN_POINT('',(-0.313545793237,-0.320388983907,0.6090001));
#2486 = ( BOUNDED_CURVE() B_SPLINE_CURVE(2,(#2487,#2488,#2489),
.UNSPECIFIED.,.F.,.F.) B_SPLINE_CURVE_WITH_KNOTS((3,3),(4.512054138062,
4.712388980385),.PIECEWISE_BEZIER_KNOTS.) CURVE() 
GEOMETRIC_REPRESENTATION_ITEM() RATIONAL_B_SPLINE_CURVE((1.,
0.994987437107,1.)) REPRESENTATION_ITEM('') );
#2487 = CARTESIAN_POINT('',(-0.313545793237,-0.320388983907,0.6090001));
#2488 = CARTESIAN_POINT('',(-0.313545793237,-0.315464298612,0.6100001));
#2489 = CARTESIAN_POINT('',(-0.313545793237,-0.310439109536,0.6100001));
#2490 = ORIENTED_EDGE('',*,*,#2491,.F.);
#2491 = EDGE_CURVE('',#2471,#2484,#2492,.T.);
#2492 = B_SPLINE_CURVE_WITH_KNOTS('',1,(#2493,#2494),.UNSPECIFIED.,.F.,
  .F.,(2,2),(-0.365472499498,-0.313545793237),.PIECEWISE_BEZIER_KNOTS.);
#2493 = CARTESIAN_POINT('',(-0.365472499498,-0.320388983907,0.6090001));
#2494 = CARTESIAN_POINT('',(-0.313545793237,-0.320388983907,0.6090001));
#2495 = ( BOUNDED_SURFACE() B_SPLINE_SURFACE(2,1,(
    (#2496,#2497)
    ,(#2498,#2499)
    ,(#2500,#2501
)),.UNSPECIFIED.,.F.,.F.,.F.) B_SPLINE_SURFACE_WITH_KNOTS((3,3),(2,2),(
    3.14159265359,4.625122517785),(-0.510439109536,0.510439109536),
.PIECEWISE_BEZIER_KNOTS.) GEOMETRIC_REPRESENTATION_ITEM() 
RATIONAL_B_SPLINE_SURFACE((
    (1.,1.)
    ,(0.73727733681,0.73727733681)
,(1.,1.))) REPRESENTATION_ITEM('') SURFACE() );
#2496 = CARTESIAN_POINT('',(-0.510439109536,-0.310439109536,0.6100001));
#2497 = CARTESIAN_POINT('',(0.510439109536,-0.310439109536,0.6100001));
#2498 = CARTESIAN_POINT('',(-0.510439109536,-0.356255668237,0.6100001));
#2499 = CARTESIAN_POINT('',(0.510439109536,-0.356255668237,0.6100001));
#2500 = CARTESIAN_POINT('',(-0.510439109536,-0.360248844441,
    0.564357887137));
#2501 = CARTESIAN_POINT('',(0.510439109536,-0.360248844441,
    0.564357887137));
#2502 = ADVANCED_FACE('',(#2503),#2513,.F.);
#2503 = FACE_BOUND('',#2504,.T.);
#2504 = EDGE_LOOP('',(#2505,#2506,#2507,#2508));
#2505 = ORIENTED_EDGE('',*,*,#2205,.T.);
#2506 = ORIENTED_EDGE('',*,*,#1426,.T.);
#2507 = ORIENTED_EDGE('',*,*,#2470,.T.);
#2508 = ORIENTED_EDGE('',*,*,#2509,.F.);
#2509 = EDGE_CURVE('',#2206,#2471,#2510,.T.);
#2510 = B_SPLINE_CURVE_WITH_KNOTS('',1,(#2511,#2512),.UNSPECIFIED.,.F.,
  .F.,(2,2),(0.518225278248,1.159003246063),.PIECEWISE_BEZIER_KNOTS.);
#2511 = CARTESIAN_POINT('',(-0.365472499498,0.320388983907,0.6090001));
#2512 = CARTESIAN_POINT('',(-0.365472499498,-0.320388983907,0.6090001));
#2513 = B_SPLINE_SURFACE_WITH_KNOTS('',1,1,(
    (#2514,#2515)
    ,(#2516,#2517
    )),.UNSPECIFIED.,.F.,.F.,.F.,(2,2),(2,2),(0.518225278248,
    1.159003246063),(0.,1.E-03),.PIECEWISE_BEZIER_KNOTS.);
#2514 = CARTESIAN_POINT('',(-0.365472499498,0.320388983907,0.6090001));
#2515 = CARTESIAN_POINT('',(-0.365472499498,0.320388983907,0.6100001));
#2516 = CARTESIAN_POINT('',(-0.365472499498,-0.320388983907,0.6090001));
#2517 = CARTESIAN_POINT('',(-0.365472499498,-0.320388983907,0.6100001));
#2518 = ADVANCED_FACE('',(#2519),#2529,.F.);
#2519 = FACE_BOUND('',#2520,.T.);
#2520 = EDGE_LOOP('',(#2521,#2522,#2527,#2528));
#2521 = ORIENTED_EDGE('',*,*,#2220,.T.);
#2522 = ORIENTED_EDGE('',*,*,#2523,.F.);
#2523 = EDGE_CURVE('',#2484,#2214,#2524,.T.);
#2524 = B_SPLINE_CURVE_WITH_KNOTS('',1,(#2525,#2526),.UNSPECIFIED.,.F.,
  .F.,(2,2),(-1.159003246063,-0.518225278248),.PIECEWISE_BEZIER_KNOTS.);
#2525 = CARTESIAN_POINT('',(-0.313545793237,-0.320388983907,0.6090001));
#2526 = CARTESIAN_POINT('',(-0.313545793237,0.320388983907,0.6090001));
#2527 = ORIENTED_EDGE('',*,*,#2483,.T.);
#2528 = ORIENTED_EDGE('',*,*,#1846,.T.);
#2529 = B_SPLINE_SURFACE_WITH_KNOTS('',1,1,(
    (#2530,#2531)
    ,(#2532,#2533
    )),.UNSPECIFIED.,.F.,.F.,.F.,(2,2),(2,2),(-1.159003246063,
    -0.518225278248),(0.,1.E-03),.PIECEWISE_BEZIER_KNOTS.);
#2530 = CARTESIAN_POINT('',(-0.313545793237,-0.320388983907,0.6090001));
#2531 = CARTESIAN_POINT('',(-0.313545793237,-0.320388983907,0.6100001));
#2532 = CARTESIAN_POINT('',(-0.313545793237,0.320388983907,0.6090001));
#2533 = CARTESIAN_POINT('',(-0.313545793237,0.320388983907,0.6100001));
#2534 = ADVANCED_FACE('',(#2535),#2541,.F.);
#2535 = FACE_BOUND('',#2536,.T.);
#2536 = EDGE_LOOP('',(#2537,#2538,#2539,#2540));
#2537 = ORIENTED_EDGE('',*,*,#2213,.T.);
#2538 = ORIENTED_EDGE('',*,*,#2509,.T.);
#2539 = ORIENTED_EDGE('',*,*,#2491,.T.);
#2540 = ORIENTED_EDGE('',*,*,#2523,.T.);
#2541 = B_SPLINE_SURFACE_WITH_KNOTS('',1,1,(
    (#2542,#2543)
    ,(#2544,#2545
    )),.UNSPECIFIED.,.F.,.F.,.F.,(2,2),(2,2),(0.313545793237,
    0.365472499498),(-0.320388983907,0.320388983907),
  .PIECEWISE_BEZIER_KNOTS.);
#2542 = CARTESIAN_POINT('',(-0.313545793237,-0.320388983907,0.6090001));
#2543 = CARTESIAN_POINT('',(-0.313545793237,0.320388983907,0.6090001));
#2544 = CARTESIAN_POINT('',(-0.365472499498,-0.320388983907,0.6090001));
#2545 = CARTESIAN_POINT('',(-0.365472499498,0.320388983907,0.6090001));
#2546 = ADVANCED_FACE('',(#2547),#2569,.F.);
#2547 = FACE_BOUND('',#2548,.T.);
#2548 = EDGE_LOOP('',(#2549,#2550,#2557,#2564));
#2549 = ORIENTED_EDGE('',*,*,#1087,.T.);
#2550 = ORIENTED_EDGE('',*,*,#2551,.F.);
#2551 = EDGE_CURVE('',#2552,#1090,#2554,.T.);
#2552 = VERTEX_POINT('',#2553);
#2553 = CARTESIAN_POINT('',(-5.143370317085E-02,0.37651811626,
    0.389872971089));
#2554 = B_SPLINE_CURVE_WITH_KNOTS('',1,(#2555,#2556),.UNSPECIFIED.,.F.,
  .F.,(2,2),(-0.,9.999998715905E-04),.PIECEWISE_BEZIER_KNOTS.);
#2555 = CARTESIAN_POINT('',(-5.143370317085E-02,0.37651811626,
    0.389872971089));
#2556 = CARTESIAN_POINT('',(-5.143370317085E-02,0.37552192169,
    0.389785815358));
#2557 = ORIENTED_EDGE('',*,*,#2558,.F.);
#2558 = EDGE_CURVE('',#2559,#2552,#2561,.T.);
#2559 = VERTEX_POINT('',#2560);
#2560 = CARTESIAN_POINT('',(-5.138437011571E-02,0.377124354656,
    0.382943634511));
#2561 = B_SPLINE_CURVE_WITH_KNOTS('',1,(#2562,#2563),.UNSPECIFIED.,.F.,
  .F.,(2,2),(-6.955980460135E-03,0.),.PIECEWISE_BEZIER_KNOTS.);
#2562 = CARTESIAN_POINT('',(-5.138437011571E-02,0.377124354656,
    0.382943634511));
#2563 = CARTESIAN_POINT('',(-5.143370317085E-02,0.37651811626,
    0.389872971089));
#2564 = ORIENTED_EDGE('',*,*,#2565,.T.);
#2565 = EDGE_CURVE('',#2559,#1088,#2566,.T.);
#2566 = B_SPLINE_CURVE_WITH_KNOTS('',1,(#2567,#2568),.UNSPECIFIED.,.F.,
  .F.,(2,2),(-0.,1.E-03),.PIECEWISE_BEZIER_KNOTS.);
#2567 = CARTESIAN_POINT('',(-5.138437011571E-02,0.377124354656,
    0.382943634511));
#2568 = CARTESIAN_POINT('',(-5.138437011571E-02,0.376128159958,
    0.382856478768));
#2569 = B_SPLINE_SURFACE_WITH_KNOTS('',1,1,(
    (#2570,#2571)
    ,(#2572,#2573
    )),.UNSPECIFIED.,.F.,.F.,.F.,(2,2),(2,2),(0.,7.016665745668E-03),(
    -9.961948884035E-04,6.062385121898E-04),.PIECEWISE_BEZIER_KNOTS.);
#2570 = CARTESIAN_POINT('',(-5.143431892753E-02,0.375521921562,
    0.389872966739));
#2571 = CARTESIAN_POINT('',(-5.143332844957E-02,0.377124354656,
    0.389872973737));
#2572 = CARTESIAN_POINT('',(-5.138474483699E-02,0.375521921562,
    0.382856476121));
#2573 = CARTESIAN_POINT('',(-5.138375435903E-02,0.377124354656,
    0.382856483119));
#2574 = ADVANCED_FACE('',(#2575),#2591,.F.);
#2575 = FACE_BOUND('',#2576,.T.);
#2576 = EDGE_LOOP('',(#2577,#2578,#2585,#2590));
#2577 = ORIENTED_EDGE('',*,*,#1124,.T.);
#2578 = ORIENTED_EDGE('',*,*,#2579,.F.);
#2579 = EDGE_CURVE('',#2580,#1118,#2582,.T.);
#2580 = VERTEX_POINT('',#2581);
#2581 = CARTESIAN_POINT('',(-2.713517178527E-02,0.376503096375,
    0.390044649163));
#2582 = B_SPLINE_CURVE_WITH_KNOTS('',1,(#2583,#2584),.UNSPECIFIED.,.F.,
  .F.,(2,2),(-0.,9.999998715906E-04),.PIECEWISE_BEZIER_KNOTS.);
#2583 = CARTESIAN_POINT('',(-2.713517178527E-02,0.376503096375,
    0.390044649163));
#2584 = CARTESIAN_POINT('',(-2.713517178527E-02,0.375506901804,
    0.389957493432));
#2585 = ORIENTED_EDGE('',*,*,#2586,.F.);
#2586 = EDGE_CURVE('',#2552,#2580,#2587,.T.);
#2587 = B_SPLINE_CURVE_WITH_KNOTS('',1,(#2588,#2589),.UNSPECIFIED.,.F.,
  .F.,(2,2),(-2.42991425045E-02,0.),.PIECEWISE_BEZIER_KNOTS.);
#2588 = CARTESIAN_POINT('',(-5.143370317085E-02,0.37651811626,
    0.389872971089));
#2589 = CARTESIAN_POINT('',(-2.713517178527E-02,0.376503096375,
    0.390044649163));
#2590 = ORIENTED_EDGE('',*,*,#2551,.T.);
#2591 = B_SPLINE_SURFACE_WITH_KNOTS('',1,1,(
    (#2592,#2593)
    ,(#2594,#2595)),.UNSPECIFIED.,.F.,.F.,.F.,(2,2),(2,2),(-1.E-03,0.),(
    -2.42991425045E-02,1.05716663537E-16),.PIECEWISE_BEZIER_KNOTS.);
#2592 = CARTESIAN_POINT('',(-5.143370317085E-02,0.375521921562,
    0.389785815347));
#2593 = CARTESIAN_POINT('',(-2.713517178527E-02,0.375506901677,
    0.389957493421));
#2594 = CARTESIAN_POINT('',(-5.143370317085E-02,0.37651811626,
    0.389872971089));
#2595 = CARTESIAN_POINT('',(-2.713517178527E-02,0.376503096375,
    0.390044649163));
#2596 = ADVANCED_FACE('',(#2597),#2613,.F.);
#2597 = FACE_BOUND('',#2598,.T.);
#2598 = EDGE_LOOP('',(#2599,#2600,#2607,#2612));
#2599 = ORIENTED_EDGE('',*,*,#1117,.T.);
#2600 = ORIENTED_EDGE('',*,*,#2601,.F.);
#2601 = EDGE_CURVE('',#2602,#1111,#2604,.T.);
#2602 = VERTEX_POINT('',#2603);
#2603 = CARTESIAN_POINT('',(-2.751855377876E-02,0.371791835653,
    0.443894605623));
#2604 = B_SPLINE_CURVE_WITH_KNOTS('',1,(#2605,#2606),.UNSPECIFIED.,.F.,
  .F.,(2,2),(-0.,9.999998715905E-04),.PIECEWISE_BEZIER_KNOTS.);
#2605 = CARTESIAN_POINT('',(-2.751855377876E-02,0.371791835653,
    0.443894605623));
#2606 = CARTESIAN_POINT('',(-2.751855377876E-02,0.370795641083,
    0.443807449892));
#2607 = ORIENTED_EDGE('',*,*,#2608,.F.);
#2608 = EDGE_CURVE('',#2580,#2602,#2609,.T.);
#2609 = B_SPLINE_CURVE_WITH_KNOTS('',1,(#2610,#2611),.UNSPECIFIED.,.F.,
  .F.,(2,2),(-5.405701406927E-02,0.),.PIECEWISE_BEZIER_KNOTS.);
#2610 = CARTESIAN_POINT('',(-2.713517178527E-02,0.376503096375,
    0.390044649163));
#2611 = CARTESIAN_POINT('',(-2.751855377876E-02,0.371791835653,
    0.443894605623));
#2612 = ORIENTED_EDGE('',*,*,#2579,.T.);
#2613 = B_SPLINE_SURFACE_WITH_KNOTS('',1,1,(
    (#2614,#2615)
    ,(#2616,#2617
    )),.UNSPECIFIED.,.F.,.F.,.F.,(2,2),(2,2),(0.,5.39384746768E-02),(
    -9.961948884035E-04,4.711261621649E-03),.PIECEWISE_BEZIER_KNOTS.);
#2614 = CARTESIAN_POINT('',(-2.751916953545E-02,0.370795640955,
    0.443894601273));
#2615 = CARTESIAN_POINT('',(-2.751564170717E-02,0.376503096375,
    0.443894626198));
#2616 = CARTESIAN_POINT('',(-2.713808385679E-02,0.370795640955,
    0.389957472835));
#2617 = CARTESIAN_POINT('',(-2.713455602851E-02,0.376503096375,
    0.38995749776));
#2618 = ADVANCED_FACE('',(#2619),#2635,.F.);
#2619 = FACE_BOUND('',#2620,.T.);
#2620 = EDGE_LOOP('',(#2621,#2622,#2629,#2634));
#2621 = ORIENTED_EDGE('',*,*,#1110,.T.);
#2622 = ORIENTED_EDGE('',*,*,#2623,.F.);
#2623 = EDGE_CURVE('',#2624,#1104,#2626,.T.);
#2624 = VERTEX_POINT('',#2625);
#2625 = CARTESIAN_POINT('',(-1.964258564681E-02,0.371786967205,
    0.443950252239));
#2626 = B_SPLINE_CURVE_WITH_KNOTS('',1,(#2627,#2628),.UNSPECIFIED.,.F.,
  .F.,(2,2),(-0.,9.999998715905E-04),.PIECEWISE_BEZIER_KNOTS.);
#2627 = CARTESIAN_POINT('',(-1.964258564681E-02,0.371786967205,
    0.443950252239));
#2628 = CARTESIAN_POINT('',(-1.964258564681E-02,0.370790772635,
    0.443863096508));
#2629 = ORIENTED_EDGE('',*,*,#2630,.F.);
#2630 = EDGE_CURVE('',#2602,#2624,#2631,.T.);
#2631 = B_SPLINE_CURVE_WITH_KNOTS('',1,(#2632,#2633),.UNSPECIFIED.,.F.,
  .F.,(2,2),(-7.876166216068E-03,0.),.PIECEWISE_BEZIER_KNOTS.);
#2632 = CARTESIAN_POINT('',(-2.751855377876E-02,0.371791835653,
    0.443894605623));
#2633 = CARTESIAN_POINT('',(-1.964258564681E-02,0.371786967205,
    0.443950252239));
#2634 = ORIENTED_EDGE('',*,*,#2601,.T.);
#2635 = B_SPLINE_SURFACE_WITH_KNOTS('',1,1,(
    (#2636,#2637)
    ,(#2638,#2639
    )),.UNSPECIFIED.,.F.,.F.,.F.,(2,2),(2,2),(-1.E-03,2.388084508742E-17
    ),(-7.876166216068E-03,2.785114035445E-23),
  .PIECEWISE_BEZIER_KNOTS.);
#2636 = CARTESIAN_POINT('',(-2.751855377876E-02,0.370795640955,
    0.443807449881));
#2637 = CARTESIAN_POINT('',(-1.964258564681E-02,0.370790772507,
    0.443863096496));
#2638 = CARTESIAN_POINT('',(-2.751855377876E-02,0.371791835653,
    0.443894605623));
#2639 = CARTESIAN_POINT('',(-1.964258564681E-02,0.371786967205,
    0.443950252239));
#2640 = ADVANCED_FACE('',(#2641),#2657,.F.);
#2641 = FACE_BOUND('',#2642,.T.);
#2642 = EDGE_LOOP('',(#2643,#2644,#2651,#2656));
#2643 = ORIENTED_EDGE('',*,*,#1103,.T.);
#2644 = ORIENTED_EDGE('',*,*,#2645,.F.);
#2645 = EDGE_CURVE('',#2646,#1097,#2648,.T.);
#2646 = VERTEX_POINT('',#2647);
#2647 = CARTESIAN_POINT('',(-1.920987059818E-02,0.377104466323,
    0.383170959201));
#2648 = B_SPLINE_CURVE_WITH_KNOTS('',1,(#2649,#2650),.UNSPECIFIED.,.F.,
  .F.,(2,2),(-0.,9.999998715905E-04),.PIECEWISE_BEZIER_KNOTS.);
#2649 = CARTESIAN_POINT('',(-1.920987059818E-02,0.377104466323,
    0.383170959201));
#2650 = CARTESIAN_POINT('',(-1.920987059818E-02,0.376108271753,
    0.383083803469));
#2651 = ORIENTED_EDGE('',*,*,#2652,.F.);
#2652 = EDGE_CURVE('',#2624,#2646,#2653,.T.);
#2653 = B_SPLINE_CURVE_WITH_KNOTS('',1,(#2654,#2655),.UNSPECIFIED.,.F.,
  .F.,(2,2),(-6.10129945294E-02,0.),.PIECEWISE_BEZIER_KNOTS.);
#2654 = CARTESIAN_POINT('',(-1.964258564681E-02,0.371786967205,
    0.443950252239));
#2655 = CARTESIAN_POINT('',(-1.920987059818E-02,0.377104466323,
    0.383170959201));
#2656 = ORIENTED_EDGE('',*,*,#2623,.T.);
#2657 = B_SPLINE_SURFACE_WITH_KNOTS('',1,1,(
    (#2658,#2659)
    ,(#2660,#2661
    )),.UNSPECIFIED.,.F.,.F.,.F.,(2,2),(2,2),(-8.715356744663E-05,
    6.078083327638E-02),(-6.313695022242E-03,0.),
  .PIECEWISE_BEZIER_KNOTS.);
#2658 = CARTESIAN_POINT('',(-1.921315739106E-02,0.370790772507,
    0.383083780235));
#2659 = CARTESIAN_POINT('',(-1.92092548415E-02,0.377104466323,
    0.383083807808));
#2660 = CARTESIAN_POINT('',(-1.96432014035E-02,0.370790772507,
    0.443950247889));
#2661 = CARTESIAN_POINT('',(-1.963929885394E-02,0.377104466323,
    0.443950275462));
#2662 = ADVANCED_FACE('',(#2663),#2673,.F.);
#2663 = FACE_BOUND('',#2664,.T.);
#2664 = EDGE_LOOP('',(#2665,#2666,#2667,#2672));
#2665 = ORIENTED_EDGE('',*,*,#1096,.T.);
#2666 = ORIENTED_EDGE('',*,*,#2565,.F.);
#2667 = ORIENTED_EDGE('',*,*,#2668,.F.);
#2668 = EDGE_CURVE('',#2646,#2559,#2669,.T.);
#2669 = B_SPLINE_CURVE_WITH_KNOTS('',1,(#2670,#2671),.UNSPECIFIED.,.F.,
  .F.,(2,2),(-3.217530872057E-02,0.),.PIECEWISE_BEZIER_KNOTS.);
#2670 = CARTESIAN_POINT('',(-1.920987059818E-02,0.377104466323,
    0.383170959201));
#2671 = CARTESIAN_POINT('',(-5.138437011571E-02,0.377124354656,
    0.382943634511));
#2672 = ORIENTED_EDGE('',*,*,#2645,.T.);
#2673 = B_SPLINE_SURFACE_WITH_KNOTS('',1,1,(
    (#2674,#2675)
    ,(#2676,#2677)),.UNSPECIFIED.,.F.,.F.,.F.,(2,2),(2,2),(0.,1.E-03),(
    -1.212929481583E-22,3.217530872057E-02),.PIECEWISE_BEZIER_KNOTS.);
#2674 = CARTESIAN_POINT('',(-5.138437011571E-02,0.377124354656,
    0.382943634511));
#2675 = CARTESIAN_POINT('',(-1.920987059818E-02,0.377104466323,
    0.383170959201));
#2676 = CARTESIAN_POINT('',(-5.138437011571E-02,0.376128159958,
    0.382856478768));
#2677 = CARTESIAN_POINT('',(-1.920987059818E-02,0.376108271625,
    0.383083803458));
#2678 = ADVANCED_FACE('',(#2679),#2687,.F.);
#2679 = FACE_BOUND('',#2680,.T.);
#2680 = EDGE_LOOP('',(#2681,#2682,#2683,#2684,#2685,#2686));
#2681 = ORIENTED_EDGE('',*,*,#2558,.T.);
#2682 = ORIENTED_EDGE('',*,*,#2586,.T.);
#2683 = ORIENTED_EDGE('',*,*,#2608,.T.);
#2684 = ORIENTED_EDGE('',*,*,#2630,.T.);
#2685 = ORIENTED_EDGE('',*,*,#2652,.T.);
#2686 = ORIENTED_EDGE('',*,*,#2668,.T.);
#2687 = B_SPLINE_SURFACE_WITH_KNOTS('',1,1,(
    (#2688,#2689)
    ,(#2690,#2691
    )),.UNSPECIFIED.,.F.,.F.,.F.,(2,2),(2,2),(-0.300276001817,
    -0.23903634872),(-5.143370317085E-02,-1.920987059818E-02),
  .PIECEWISE_BEZIER_KNOTS.);
#2688 = CARTESIAN_POINT('',(-5.143370317085E-02,0.371786967205,
    0.443950252239));
#2689 = CARTESIAN_POINT('',(-1.920987059818E-02,0.371786967205,
    0.443950252239));
#2690 = CARTESIAN_POINT('',(-5.143370317085E-02,0.377124354656,
    0.382943634511));
#2691 = CARTESIAN_POINT('',(-1.920987059818E-02,0.377124354656,
    0.382943634511));
#2692 = ADVANCED_FACE('',(#2693),#2717,.F.);
#2693 = FACE_BOUND('',#2694,.F.);
#2694 = EDGE_LOOP('',(#2695,#2702,#2711,#2716));
#2695 = ORIENTED_EDGE('',*,*,#2696,.F.);
#2696 = EDGE_CURVE('',#2697,#943,#2699,.T.);
#2697 = VERTEX_POINT('',#2698);
#2698 = CARTESIAN_POINT('',(-8.26625985653E-02,0.37723340589,
    0.381697173206));
#2699 = B_SPLINE_CURVE_WITH_KNOTS('',1,(#2700,#2701),.UNSPECIFIED.,.F.,
  .F.,(2,2),(-0.,1.E-03),.PIECEWISE_BEZIER_KNOTS.);
#2700 = CARTESIAN_POINT('',(-8.26625985653E-02,0.37723340589,
    0.381697173206));
#2701 = CARTESIAN_POINT('',(-8.26625985653E-02,0.376237211192,
    0.381610017463));
#2702 = ORIENTED_EDGE('',*,*,#2703,.T.);
#2703 = EDGE_CURVE('',#2697,#2704,#2706,.T.);
#2704 = VERTEX_POINT('',#2705);
#2705 = CARTESIAN_POINT('',(-9.957826070251E-02,0.376933930949,
    0.385120187443));
#2706 = B_SPLINE_CURVE_WITH_KNOTS('',3,(#2707,#2708,#2709,#2710),
  .UNSPECIFIED.,.F.,.F.,(4,4),(0.,1.),.PIECEWISE_BEZIER_KNOTS.);
#2707 = CARTESIAN_POINT('',(-8.26625985653E-02,0.37723340589,
    0.381697173206));
#2708 = CARTESIAN_POINT('',(-8.943125236584E-02,0.377237589863,
    0.381649350174));
#2709 = CARTESIAN_POINT('',(-9.506980641157E-02,0.377137764883,
    0.382790354919));
#2710 = CARTESIAN_POINT('',(-9.957826070251E-02,0.376933930949,
    0.385120187443));
#2711 = ORIENTED_EDGE('',*,*,#2712,.T.);
#2712 = EDGE_CURVE('',#2704,#934,#2713,.T.);
#2713 = B_SPLINE_CURVE_WITH_KNOTS('',1,(#2714,#2715),.UNSPECIFIED.,.F.,
  .F.,(2,2),(-0.,1.E-03),.PIECEWISE_BEZIER_KNOTS.);
#2714 = CARTESIAN_POINT('',(-9.957826070251E-02,0.376933930949,
    0.385120187443));
#2715 = CARTESIAN_POINT('',(-9.957826070251E-02,0.375937736251,
    0.3850330317));
#2716 = ORIENTED_EDGE('',*,*,#942,.F.);
#2717 = B_SPLINE_SURFACE_WITH_KNOTS('',3,1,(
    (#2718,#2719)
    ,(#2720,#2721)
    ,(#2722,#2723)
    ,(#2724,#2725
    )),.UNSPECIFIED.,.F.,.F.,.F.,(4,4),(2,2),(0.,1.),(0.,1.),
  .PIECEWISE_BEZIER_KNOTS.);
#2718 = CARTESIAN_POINT('',(-8.26625985653E-02,0.37723340589,
    0.381697173206));
#2719 = CARTESIAN_POINT('',(-8.26625985653E-02,0.376237211192,
    0.381610017463));
#2720 = CARTESIAN_POINT('',(-8.943125236584E-02,0.377237589863,
    0.381649350174));
#2721 = CARTESIAN_POINT('',(-8.943125236584E-02,0.376241395165,
    0.381562194431));
#2722 = CARTESIAN_POINT('',(-9.506980641157E-02,0.377137764883,
    0.382790354919));
#2723 = CARTESIAN_POINT('',(-9.506980641157E-02,0.376141570185,
    0.382703199176));
#2724 = CARTESIAN_POINT('',(-9.957826070251E-02,0.376933930949,
    0.385120187443));
#2725 = CARTESIAN_POINT('',(-9.957826070251E-02,0.375937736251,
    0.3850330317));
#2726 = ADVANCED_FACE('',(#2727),#2743,.F.);
#2727 = FACE_BOUND('',#2728,.T.);
#2728 = EDGE_LOOP('',(#2729,#2730,#2737,#2742));
#2729 = ORIENTED_EDGE('',*,*,#933,.T.);
#2730 = ORIENTED_EDGE('',*,*,#2731,.F.);
#2731 = EDGE_CURVE('',#2732,#936,#2734,.T.);
#2732 = VERTEX_POINT('',#2733);
#2733 = CARTESIAN_POINT('',(-9.963179702243E-02,0.376276039954,
    0.392639915927));
#2734 = B_SPLINE_CURVE_WITH_KNOTS('',1,(#2735,#2736),.UNSPECIFIED.,.F.,
  .F.,(2,2),(-0.,1.E-03),.PIECEWISE_BEZIER_KNOTS.);
#2735 = CARTESIAN_POINT('',(-9.963179702243E-02,0.376276039954,
    0.392639915927));
#2736 = CARTESIAN_POINT('',(-9.963179702243E-02,0.375279845256,
    0.392552760185));
#2737 = ORIENTED_EDGE('',*,*,#2738,.F.);
#2738 = EDGE_CURVE('',#2704,#2732,#2739,.T.);
#2739 = B_SPLINE_CURVE_WITH_KNOTS('',1,(#2740,#2741),.UNSPECIFIED.,.F.,
  .F.,(2,2),(-7.548642472592E-03,0.),.PIECEWISE_BEZIER_KNOTS.);
#2740 = CARTESIAN_POINT('',(-9.957826070251E-02,0.376933930949,
    0.385120187443));
#2741 = CARTESIAN_POINT('',(-9.963179702243E-02,0.376276039954,
    0.392639915927));
#2742 = ORIENTED_EDGE('',*,*,#2712,.T.);
#2743 = B_SPLINE_SURFACE_WITH_KNOTS('',1,1,(
    (#2744,#2745)
    ,(#2746,#2747
    )),.UNSPECIFIED.,.F.,.F.,.F.,(2,2),(2,2),(0.,7.607072613029E-03),(
    -9.961948884035E-04,6.578911208655E-04),.PIECEWISE_BEZIER_KNOTS.);
#2744 = CARTESIAN_POINT('',(-9.963241277912E-02,0.375279845256,
    0.392639911577));
#2745 = CARTESIAN_POINT('',(-9.963139037423E-02,0.376933930949,
    0.3926399188));
#2746 = CARTESIAN_POINT('',(-9.957866735071E-02,0.375279845256,
    0.385033028827));
#2747 = CARTESIAN_POINT('',(-9.957764494582E-02,0.376933930949,
    0.385033036051));
#2748 = ADVANCED_FACE('',(#2749),#2767,.F.);
#2749 = FACE_BOUND('',#2750,.F.);
#2750 = EDGE_LOOP('',(#2751,#2752,#2761,#2766));
#2751 = ORIENTED_EDGE('',*,*,#2731,.F.);
#2752 = ORIENTED_EDGE('',*,*,#2753,.T.);
#2753 = EDGE_CURVE('',#2732,#2754,#2756,.T.);
#2754 = VERTEX_POINT('',#2755);
#2755 = CARTESIAN_POINT('',(-8.385088035374E-02,0.376622434134,
    0.388680612334));
#2756 = B_SPLINE_CURVE_WITH_KNOTS('',3,(#2757,#2758,#2759,#2760),
  .UNSPECIFIED.,.F.,.F.,(4,4),(12.,13.),.PIECEWISE_BEZIER_KNOTS.);
#2757 = CARTESIAN_POINT('',(-9.963179702243E-02,0.376276039954,
    0.392639915927));
#2758 = CARTESIAN_POINT('',(-9.515210121537E-02,0.376509797305,
    0.389968057181));
#2759 = CARTESIAN_POINT('',(-8.988652325883E-02,0.376626165004,
    0.388637968294));
#2760 = CARTESIAN_POINT('',(-8.385088035374E-02,0.376622434134,
    0.388680612334));
#2761 = ORIENTED_EDGE('',*,*,#2762,.T.);
#2762 = EDGE_CURVE('',#2754,#1040,#2763,.T.);
#2763 = B_SPLINE_CURVE_WITH_KNOTS('',1,(#2764,#2765),.UNSPECIFIED.,.F.,
  .F.,(2,2),(-0.,1.E-03),.PIECEWISE_BEZIER_KNOTS.);
#2764 = CARTESIAN_POINT('',(-8.385088035374E-02,0.376622434134,
    0.388680612334));
#2765 = CARTESIAN_POINT('',(-8.385088035374E-02,0.375626239436,
    0.388593456592));
#2766 = ORIENTED_EDGE('',*,*,#1048,.F.);
#2767 = B_SPLINE_SURFACE_WITH_KNOTS('',3,1,(
    (#2768,#2769)
    ,(#2770,#2771)
    ,(#2772,#2773)
    ,(#2774,#2775
    )),.UNSPECIFIED.,.F.,.F.,.F.,(4,4),(2,2),(12.,13.),(0.,1.),
  .PIECEWISE_BEZIER_KNOTS.);
#2768 = CARTESIAN_POINT('',(-9.963179702243E-02,0.376276039954,
    0.392639915927));
#2769 = CARTESIAN_POINT('',(-9.963179702243E-02,0.375279845256,
    0.392552760185));
#2770 = CARTESIAN_POINT('',(-9.515210121537E-02,0.376509797305,
    0.389968057181));
#2771 = CARTESIAN_POINT('',(-9.515210121537E-02,0.375513602607,
    0.389880901438));
#2772 = CARTESIAN_POINT('',(-8.988652325883E-02,0.376626165004,
    0.388637968294));
#2773 = CARTESIAN_POINT('',(-8.988652325883E-02,0.375629970306,
    0.388550812551));
#2774 = CARTESIAN_POINT('',(-8.385088035374E-02,0.376622434134,
    0.388680612334));
#2775 = CARTESIAN_POINT('',(-8.385088035374E-02,0.375626239436,
    0.388593456592));
#2776 = ADVANCED_FACE('',(#2777),#2795,.F.);
#2777 = FACE_BOUND('',#2778,.F.);
#2778 = EDGE_LOOP('',(#2779,#2780,#2789,#2794));
#2779 = ORIENTED_EDGE('',*,*,#2762,.F.);
#2780 = ORIENTED_EDGE('',*,*,#2781,.T.);
#2781 = EDGE_CURVE('',#2754,#2782,#2784,.T.);
#2782 = VERTEX_POINT('',#2783);
#2783 = CARTESIAN_POINT('',(-6.822249621152E-02,0.376052722527,
    0.395192445799));
#2784 = B_SPLINE_CURVE_WITH_KNOTS('',3,(#2785,#2786,#2787,#2788),
  .UNSPECIFIED.,.F.,.F.,(4,4),(11.,12.),.PIECEWISE_BEZIER_KNOTS.);
#2785 = CARTESIAN_POINT('',(-8.385088035374E-02,0.376622434134,
    0.388680612334));
#2786 = CARTESIAN_POINT('',(-7.739414608324E-02,0.37661844297,
    0.38872623154));
#2787 = CARTESIAN_POINT('',(-7.218475844392E-02,0.376427632916,
    0.390907200448));
#2788 = CARTESIAN_POINT('',(-6.822249621152E-02,0.376052722527,
    0.395192445799));
#2789 = ORIENTED_EDGE('',*,*,#2790,.T.);
#2790 = EDGE_CURVE('',#2782,#1031,#2791,.T.);
#2791 = B_SPLINE_CURVE_WITH_KNOTS('',1,(#2792,#2793),.UNSPECIFIED.,.F.,
  .F.,(2,2),(-0.,1.E-03),.PIECEWISE_BEZIER_KNOTS.);
#2792 = CARTESIAN_POINT('',(-6.822249621152E-02,0.376052722527,
    0.395192445799));
#2793 = CARTESIAN_POINT('',(-6.822249621152E-02,0.375056527829,
    0.395105290056));
#2794 = ORIENTED_EDGE('',*,*,#1039,.F.);
#2795 = B_SPLINE_SURFACE_WITH_KNOTS('',3,1,(
    (#2796,#2797)
    ,(#2798,#2799)
    ,(#2800,#2801)
    ,(#2802,#2803
    )),.UNSPECIFIED.,.F.,.F.,.F.,(4,4),(2,2),(11.,12.),(0.,1.),
  .PIECEWISE_BEZIER_KNOTS.);
#2796 = CARTESIAN_POINT('',(-8.385088035374E-02,0.376622434134,
    0.388680612334));
#2797 = CARTESIAN_POINT('',(-8.385088035374E-02,0.375626239436,
    0.388593456592));
#2798 = CARTESIAN_POINT('',(-7.739414608324E-02,0.37661844297,
    0.38872623154));
#2799 = CARTESIAN_POINT('',(-7.739414608324E-02,0.375622248272,
    0.388639075797));
#2800 = CARTESIAN_POINT('',(-7.218475844392E-02,0.376427632916,
    0.390907200448));
#2801 = CARTESIAN_POINT('',(-7.218475844392E-02,0.375431438217,
    0.390820044705));
#2802 = CARTESIAN_POINT('',(-6.822249621152E-02,0.376052722527,
    0.395192445799));
#2803 = CARTESIAN_POINT('',(-6.822249621152E-02,0.375056527829,
    0.395105290056));
#2804 = ADVANCED_FACE('',(#2805),#2823,.F.);
#2805 = FACE_BOUND('',#2806,.F.);
#2806 = EDGE_LOOP('',(#2807,#2808,#2817,#2822));
#2807 = ORIENTED_EDGE('',*,*,#2790,.F.);
#2808 = ORIENTED_EDGE('',*,*,#2809,.T.);
#2809 = EDGE_CURVE('',#2782,#2810,#2812,.T.);
#2810 = VERTEX_POINT('',#2811);
#2811 = CARTESIAN_POINT('',(-6.235708448615E-02,0.374532065308,
    0.41257363734));
#2812 = B_SPLINE_CURVE_WITH_KNOTS('',3,(#2813,#2814,#2815,#2816),
  .UNSPECIFIED.,.F.,.F.,(4,4),(10.,11.),.PIECEWISE_BEZIER_KNOTS.);
#2813 = CARTESIAN_POINT('',(-6.822249621152E-02,0.376052722527,
    0.395192445799));
#2814 = CARTESIAN_POINT('',(-6.426045520358E-02,0.37567509358,
    0.399508764408));
#2815 = CARTESIAN_POINT('',(-6.230531796193E-02,0.375168207841,
    0.405302494922));
#2816 = CARTESIAN_POINT('',(-6.235708448615E-02,0.374532065308,
    0.41257363734));
#2817 = ORIENTED_EDGE('',*,*,#2818,.T.);
#2818 = EDGE_CURVE('',#2810,#1022,#2819,.T.);
#2819 = B_SPLINE_CURVE_WITH_KNOTS('',1,(#2820,#2821),.UNSPECIFIED.,.F.,
  .F.,(2,2),(-0.,1.E-03),.PIECEWISE_BEZIER_KNOTS.);
#2820 = CARTESIAN_POINT('',(-6.235708448615E-02,0.374532065308,
    0.41257363734));
#2821 = CARTESIAN_POINT('',(-6.235708448615E-02,0.37353587061,
    0.412486481598));
#2822 = ORIENTED_EDGE('',*,*,#1030,.F.);
#2823 = B_SPLINE_SURFACE_WITH_KNOTS('',3,1,(
    (#2824,#2825)
    ,(#2826,#2827)
    ,(#2828,#2829)
    ,(#2830,#2831
    )),.UNSPECIFIED.,.F.,.F.,.F.,(4,4),(2,2),(10.,11.),(0.,1.),
  .PIECEWISE_BEZIER_KNOTS.);
#2824 = CARTESIAN_POINT('',(-6.822249621152E-02,0.376052722527,
    0.395192445799));
#2825 = CARTESIAN_POINT('',(-6.822249621152E-02,0.375056527829,
    0.395105290056));
#2826 = CARTESIAN_POINT('',(-6.426045520358E-02,0.37567509358,
    0.399508764408));
#2827 = CARTESIAN_POINT('',(-6.426045520358E-02,0.374678898882,
    0.399421608665));
#2828 = CARTESIAN_POINT('',(-6.230531796193E-02,0.375168207841,
    0.405302494922));
#2829 = CARTESIAN_POINT('',(-6.230531796193E-02,0.374172013143,
    0.405215339179));
#2830 = CARTESIAN_POINT('',(-6.235708448615E-02,0.374532065308,
    0.41257363734));
#2831 = CARTESIAN_POINT('',(-6.235708448615E-02,0.37353587061,
    0.412486481598));
#2832 = ADVANCED_FACE('',(#2833),#2851,.F.);
#2833 = FACE_BOUND('',#2834,.F.);
#2834 = EDGE_LOOP('',(#2835,#2836,#2845,#2850));
#2835 = ORIENTED_EDGE('',*,*,#2818,.F.);
#2836 = ORIENTED_EDGE('',*,*,#2837,.T.);
#2837 = EDGE_CURVE('',#2810,#2838,#2840,.T.);
#2838 = VERTEX_POINT('',#2839);
#2839 = CARTESIAN_POINT('',(-6.889711081115E-02,0.372937515546,
    0.43079942453));
#2840 = B_SPLINE_CURVE_WITH_KNOTS('',3,(#2841,#2842,#2843,#2844),
  .UNSPECIFIED.,.F.,.F.,(4,4),(9.,10.),.PIECEWISE_BEZIER_KNOTS.);
#2841 = CARTESIAN_POINT('',(-6.235708448615E-02,0.374532065308,
    0.41257363734));
#2842 = CARTESIAN_POINT('',(-6.241150570393E-02,0.373863300082,
    0.420217658857));
#2843 = CARTESIAN_POINT('',(-6.459151447878E-02,0.373331783494,
    0.426292921254));
#2844 = CARTESIAN_POINT('',(-6.889711081115E-02,0.372937515546,
    0.43079942453));
#2845 = ORIENTED_EDGE('',*,*,#2846,.T.);
#2846 = EDGE_CURVE('',#2838,#1013,#2847,.T.);
#2847 = B_SPLINE_CURVE_WITH_KNOTS('',1,(#2848,#2849),.UNSPECIFIED.,.F.,
  .F.,(2,2),(-0.,1.E-03),.PIECEWISE_BEZIER_KNOTS.);
#2848 = CARTESIAN_POINT('',(-6.889711081115E-02,0.372937515546,
    0.43079942453));
#2849 = CARTESIAN_POINT('',(-6.889711081115E-02,0.371941320847,
    0.430712268787));
#2850 = ORIENTED_EDGE('',*,*,#1021,.F.);
#2851 = B_SPLINE_SURFACE_WITH_KNOTS('',3,1,(
    (#2852,#2853)
    ,(#2854,#2855)
    ,(#2856,#2857)
    ,(#2858,#2859
    )),.UNSPECIFIED.,.F.,.F.,.F.,(4,4),(2,2),(9.,10.),(0.,1.),
  .PIECEWISE_BEZIER_KNOTS.);
#2852 = CARTESIAN_POINT('',(-6.235708448615E-02,0.374532065308,
    0.41257363734));
#2853 = CARTESIAN_POINT('',(-6.235708448615E-02,0.37353587061,
    0.412486481598));
#2854 = CARTESIAN_POINT('',(-6.241150570393E-02,0.373863300082,
    0.420217658857));
#2855 = CARTESIAN_POINT('',(-6.241150570393E-02,0.372867105384,
    0.420130503115));
#2856 = CARTESIAN_POINT('',(-6.459151447878E-02,0.373331783494,
    0.426292921254));
#2857 = CARTESIAN_POINT('',(-6.459151447878E-02,0.372335588796,
    0.426205765511));
#2858 = CARTESIAN_POINT('',(-6.889711081115E-02,0.372937515546,
    0.43079942453));
#2859 = CARTESIAN_POINT('',(-6.889711081115E-02,0.371941320847,
    0.430712268787));
#2860 = ADVANCED_FACE('',(#2861),#2879,.F.);
#2861 = FACE_BOUND('',#2862,.F.);
#2862 = EDGE_LOOP('',(#2863,#2864,#2873,#2878));
#2863 = ORIENTED_EDGE('',*,*,#2846,.F.);
#2864 = ORIENTED_EDGE('',*,*,#2865,.T.);
#2865 = EDGE_CURVE('',#2838,#2866,#2868,.T.);
#2866 = VERTEX_POINT('',#2867);
#2867 = CARTESIAN_POINT('',(-8.557042746739E-02,0.37235786526,
    0.437424857614));
#2868 = B_SPLINE_CURVE_WITH_KNOTS('',3,(#2869,#2870,#2871,#2872),
  .UNSPECIFIED.,.F.,.F.,(4,4),(8.,9.),.PIECEWISE_BEZIER_KNOTS.);
#2869 = CARTESIAN_POINT('',(-6.889711081115E-02,0.372937515546,
    0.43079942453));
#2870 = CARTESIAN_POINT('',(-7.321808189532E-02,0.372545975795,
    0.435274744356));
#2871 = CARTESIAN_POINT('',(-7.877058171389E-02,0.372353662006,
    0.437472901028));
#2872 = CARTESIAN_POINT('',(-8.557042746739E-02,0.37235786526,
    0.437424857614));
#2873 = ORIENTED_EDGE('',*,*,#2874,.T.);
#2874 = EDGE_CURVE('',#2866,#1004,#2875,.T.);
#2875 = B_SPLINE_CURVE_WITH_KNOTS('',1,(#2876,#2877),.UNSPECIFIED.,.F.,
  .F.,(2,2),(-0.,1.E-03),.PIECEWISE_BEZIER_KNOTS.);
#2876 = CARTESIAN_POINT('',(-8.557042746739E-02,0.37235786526,
    0.437424857614));
#2877 = CARTESIAN_POINT('',(-8.557042746739E-02,0.371361670562,
    0.437337701871));
#2878 = ORIENTED_EDGE('',*,*,#1012,.F.);
#2879 = B_SPLINE_SURFACE_WITH_KNOTS('',3,1,(
    (#2880,#2881)
    ,(#2882,#2883)
    ,(#2884,#2885)
    ,(#2886,#2887
    )),.UNSPECIFIED.,.F.,.F.,.F.,(4,4),(2,2),(8.,9.),(0.,1.),
  .PIECEWISE_BEZIER_KNOTS.);
#2880 = CARTESIAN_POINT('',(-6.889711081115E-02,0.372937515546,
    0.43079942453));
#2881 = CARTESIAN_POINT('',(-6.889711081115E-02,0.371941320847,
    0.430712268787));
#2882 = CARTESIAN_POINT('',(-7.321808189532E-02,0.372545975795,
    0.435274744356));
#2883 = CARTESIAN_POINT('',(-7.321808189532E-02,0.371549781097,
    0.435187588613));
#2884 = CARTESIAN_POINT('',(-7.877058171389E-02,0.372353662006,
    0.437472901028));
#2885 = CARTESIAN_POINT('',(-7.877058171389E-02,0.371357467307,
    0.437385745286));
#2886 = CARTESIAN_POINT('',(-8.557042746739E-02,0.37235786526,
    0.437424857614));
#2887 = CARTESIAN_POINT('',(-8.557042746739E-02,0.371361670562,
    0.437337701871));
#2888 = ADVANCED_FACE('',(#2889),#2907,.F.);
#2889 = FACE_BOUND('',#2890,.F.);
#2890 = EDGE_LOOP('',(#2891,#2892,#2901,#2906));
#2891 = ORIENTED_EDGE('',*,*,#2874,.F.);
#2892 = ORIENTED_EDGE('',*,*,#2893,.T.);
#2893 = EDGE_CURVE('',#2866,#2894,#2896,.T.);
#2894 = VERTEX_POINT('',#2895);
#2895 = CARTESIAN_POINT('',(-9.992425576184E-02,0.372682106501,
    0.433718763267));
#2896 = B_SPLINE_CURVE_WITH_KNOTS('',3,(#2897,#2898,#2899,#2900),
  .UNSPECIFIED.,.F.,.F.,(4,4),(7.,8.),.PIECEWISE_BEZIER_KNOTS.);
#2897 = CARTESIAN_POINT('',(-8.557042746739E-02,0.37235786526,
    0.437424857614));
#2898 = CARTESIAN_POINT('',(-9.079507959442E-02,0.372361094824,
    0.437387943522));
#2899 = CARTESIAN_POINT('',(-9.557463785019E-02,0.372467359653,
    0.436173330976));
#2900 = CARTESIAN_POINT('',(-9.992425576184E-02,0.372682106501,
    0.433718763267));
#2901 = ORIENTED_EDGE('',*,*,#2902,.T.);
#2902 = EDGE_CURVE('',#2894,#997,#2903,.T.);
#2903 = B_SPLINE_CURVE_WITH_KNOTS('',1,(#2904,#2905),.UNSPECIFIED.,.F.,
  .F.,(2,2),(-0.,1.E-03),.PIECEWISE_BEZIER_KNOTS.);
#2904 = CARTESIAN_POINT('',(-9.992425576184E-02,0.372682106501,
    0.433718763267));
#2905 = CARTESIAN_POINT('',(-9.992425576184E-02,0.371685911803,
    0.433631607525));
#2906 = ORIENTED_EDGE('',*,*,#1003,.F.);
#2907 = B_SPLINE_SURFACE_WITH_KNOTS('',3,1,(
    (#2908,#2909)
    ,(#2910,#2911)
    ,(#2912,#2913)
    ,(#2914,#2915
    )),.UNSPECIFIED.,.F.,.F.,.F.,(4,4),(2,2),(7.,8.),(0.,1.),
  .PIECEWISE_BEZIER_KNOTS.);
#2908 = CARTESIAN_POINT('',(-8.557042746739E-02,0.37235786526,
    0.437424857614));
#2909 = CARTESIAN_POINT('',(-8.557042746739E-02,0.371361670562,
    0.437337701871));
#2910 = CARTESIAN_POINT('',(-9.079507959442E-02,0.372361094824,
    0.437387943522));
#2911 = CARTESIAN_POINT('',(-9.079507959442E-02,0.371364900126,
    0.437300787779));
#2912 = CARTESIAN_POINT('',(-9.557463785019E-02,0.372467359653,
    0.436173330976));
#2913 = CARTESIAN_POINT('',(-9.557463785019E-02,0.371471164955,
    0.436086175233));
#2914 = CARTESIAN_POINT('',(-9.992425576184E-02,0.372682106501,
    0.433718763267));
#2915 = CARTESIAN_POINT('',(-9.992425576184E-02,0.371685911803,
    0.433631607525));
#2916 = ADVANCED_FACE('',(#2917),#2933,.F.);
#2917 = FACE_BOUND('',#2918,.T.);
#2918 = EDGE_LOOP('',(#2919,#2920,#2927,#2932));
#2919 = ORIENTED_EDGE('',*,*,#996,.T.);
#2920 = ORIENTED_EDGE('',*,*,#2921,.F.);
#2921 = EDGE_CURVE('',#2922,#988,#2924,.T.);
#2922 = VERTEX_POINT('',#2923);
#2923 = CARTESIAN_POINT('',(-9.998265901994E-02,0.371964407234,
    0.441922103432));
#2924 = B_SPLINE_CURVE_WITH_KNOTS('',1,(#2925,#2926),.UNSPECIFIED.,.F.,
  .F.,(2,2),(-0.,1.E-03),.PIECEWISE_BEZIER_KNOTS.);
#2925 = CARTESIAN_POINT('',(-9.998265901994E-02,0.371964407234,
    0.441922103432));
#2926 = CARTESIAN_POINT('',(-9.998265901994E-02,0.370968212535,
    0.441834947689));
#2927 = ORIENTED_EDGE('',*,*,#2928,.F.);
#2928 = EDGE_CURVE('',#2894,#2922,#2929,.T.);
#2929 = B_SPLINE_CURVE_WITH_KNOTS('',1,(#2930,#2931),.UNSPECIFIED.,.F.,
  .F.,(2,2),(-8.234882696995E-03,0.),.PIECEWISE_BEZIER_KNOTS.);
#2930 = CARTESIAN_POINT('',(-9.992425576184E-02,0.372682106501,
    0.433718763267));
#2931 = CARTESIAN_POINT('',(-9.998265901994E-02,0.371964407234,
    0.441922103432));
#2932 = ORIENTED_EDGE('',*,*,#2902,.T.);
#2933 = B_SPLINE_SURFACE_WITH_KNOTS('',1,1,(
    (#2934,#2935)
    ,(#2936,#2937
    )),.UNSPECIFIED.,.F.,.F.,.F.,(2,2),(2,2),(0.,8.290701616796E-03),(
    -9.961948884035E-04,7.176994045476E-04),.PIECEWISE_BEZIER_KNOTS.);
#2934 = CARTESIAN_POINT('',(-9.998327477663E-02,0.370968212535,
    0.441922099081));
#2935 = CARTESIAN_POINT('',(-9.998221540372E-02,0.372682106501,
    0.441922106566));
#2936 = CARTESIAN_POINT('',(-9.992469937806E-02,0.370968212535,
    0.43363160439));
#2937 = CARTESIAN_POINT('',(-9.992364000516E-02,0.372682106501,
    0.433631611875));
#2938 = ADVANCED_FACE('',(#2939),#2957,.F.);
#2939 = FACE_BOUND('',#2940,.F.);
#2940 = EDGE_LOOP('',(#2941,#2942,#2951,#2956));
#2941 = ORIENTED_EDGE('',*,*,#2921,.F.);
#2942 = ORIENTED_EDGE('',*,*,#2943,.T.);
#2943 = EDGE_CURVE('',#2922,#2944,#2946,.T.);
#2944 = VERTEX_POINT('',#2945);
#2945 = CARTESIAN_POINT('',(-8.554288676223E-02,0.371737985872,
    0.44451011144));
#2946 = B_SPLINE_CURVE_WITH_KNOTS('',3,(#2947,#2948,#2949,#2950),
  .UNSPECIFIED.,.F.,.F.,(4,4),(5.,6.),.PIECEWISE_BEZIER_KNOTS.);
#2947 = CARTESIAN_POINT('',(-9.998265901994E-02,0.371964407234,
    0.441922103432));
#2948 = CARTESIAN_POINT('',(-9.618896565067E-02,0.371817971389,
    0.443595872798));
#2949 = CARTESIAN_POINT('',(-9.137578197285E-02,0.371741591415,
    0.444468899887));
#2950 = CARTESIAN_POINT('',(-8.554288676223E-02,0.371737985872,
    0.44451011144));
#2951 = ORIENTED_EDGE('',*,*,#2952,.T.);
#2952 = EDGE_CURVE('',#2944,#979,#2953,.T.);
#2953 = B_SPLINE_CURVE_WITH_KNOTS('',1,(#2954,#2955),.UNSPECIFIED.,.F.,
  .F.,(2,2),(-0.,1.E-03),.PIECEWISE_BEZIER_KNOTS.);
#2954 = CARTESIAN_POINT('',(-8.554288676223E-02,0.371737985872,
    0.44451011144));
#2955 = CARTESIAN_POINT('',(-8.554288676223E-02,0.370741791174,
    0.444422955697));
#2956 = ORIENTED_EDGE('',*,*,#987,.F.);
#2957 = B_SPLINE_SURFACE_WITH_KNOTS('',3,1,(
    (#2958,#2959)
    ,(#2960,#2961)
    ,(#2962,#2963)
    ,(#2964,#2965
    )),.UNSPECIFIED.,.F.,.F.,.F.,(4,4),(2,2),(5.,6.),(0.,1.),
  .PIECEWISE_BEZIER_KNOTS.);
#2958 = CARTESIAN_POINT('',(-9.998265901994E-02,0.371964407234,
    0.441922103432));
#2959 = CARTESIAN_POINT('',(-9.998265901994E-02,0.370968212535,
    0.441834947689));
#2960 = CARTESIAN_POINT('',(-9.618896565067E-02,0.371817971389,
    0.443595872798));
#2961 = CARTESIAN_POINT('',(-9.618896565067E-02,0.370821776691,
    0.443508717056));
#2962 = CARTESIAN_POINT('',(-9.137578197285E-02,0.371741591415,
    0.444468899887));
#2963 = CARTESIAN_POINT('',(-9.137578197285E-02,0.370745396717,
    0.444381744144));
#2964 = CARTESIAN_POINT('',(-8.554288676223E-02,0.371737985872,
    0.44451011144));
#2965 = CARTESIAN_POINT('',(-8.554288676223E-02,0.370741791174,
    0.444422955697));
#2966 = ADVANCED_FACE('',(#2967),#2985,.F.);
#2967 = FACE_BOUND('',#2968,.F.);
#2968 = EDGE_LOOP('',(#2969,#2970,#2979,#2984));
#2969 = ORIENTED_EDGE('',*,*,#2952,.F.);
#2970 = ORIENTED_EDGE('',*,*,#2971,.T.);
#2971 = EDGE_CURVE('',#2944,#2972,#2974,.T.);
#2972 = VERTEX_POINT('',#2973);
#2973 = CARTESIAN_POINT('',(-6.306775588796E-02,0.372507077141,
    0.435719358003));
#2974 = B_SPLINE_CURVE_WITH_KNOTS('',3,(#2975,#2976,#2977,#2978),
  .UNSPECIFIED.,.F.,.F.,(4,4),(4.,5.),.PIECEWISE_BEZIER_KNOTS.);
#2975 = CARTESIAN_POINT('',(-8.554288676223E-02,0.371737985872,
    0.44451011144));
#2976 = CARTESIAN_POINT('',(-7.648162441646E-02,0.371732384746,
    0.444574132596));
#2977 = CARTESIAN_POINT('',(-6.898991412504E-02,0.371988748503,
    0.44164388145));
#2978 = CARTESIAN_POINT('',(-6.306775588796E-02,0.372507077141,
    0.435719358003));
#2979 = ORIENTED_EDGE('',*,*,#2980,.T.);
#2980 = EDGE_CURVE('',#2972,#970,#2981,.T.);
#2981 = B_SPLINE_CURVE_WITH_KNOTS('',1,(#2982,#2983),.UNSPECIFIED.,.F.,
  .F.,(2,2),(-0.,1.E-03),.PIECEWISE_BEZIER_KNOTS.);
#2982 = CARTESIAN_POINT('',(-6.306775588796E-02,0.372507077141,
    0.435719358003));
#2983 = CARTESIAN_POINT('',(-6.306775588796E-02,0.371510882443,
    0.43563220226));
#2984 = ORIENTED_EDGE('',*,*,#978,.F.);
#2985 = B_SPLINE_SURFACE_WITH_KNOTS('',3,1,(
    (#2986,#2987)
    ,(#2988,#2989)
    ,(#2990,#2991)
    ,(#2992,#2993
    )),.UNSPECIFIED.,.F.,.F.,.F.,(4,4),(2,2),(4.,5.),(0.,1.),
  .PIECEWISE_BEZIER_KNOTS.);
#2986 = CARTESIAN_POINT('',(-8.554288676223E-02,0.371737985872,
    0.44451011144));
#2987 = CARTESIAN_POINT('',(-8.554288676223E-02,0.370741791174,
    0.444422955697));
#2988 = CARTESIAN_POINT('',(-7.648162441646E-02,0.371732384746,
    0.444574132596));
#2989 = CARTESIAN_POINT('',(-7.648162441646E-02,0.370736190048,
    0.444486976853));
#2990 = CARTESIAN_POINT('',(-6.898991412504E-02,0.371988748503,
    0.44164388145));
#2991 = CARTESIAN_POINT('',(-6.898991412504E-02,0.370992553805,
    0.441556725708));
#2992 = CARTESIAN_POINT('',(-6.306775588796E-02,0.372507077141,
    0.435719358003));
#2993 = CARTESIAN_POINT('',(-6.306775588796E-02,0.371510882443,
    0.43563220226));
#2994 = ADVANCED_FACE('',(#2995),#3013,.F.);
#2995 = FACE_BOUND('',#2996,.F.);
#2996 = EDGE_LOOP('',(#2997,#2998,#3007,#3012));
#2997 = ORIENTED_EDGE('',*,*,#2980,.F.);
#2998 = ORIENTED_EDGE('',*,*,#2999,.T.);
#2999 = EDGE_CURVE('',#2972,#3000,#3002,.T.);
#3000 = VERTEX_POINT('',#3001);
#3001 = CARTESIAN_POINT('',(-5.408789857461E-02,0.374567734216,
    0.412165939866));
#3002 = B_SPLINE_CURVE_WITH_KNOTS('',3,(#3003,#3004,#3005,#3006),
  .UNSPECIFIED.,.F.,.F.,(4,4),(3.,4.),.PIECEWISE_BEZIER_KNOTS.);
#3003 = CARTESIAN_POINT('',(-6.306775588796E-02,0.372507077141,
    0.435719358003));
#3004 = CARTESIAN_POINT('',(-5.71455976511E-02,0.37302540578,
    0.429794834556));
#3005 = CARTESIAN_POINT('',(-5.41575842803E-02,0.373711388499,
    0.421954016199));
#3006 = CARTESIAN_POINT('',(-5.408789857461E-02,0.374567734216,
    0.412165939866));
#3007 = ORIENTED_EDGE('',*,*,#3008,.T.);
#3008 = EDGE_CURVE('',#3000,#961,#3009,.T.);
#3009 = B_SPLINE_CURVE_WITH_KNOTS('',1,(#3010,#3011),.UNSPECIFIED.,.F.,
  .F.,(2,2),(-0.,1.E-03),.PIECEWISE_BEZIER_KNOTS.);
#3010 = CARTESIAN_POINT('',(-5.408789857461E-02,0.374567734216,
    0.412165939866));
#3011 = CARTESIAN_POINT('',(-5.408789857461E-02,0.373571539518,
    0.412078784123));
#3012 = ORIENTED_EDGE('',*,*,#969,.F.);
#3013 = B_SPLINE_SURFACE_WITH_KNOTS('',3,1,(
    (#3014,#3015)
    ,(#3016,#3017)
    ,(#3018,#3019)
    ,(#3020,#3021
    )),.UNSPECIFIED.,.F.,.F.,.F.,(4,4),(2,2),(3.,4.),(0.,1.),
  .PIECEWISE_BEZIER_KNOTS.);
#3014 = CARTESIAN_POINT('',(-6.306775588796E-02,0.372507077141,
    0.435719358003));
#3015 = CARTESIAN_POINT('',(-6.306775588796E-02,0.371510882443,
    0.43563220226));
#3016 = CARTESIAN_POINT('',(-5.71455976511E-02,0.37302540578,
    0.429794834556));
#3017 = CARTESIAN_POINT('',(-5.71455976511E-02,0.372029211082,
    0.429707678813));
#3018 = CARTESIAN_POINT('',(-5.41575842803E-02,0.373711388499,
    0.421954016199));
#3019 = CARTESIAN_POINT('',(-5.41575842803E-02,0.372715193801,
    0.421866860456));
#3020 = CARTESIAN_POINT('',(-5.408789857461E-02,0.374567734216,
    0.412165939866));
#3021 = CARTESIAN_POINT('',(-5.408789857461E-02,0.373571539518,
    0.412078784123));
#3022 = ADVANCED_FACE('',(#3023),#3041,.F.);
#3023 = FACE_BOUND('',#3024,.F.);
#3024 = EDGE_LOOP('',(#3025,#3026,#3035,#3040));
#3025 = ORIENTED_EDGE('',*,*,#3008,.F.);
#3026 = ORIENTED_EDGE('',*,*,#3027,.T.);
#3027 = EDGE_CURVE('',#3000,#3028,#3030,.T.);
#3028 = VERTEX_POINT('',#3029);
#3029 = CARTESIAN_POINT('',(-6.176067308214E-02,0.376494594129,
    0.390141830277));
#3030 = B_SPLINE_CURVE_WITH_KNOTS('',3,(#3031,#3032,#3033,#3034),
  .UNSPECIFIED.,.F.,.F.,(4,4),(2.,3.),.PIECEWISE_BEZIER_KNOTS.);
#3031 = CARTESIAN_POINT('',(-5.408789857461E-02,0.374567734216,
    0.412165939866));
#3032 = CARTESIAN_POINT('',(-5.40230798071E-02,0.37536427166,
    0.403061475213));
#3033 = CARTESIAN_POINT('',(-5.657539890923E-02,0.37600746127,
    0.395709784328));
#3034 = CARTESIAN_POINT('',(-6.176067308214E-02,0.376494594129,
    0.390141830277));
#3035 = ORIENTED_EDGE('',*,*,#3036,.T.);
#3036 = EDGE_CURVE('',#3028,#952,#3037,.T.);
#3037 = B_SPLINE_CURVE_WITH_KNOTS('',1,(#3038,#3039),.UNSPECIFIED.,.F.,
  .F.,(2,2),(-0.,9.999998715905E-04),.PIECEWISE_BEZIER_KNOTS.);
#3038 = CARTESIAN_POINT('',(-6.176067308214E-02,0.376494594129,
    0.390141830277));
#3039 = CARTESIAN_POINT('',(-6.176067308214E-02,0.375498399559,
    0.390054674545));
#3040 = ORIENTED_EDGE('',*,*,#960,.F.);
#3041 = B_SPLINE_SURFACE_WITH_KNOTS('',3,1,(
    (#3042,#3043)
    ,(#3044,#3045)
    ,(#3046,#3047)
    ,(#3048,#3049
    )),.UNSPECIFIED.,.F.,.F.,.F.,(4,4),(2,2),(2.,3.),(0.,1.),
  .PIECEWISE_BEZIER_KNOTS.);
#3042 = CARTESIAN_POINT('',(-5.408789857461E-02,0.374567734216,
    0.412165939866));
#3043 = CARTESIAN_POINT('',(-5.408789857461E-02,0.373571539518,
    0.412078784123));
#3044 = CARTESIAN_POINT('',(-5.40230798071E-02,0.37536427166,
    0.403061475213));
#3045 = CARTESIAN_POINT('',(-5.40230798071E-02,0.374368076962,
    0.402974319471));
#3046 = CARTESIAN_POINT('',(-5.657539890923E-02,0.37600746127,
    0.395709784328));
#3047 = CARTESIAN_POINT('',(-5.657539890923E-02,0.375011266572,
    0.395622628585));
#3048 = CARTESIAN_POINT('',(-6.176067308214E-02,0.376494594129,
    0.390141830277));
#3049 = CARTESIAN_POINT('',(-6.176067308214E-02,0.375498399431,
    0.390054674534));
#3050 = ADVANCED_FACE('',(#3051),#3063,.F.);
#3051 = FACE_BOUND('',#3052,.F.);
#3052 = EDGE_LOOP('',(#3053,#3054,#3061,#3062));
#3053 = ORIENTED_EDGE('',*,*,#3036,.F.);
#3054 = ORIENTED_EDGE('',*,*,#3055,.T.);
#3055 = EDGE_CURVE('',#3028,#2697,#3056,.T.);
#3056 = B_SPLINE_CURVE_WITH_KNOTS('',3,(#3057,#3058,#3059,#3060),
  .UNSPECIFIED.,.F.,.F.,(4,4),(1.,2.),.PIECEWISE_BEZIER_KNOTS.);
#3057 = CARTESIAN_POINT('',(-6.176067308214E-02,0.376494594129,
    0.390141830277));
#3058 = CARTESIAN_POINT('',(-6.694594725505E-02,0.376981726987,
    0.384573876226));
#3059 = CARTESIAN_POINT('',(-7.391325574937E-02,0.377227997574,
    0.381758990535));
#3060 = CARTESIAN_POINT('',(-8.26625985653E-02,0.37723340589,
    0.381697173206));
#3061 = ORIENTED_EDGE('',*,*,#2696,.T.);
#3062 = ORIENTED_EDGE('',*,*,#951,.F.);
#3063 = B_SPLINE_SURFACE_WITH_KNOTS('',3,1,(
    (#3064,#3065)
    ,(#3066,#3067)
    ,(#3068,#3069)
    ,(#3070,#3071
    )),.UNSPECIFIED.,.F.,.F.,.F.,(4,4),(2,2),(1.,2.),(0.,1.),
  .PIECEWISE_BEZIER_KNOTS.);
#3064 = CARTESIAN_POINT('',(-6.176067308214E-02,0.376494594129,
    0.390141830277));
#3065 = CARTESIAN_POINT('',(-6.176067308214E-02,0.375498399431,
    0.390054674534));
#3066 = CARTESIAN_POINT('',(-6.694594725505E-02,0.376981726987,
    0.384573876226));
#3067 = CARTESIAN_POINT('',(-6.694594725505E-02,0.375985532289,
    0.384486720483));
#3068 = CARTESIAN_POINT('',(-7.391325574937E-02,0.377227997574,
    0.381758990535));
#3069 = CARTESIAN_POINT('',(-7.391325574937E-02,0.376231802876,
    0.381671834793));
#3070 = CARTESIAN_POINT('',(-8.26625985653E-02,0.37723340589,
    0.381697173206));
#3071 = CARTESIAN_POINT('',(-8.26625985653E-02,0.376237211192,
    0.381610017463));
#3072 = ADVANCED_FACE('',(#3073),#3089,.T.);
#3073 = FACE_BOUND('',#3074,.T.);
#3074 = EDGE_LOOP('',(#3075,#3076,#3077,#3078,#3079,#3080,#3081,#3082,
    #3083,#3084,#3085,#3086,#3087,#3088));
#3075 = ORIENTED_EDGE('',*,*,#2703,.T.);
#3076 = ORIENTED_EDGE('',*,*,#2738,.T.);
#3077 = ORIENTED_EDGE('',*,*,#2753,.T.);
#3078 = ORIENTED_EDGE('',*,*,#2781,.T.);
#3079 = ORIENTED_EDGE('',*,*,#2809,.T.);
#3080 = ORIENTED_EDGE('',*,*,#2837,.T.);
#3081 = ORIENTED_EDGE('',*,*,#2865,.T.);
#3082 = ORIENTED_EDGE('',*,*,#2893,.T.);
#3083 = ORIENTED_EDGE('',*,*,#2928,.T.);
#3084 = ORIENTED_EDGE('',*,*,#2943,.T.);
#3085 = ORIENTED_EDGE('',*,*,#2971,.T.);
#3086 = ORIENTED_EDGE('',*,*,#2999,.T.);
#3087 = ORIENTED_EDGE('',*,*,#3027,.T.);
#3088 = ORIENTED_EDGE('',*,*,#3055,.T.);
#3089 = B_SPLINE_SURFACE_WITH_KNOTS('',1,1,(
    (#3090,#3091)
    ,(#3092,#3093
    )),.UNSPECIFIED.,.F.,.F.,.F.,(2,2),(2,2),(-8.710238258966E-04,
    6.229412104268E-02),(-8.014654569934E-03,3.79449246429E-02),
  .PIECEWISE_BEZIER_KNOTS.);
#3090 = CARTESIAN_POINT('',(-9.998265901994E-02,0.377237589863,
    0.381649350174));
#3091 = CARTESIAN_POINT('',(-5.40230798071E-02,0.377237589863,
    0.381649350174));
#3092 = CARTESIAN_POINT('',(-9.998265901994E-02,0.371732384746,
    0.444574132596));
#3093 = CARTESIAN_POINT('',(-5.40230798071E-02,0.371732384746,
    0.444574132596));
#3094 = ADVANCED_FACE('',(#3095),#3117,.F.);
#3095 = FACE_BOUND('',#3096,.T.);
#3096 = EDGE_LOOP('',(#3097,#3098,#3105,#3112));
#3097 = ORIENTED_EDGE('',*,*,#847,.T.);
#3098 = ORIENTED_EDGE('',*,*,#3099,.F.);
#3099 = EDGE_CURVE('',#3100,#850,#3102,.T.);
#3100 = VERTEX_POINT('',#3101);
#3101 = CARTESIAN_POINT('',(-0.144635258729,0.376575727835,
    0.389214467771));
#3102 = B_SPLINE_CURVE_WITH_KNOTS('',1,(#3103,#3104),.UNSPECIFIED.,.F.,
  .F.,(2,2),(-0.,9.999998715905E-04),.PIECEWISE_BEZIER_KNOTS.);
#3103 = CARTESIAN_POINT('',(-0.144635258729,0.376575727835,
    0.389214467771));
#3104 = CARTESIAN_POINT('',(-0.144635258729,0.375579533265,0.38912731204
    ));
#3105 = ORIENTED_EDGE('',*,*,#3106,.F.);
#3106 = EDGE_CURVE('',#3107,#3100,#3109,.T.);
#3107 = VERTEX_POINT('',#3108);
#3108 = CARTESIAN_POINT('',(-0.144585925673,0.377181966231,
    0.382285131193));
#3109 = B_SPLINE_CURVE_WITH_KNOTS('',1,(#3110,#3111),.UNSPECIFIED.,.F.,
  .F.,(2,2),(-6.955980460135E-03,0.),.PIECEWISE_BEZIER_KNOTS.);
#3110 = CARTESIAN_POINT('',(-0.144585925673,0.377181966231,
    0.382285131193));
#3111 = CARTESIAN_POINT('',(-0.144635258729,0.376575727835,
    0.389214467771));
#3112 = ORIENTED_EDGE('',*,*,#3113,.T.);
#3113 = EDGE_CURVE('',#3107,#848,#3114,.T.);
#3114 = B_SPLINE_CURVE_WITH_KNOTS('',1,(#3115,#3116),.UNSPECIFIED.,.F.,
  .F.,(2,2),(-0.,1.E-03),.PIECEWISE_BEZIER_KNOTS.);
#3115 = CARTESIAN_POINT('',(-0.144585925673,0.377181966231,
    0.382285131193));
#3116 = CARTESIAN_POINT('',(-0.144585925673,0.376185771533,0.38219797545
    ));
#3117 = B_SPLINE_SURFACE_WITH_KNOTS('',1,1,(
    (#3118,#3119)
    ,(#3120,#3121
    )),.UNSPECIFIED.,.F.,.F.,.F.,(2,2),(2,2),(0.,7.016665745668E-03),(
    -9.961948884035E-04,6.062385121898E-04),.PIECEWISE_BEZIER_KNOTS.);
#3118 = CARTESIAN_POINT('',(-0.144635874485,0.375579533137,
    0.389214463421));
#3119 = CARTESIAN_POINT('',(-0.144634884007,0.377181966231,
    0.389214470419));
#3120 = CARTESIAN_POINT('',(-0.144586300395,0.375579533137,
    0.382197972802));
#3121 = CARTESIAN_POINT('',(-0.144585309917,0.377181966231,
    0.382197979801));
#3122 = ADVANCED_FACE('',(#3123),#3139,.F.);
#3123 = FACE_BOUND('',#3124,.T.);
#3124 = EDGE_LOOP('',(#3125,#3126,#3133,#3138));
#3125 = ORIENTED_EDGE('',*,*,#926,.T.);
#3126 = ORIENTED_EDGE('',*,*,#3127,.F.);
#3127 = EDGE_CURVE('',#3128,#920,#3130,.T.);
#3128 = VERTEX_POINT('',#3129);
#3129 = CARTESIAN_POINT('',(-0.119697292307,0.37656031269,0.389390663689
    ));
#3130 = B_SPLINE_CURVE_WITH_KNOTS('',1,(#3131,#3132),.UNSPECIFIED.,.F.,
  .F.,(2,2),(-0.,9.999998715906E-04),.PIECEWISE_BEZIER_KNOTS.);
#3131 = CARTESIAN_POINT('',(-0.119697292307,0.37656031269,0.389390663689
    ));
#3132 = CARTESIAN_POINT('',(-0.119697292307,0.37556411812,0.389303507958
    ));
#3133 = ORIENTED_EDGE('',*,*,#3134,.F.);
#3134 = EDGE_CURVE('',#3100,#3128,#3135,.T.);
#3135 = B_SPLINE_CURVE_WITH_KNOTS('',1,(#3136,#3137),.UNSPECIFIED.,.F.,
  .F.,(2,2),(-2.493859362272E-02,0.),.PIECEWISE_BEZIER_KNOTS.);
#3136 = CARTESIAN_POINT('',(-0.144635258729,0.376575727835,
    0.389214467771));
#3137 = CARTESIAN_POINT('',(-0.119697292307,0.37656031269,0.389390663689
    ));
#3138 = ORIENTED_EDGE('',*,*,#3099,.T.);
#3139 = B_SPLINE_SURFACE_WITH_KNOTS('',1,1,(
    (#3140,#3141)
    ,(#3142,#3143)),.UNSPECIFIED.,.F.,.F.,.F.,(2,2),(2,2),(-1.E-03,0.),(
    -2.493859362272E-02,2.505591985558E-22),.PIECEWISE_BEZIER_KNOTS.);
#3140 = CARTESIAN_POINT('',(-0.144635258729,0.375579533137,
    0.389127312028));
#3141 = CARTESIAN_POINT('',(-0.119697292307,0.375564117992,
    0.389303507946));
#3142 = CARTESIAN_POINT('',(-0.144635258729,0.376575727835,
    0.389214467771));
#3143 = CARTESIAN_POINT('',(-0.119697292307,0.37656031269,0.389390663689
    ));
#3144 = ADVANCED_FACE('',(#3145),#3161,.F.);
#3145 = FACE_BOUND('',#3146,.T.);
#3146 = EDGE_LOOP('',(#3147,#3148,#3155,#3160));
#3147 = ORIENTED_EDGE('',*,*,#919,.T.);
#3148 = ORIENTED_EDGE('',*,*,#3149,.F.);
#3149 = EDGE_CURVE('',#3150,#913,#3152,.T.);
#3150 = VERTEX_POINT('',#3151);
#3151 = CARTESIAN_POINT('',(-0.119842858003,0.374771501637,
    0.409836867584));
#3152 = B_SPLINE_CURVE_WITH_KNOTS('',1,(#3153,#3154),.UNSPECIFIED.,.F.,
  .F.,(2,2),(-0.,9.999998715905E-04),.PIECEWISE_BEZIER_KNOTS.);
#3153 = CARTESIAN_POINT('',(-0.119842858003,0.374771501637,
    0.409836867584));
#3154 = CARTESIAN_POINT('',(-0.119842858003,0.373775307067,
    0.409749711853));
#3155 = ORIENTED_EDGE('',*,*,#3156,.F.);
#3156 = EDGE_CURVE('',#3128,#3150,#3157,.T.);
#3157 = B_SPLINE_CURVE_WITH_KNOTS('',1,(#3158,#3159),.UNSPECIFIED.,.F.,
  .F.,(2,2),(-2.0524821268E-02,0.),.PIECEWISE_BEZIER_KNOTS.);
#3158 = CARTESIAN_POINT('',(-0.119697292307,0.37656031269,0.389390663689
    ));
#3159 = CARTESIAN_POINT('',(-0.119842858003,0.374771501637,
    0.409836867584));
#3160 = ORIENTED_EDGE('',*,*,#3127,.T.);
#3161 = B_SPLINE_SURFACE_WITH_KNOTS('',1,1,(
    (#3162,#3163)
    ,(#3164,#3165
    )),.UNSPECIFIED.,.F.,.F.,.F.,(2,2),(2,2),(0.,2.053387561121E-02),(
    -9.961948884035E-04,1.78881139471E-03),.PIECEWISE_BEZIER_KNOTS.);
#3162 = CARTESIAN_POINT('',(-0.11984347376,0.373775306939,0.409836863234
    ));
#3163 = CARTESIAN_POINT('',(-0.119841752323,0.37656031269,0.409836875397
    ));
#3164 = CARTESIAN_POINT('',(-0.119698397987,0.373775306939,
    0.389303500123));
#3165 = CARTESIAN_POINT('',(-0.11969667655,0.37656031269,0.389303512286)
  );
#3166 = ADVANCED_FACE('',(#3167),#3183,.F.);
#3167 = FACE_BOUND('',#3168,.T.);
#3168 = EDGE_LOOP('',(#3169,#3170,#3177,#3182));
#3169 = ORIENTED_EDGE('',*,*,#912,.T.);
#3170 = ORIENTED_EDGE('',*,*,#3171,.F.);
#3171 = EDGE_CURVE('',#3172,#906,#3174,.T.);
#3172 = VERTEX_POINT('',#3173);
#3173 = CARTESIAN_POINT('',(-0.141661629125,0.374784988684,0.40968270993
    ));
#3174 = B_SPLINE_CURVE_WITH_KNOTS('',1,(#3175,#3176),.UNSPECIFIED.,.F.,
  .F.,(2,2),(-0.,9.999998715906E-04),.PIECEWISE_BEZIER_KNOTS.);
#3175 = CARTESIAN_POINT('',(-0.141661629125,0.374784988684,0.40968270993
    ));
#3176 = CARTESIAN_POINT('',(-0.141661629125,0.373788794114,
    0.409595554199));
#3177 = ORIENTED_EDGE('',*,*,#3178,.F.);
#3178 = EDGE_CURVE('',#3150,#3172,#3179,.T.);
#3179 = B_SPLINE_CURVE_WITH_KNOTS('',1,(#3180,#3181),.UNSPECIFIED.,.F.,
  .F.,(2,2),(-2.181931987379E-02,0.),.PIECEWISE_BEZIER_KNOTS.);
#3180 = CARTESIAN_POINT('',(-0.119842858003,0.374771501637,
    0.409836867584));
#3181 = CARTESIAN_POINT('',(-0.141661629125,0.374784988684,0.40968270993
    ));
#3182 = ORIENTED_EDGE('',*,*,#3149,.T.);
#3183 = B_SPLINE_SURFACE_WITH_KNOTS('',1,1,(
    (#3184,#3185)
    ,(#3186,#3187)),.UNSPECIFIED.,.F.,.F.,.F.,(2,2),(2,2),(-0.,1.E-03),(
    -1.957247686307E-17,2.181931987379E-02),.PIECEWISE_BEZIER_KNOTS.);
#3184 = CARTESIAN_POINT('',(-0.141661629125,0.374784988684,0.40968270993
    ));
#3185 = CARTESIAN_POINT('',(-0.119842858003,0.374771501637,
    0.409836867584));
#3186 = CARTESIAN_POINT('',(-0.141661629125,0.373788793986,
    0.409595554187));
#3187 = CARTESIAN_POINT('',(-0.119842858003,0.373775306939,
    0.409749711842));
#3188 = ADVANCED_FACE('',(#3189),#3205,.F.);
#3189 = FACE_BOUND('',#3190,.T.);
#3190 = EDGE_LOOP('',(#3191,#3192,#3199,#3204));
#3191 = ORIENTED_EDGE('',*,*,#905,.T.);
#3192 = ORIENTED_EDGE('',*,*,#3193,.F.);
#3193 = EDGE_CURVE('',#3194,#899,#3196,.T.);
#3194 = VERTEX_POINT('',#3195);
#3195 = CARTESIAN_POINT('',(-0.141711183405,0.37417603173,0.416643119767
    ));
#3196 = B_SPLINE_CURVE_WITH_KNOTS('',1,(#3197,#3198),.UNSPECIFIED.,.F.,
  .F.,(2,2),(-0.,9.999998715905E-04),.PIECEWISE_BEZIER_KNOTS.);
#3197 = CARTESIAN_POINT('',(-0.141711183405,0.37417603173,0.416643119767
    ));
#3198 = CARTESIAN_POINT('',(-0.141711183405,0.37317983716,0.416555964035
    ));
#3199 = ORIENTED_EDGE('',*,*,#3200,.F.);
#3200 = EDGE_CURVE('',#3172,#3194,#3201,.T.);
#3201 = B_SPLINE_CURVE_WITH_KNOTS('',1,(#3202,#3203),.UNSPECIFIED.,.F.,
  .F.,(2,2),(-6.987173197589E-03,0.),.PIECEWISE_BEZIER_KNOTS.);
#3202 = CARTESIAN_POINT('',(-0.141661629125,0.374784988684,0.40968270993
    ));
#3203 = CARTESIAN_POINT('',(-0.141711183405,0.37417603173,0.416643119767
    ));
#3204 = ORIENTED_EDGE('',*,*,#3171,.T.);
#3205 = B_SPLINE_SURFACE_WITH_KNOTS('',1,1,(
    (#3206,#3207)
    ,(#3208,#3209
    )),.UNSPECIFIED.,.F.,.F.,.F.,(2,2),(2,2),(0.,7.047739802467E-03),(
    -9.961948884036E-04,6.089570705373E-04),.PIECEWISE_BEZIER_KNOTS.);
#3206 = CARTESIAN_POINT('',(-0.141711799161,0.373179837032,
    0.416643115416));
#3207 = CARTESIAN_POINT('',(-0.141710807003,0.374784988684,
    0.416643122426));
#3208 = CARTESIAN_POINT('',(-0.141662005527,0.373179837032,
    0.409595551517));
#3209 = CARTESIAN_POINT('',(-0.141661013368,0.374784988684,
    0.409595558527));
#3210 = ADVANCED_FACE('',(#3211),#3227,.F.);
#3211 = FACE_BOUND('',#3212,.T.);
#3212 = EDGE_LOOP('',(#3213,#3214,#3221,#3226));
#3213 = ORIENTED_EDGE('',*,*,#898,.T.);
#3214 = ORIENTED_EDGE('',*,*,#3215,.F.);
#3215 = EDGE_CURVE('',#3216,#892,#3218,.T.);
#3216 = VERTEX_POINT('',#3217);
#3217 = CARTESIAN_POINT('',(-0.119892412283,0.374162544683,
    0.416797277421));
#3218 = B_SPLINE_CURVE_WITH_KNOTS('',1,(#3219,#3220),.UNSPECIFIED.,.F.,
  .F.,(2,2),(-0.,9.999998715905E-04),.PIECEWISE_BEZIER_KNOTS.);
#3219 = CARTESIAN_POINT('',(-0.119892412283,0.374162544683,
    0.416797277421));
#3220 = CARTESIAN_POINT('',(-0.119892412283,0.373166350112,0.41671012169
    ));
#3221 = ORIENTED_EDGE('',*,*,#3222,.F.);
#3222 = EDGE_CURVE('',#3194,#3216,#3223,.T.);
#3223 = B_SPLINE_CURVE_WITH_KNOTS('',1,(#3224,#3225),.UNSPECIFIED.,.F.,
  .F.,(2,2),(-2.181931987379E-02,0.),.PIECEWISE_BEZIER_KNOTS.);
#3224 = CARTESIAN_POINT('',(-0.141711183405,0.37417603173,0.416643119767
    ));
#3225 = CARTESIAN_POINT('',(-0.119892412283,0.374162544683,
    0.416797277421));
#3226 = ORIENTED_EDGE('',*,*,#3193,.T.);
#3227 = B_SPLINE_SURFACE_WITH_KNOTS('',1,1,(
    (#3228,#3229)
    ,(#3230,#3231
    )),.UNSPECIFIED.,.F.,.F.,.F.,(2,2),(2,2),(-1.E-03,2.709826861559E-17
    ),(-2.181931987379E-02,3.240522957049E-22),
  .PIECEWISE_BEZIER_KNOTS.);
#3228 = CARTESIAN_POINT('',(-0.141711183405,0.373179837032,
    0.416555964024));
#3229 = CARTESIAN_POINT('',(-0.119892412283,0.373166349984,
    0.416710121678));
#3230 = CARTESIAN_POINT('',(-0.141711183405,0.37417603173,0.416643119767
    ));
#3231 = CARTESIAN_POINT('',(-0.119892412283,0.374162544683,
    0.416797277421));
#3232 = ADVANCED_FACE('',(#3233),#3249,.F.);
#3233 = FACE_BOUND('',#3234,.T.);
#3234 = EDGE_LOOP('',(#3235,#3236,#3243,#3248));
#3235 = ORIENTED_EDGE('',*,*,#891,.T.);
#3236 = ORIENTED_EDGE('',*,*,#3237,.F.);
#3237 = EDGE_CURVE('',#3238,#885,#3240,.T.);
#3238 = VERTEX_POINT('',#3239);
#3239 = CARTESIAN_POINT('',(-0.120030898796,0.37246072748,0.436249137054
    ));
#3240 = B_SPLINE_CURVE_WITH_KNOTS('',1,(#3241,#3242),.UNSPECIFIED.,.F.,
  .F.,(2,2),(-0.,9.999998715905E-04),.PIECEWISE_BEZIER_KNOTS.);
#3241 = CARTESIAN_POINT('',(-0.120030898796,0.37246072748,0.436249137054
    ));
#3242 = CARTESIAN_POINT('',(-0.120030898796,0.37146453291,0.436161981323
    ));
#3243 = ORIENTED_EDGE('',*,*,#3244,.F.);
#3244 = EDGE_CURVE('',#3216,#3238,#3245,.T.);
#3245 = B_SPLINE_CURVE_WITH_KNOTS('',1,(#3246,#3247),.UNSPECIFIED.,.F.,
  .F.,(2,2),(-1.952665366864E-02,0.),.PIECEWISE_BEZIER_KNOTS.);
#3246 = CARTESIAN_POINT('',(-0.119892412283,0.374162544683,
    0.416797277421));
#3247 = CARTESIAN_POINT('',(-0.120030898796,0.37246072748,0.436249137054
    ));
#3248 = ORIENTED_EDGE('',*,*,#3215,.T.);
#3249 = B_SPLINE_SURFACE_WITH_KNOTS('',1,1,(
    (#3250,#3251)
    ,(#3252,#3253
    )),.UNSPECIFIED.,.F.,.F.,.F.,(2,2),(2,2),(0.,1.953950615096E-02),(
    -9.961948884035E-04,1.701817527516E-03),.PIECEWISE_BEZIER_KNOTS.);
#3250 = CARTESIAN_POINT('',(-0.120031514553,0.371464532782,
    0.436249132704));
#3251 = CARTESIAN_POINT('',(-0.120029846888,0.374162544683,
    0.436249144486));
#3252 = CARTESIAN_POINT('',(-0.119893464191,0.371464532782,
    0.416710114235));
#3253 = CARTESIAN_POINT('',(-0.119891796526,0.374162544683,
    0.416710126018));
#3254 = ADVANCED_FACE('',(#3255),#3271,.F.);
#3255 = FACE_BOUND('',#3256,.T.);
#3256 = EDGE_LOOP('',(#3257,#3258,#3265,#3270));
#3257 = ORIENTED_EDGE('',*,*,#884,.T.);
#3258 = ORIENTED_EDGE('',*,*,#3259,.F.);
#3259 = EDGE_CURVE('',#3260,#878,#3262,.T.);
#3260 = VERTEX_POINT('',#3261);
#3261 = CARTESIAN_POINT('',(-0.14358082331,0.372475284622,0.436082748164
    ));
#3262 = B_SPLINE_CURVE_WITH_KNOTS('',1,(#3263,#3264),.UNSPECIFIED.,.F.,
  .F.,(2,2),(-0.,9.999998715905E-04),.PIECEWISE_BEZIER_KNOTS.);
#3263 = CARTESIAN_POINT('',(-0.14358082331,0.372475284622,0.436082748164
    ));
#3264 = CARTESIAN_POINT('',(-0.14358082331,0.371479090052,0.435995592432
    ));
#3265 = ORIENTED_EDGE('',*,*,#3266,.F.);
#3266 = EDGE_CURVE('',#3238,#3260,#3267,.T.);
#3267 = B_SPLINE_CURVE_WITH_KNOTS('',1,(#3268,#3269),.UNSPECIFIED.,.F.,
  .F.,(2,2),(-2.355051680457E-02,0.),.PIECEWISE_BEZIER_KNOTS.);
#3268 = CARTESIAN_POINT('',(-0.120030898796,0.37246072748,0.436249137054
    ));
#3269 = CARTESIAN_POINT('',(-0.14358082331,0.372475284622,0.436082748164
    ));
#3270 = ORIENTED_EDGE('',*,*,#3237,.T.);
#3271 = B_SPLINE_SURFACE_WITH_KNOTS('',1,1,(
    (#3272,#3273)
    ,(#3274,#3275
    )),.UNSPECIFIED.,.F.,.F.,.F.,(2,2),(2,2),(-0.,1.E-03),(0.,
    2.355051680457E-02),.PIECEWISE_BEZIER_KNOTS.);
#3272 = CARTESIAN_POINT('',(-0.14358082331,0.372475284622,0.436082748164
    ));
#3273 = CARTESIAN_POINT('',(-0.120030898796,0.37246072748,0.436249137054
    ));
#3274 = CARTESIAN_POINT('',(-0.14358082331,0.371479089924,0.435995592421
    ));
#3275 = CARTESIAN_POINT('',(-0.120030898796,0.371464532782,
    0.436161981312));
#3276 = ADVANCED_FACE('',(#3277),#3293,.F.);
#3277 = FACE_BOUND('',#3278,.T.);
#3278 = EDGE_LOOP('',(#3279,#3280,#3287,#3292));
#3279 = ORIENTED_EDGE('',*,*,#877,.T.);
#3280 = ORIENTED_EDGE('',*,*,#3281,.F.);
#3281 = EDGE_CURVE('',#3282,#871,#3284,.T.);
#3282 = VERTEX_POINT('',#3283);
#3283 = CARTESIAN_POINT('',(-0.143630598814,0.37186360911,0.443074231259
    ));
#3284 = B_SPLINE_CURVE_WITH_KNOTS('',1,(#3285,#3286),.UNSPECIFIED.,.F.,
  .F.,(2,2),(-0.,9.999998715905E-04),.PIECEWISE_BEZIER_KNOTS.);
#3285 = CARTESIAN_POINT('',(-0.143630598814,0.37186360911,0.443074231259
    ));
#3286 = CARTESIAN_POINT('',(-0.143630598814,0.37086741454,0.442987075527
    ));
#3287 = ORIENTED_EDGE('',*,*,#3288,.F.);
#3288 = EDGE_CURVE('',#3260,#3282,#3289,.T.);
#3289 = B_SPLINE_CURVE_WITH_KNOTS('',1,(#3290,#3291),.UNSPECIFIED.,.F.,
  .F.,(2,2),(-7.018365935043E-03,0.),.PIECEWISE_BEZIER_KNOTS.);
#3290 = CARTESIAN_POINT('',(-0.14358082331,0.372475284622,0.436082748164
    ));
#3291 = CARTESIAN_POINT('',(-0.143630598814,0.37186360911,0.443074231259
    ));
#3292 = ORIENTED_EDGE('',*,*,#3259,.T.);
#3293 = B_SPLINE_SURFACE_WITH_KNOTS('',1,1,(
    (#3294,#3295)
    ,(#3296,#3297
    )),.UNSPECIFIED.,.F.,.F.,.F.,(2,2),(2,2),(0.,7.078813848074E-03),(
    -9.961948884036E-04,6.116756288849E-04),.PIECEWISE_BEZIER_KNOTS.);
#3294 = CARTESIAN_POINT('',(-0.14363121457,0.370867414412,0.443074226908
    ));
#3295 = CARTESIAN_POINT('',(-0.143630220732,0.372475284622,0.44307423393
    ));
#3296 = CARTESIAN_POINT('',(-0.143581201392,0.370867414412,
    0.435995589738));
#3297 = CARTESIAN_POINT('',(-0.143580207553,0.372475284622,0.43599559676
    ));
#3298 = ADVANCED_FACE('',(#3299),#3315,.F.);
#3299 = FACE_BOUND('',#3300,.T.);
#3300 = EDGE_LOOP('',(#3301,#3302,#3309,#3314));
#3301 = ORIENTED_EDGE('',*,*,#870,.T.);
#3302 = ORIENTED_EDGE('',*,*,#3303,.F.);
#3303 = EDGE_CURVE('',#3304,#864,#3306,.T.);
#3304 = VERTEX_POINT('',#3305);
#3305 = CARTESIAN_POINT('',(-0.112204706168,0.37184418352,0.443296266765
    ));
#3306 = B_SPLINE_CURVE_WITH_KNOTS('',1,(#3307,#3308),.UNSPECIFIED.,.F.,
  .F.,(2,2),(-0.,9.999998715905E-04),.PIECEWISE_BEZIER_KNOTS.);
#3307 = CARTESIAN_POINT('',(-0.112204706168,0.37184418352,0.443296266765
    ));
#3308 = CARTESIAN_POINT('',(-0.112204706168,0.37084798895,0.443209111033
    ));
#3309 = ORIENTED_EDGE('',*,*,#3310,.F.);
#3310 = EDGE_CURVE('',#3282,#3304,#3311,.T.);
#3311 = B_SPLINE_CURVE_WITH_KNOTS('',1,(#3312,#3313),.UNSPECIFIED.,.F.,
  .F.,(2,2),(-3.142668302063E-02,0.),.PIECEWISE_BEZIER_KNOTS.);
#3312 = CARTESIAN_POINT('',(-0.143630598814,0.37186360911,0.443074231259
    ));
#3313 = CARTESIAN_POINT('',(-0.112204706168,0.37184418352,0.443296266765
    ));
#3314 = ORIENTED_EDGE('',*,*,#3281,.T.);
#3315 = B_SPLINE_SURFACE_WITH_KNOTS('',1,1,(
    (#3316,#3317)
    ,(#3318,#3319)),.UNSPECIFIED.,.F.,.F.,.F.,(2,2),(2,2),(-1.E-03,0.),(
    -3.142668302063E-02,1.764810444437E-22),.PIECEWISE_BEZIER_KNOTS.);
#3316 = CARTESIAN_POINT('',(-0.143630598814,0.370867414412,
    0.442987075516));
#3317 = CARTESIAN_POINT('',(-0.112204706168,0.370847988822,
    0.443209111022));
#3318 = CARTESIAN_POINT('',(-0.143630598814,0.37186360911,0.443074231259
    ));
#3319 = CARTESIAN_POINT('',(-0.112204706168,0.37184418352,0.443296266765
    ));
#3320 = ADVANCED_FACE('',(#3321),#3337,.F.);
#3321 = FACE_BOUND('',#3322,.T.);
#3322 = EDGE_LOOP('',(#3323,#3324,#3331,#3336));
#3323 = ORIENTED_EDGE('',*,*,#863,.T.);
#3324 = ORIENTED_EDGE('',*,*,#3325,.F.);
#3325 = EDGE_CURVE('',#3326,#857,#3328,.T.);
#3326 = VERTEX_POINT('',#3327);
#3327 = CARTESIAN_POINT('',(-0.11177199112,0.377161682638,0.382516973726
    ));
#3328 = B_SPLINE_CURVE_WITH_KNOTS('',1,(#3329,#3330),.UNSPECIFIED.,.F.,
  .F.,(2,2),(-0.,9.999998715905E-04),.PIECEWISE_BEZIER_KNOTS.);
#3329 = CARTESIAN_POINT('',(-0.11177199112,0.377161682638,0.382516973726
    ));
#3330 = CARTESIAN_POINT('',(-0.11177199112,0.376165488068,0.382429817995
    ));
#3331 = ORIENTED_EDGE('',*,*,#3332,.F.);
#3332 = EDGE_CURVE('',#3304,#3326,#3333,.T.);
#3333 = B_SPLINE_CURVE_WITH_KNOTS('',1,(#3334,#3335),.UNSPECIFIED.,.F.,
  .F.,(2,2),(-6.10129945294E-02,0.),.PIECEWISE_BEZIER_KNOTS.);
#3334 = CARTESIAN_POINT('',(-0.112204706168,0.37184418352,0.443296266765
    ));
#3335 = CARTESIAN_POINT('',(-0.11177199112,0.377161682638,0.382516973726
    ));
#3336 = ORIENTED_EDGE('',*,*,#3303,.T.);
#3337 = B_SPLINE_SURFACE_WITH_KNOTS('',1,1,(
    (#3338,#3339)
    ,(#3340,#3341
    )),.UNSPECIFIED.,.F.,.F.,.F.,(2,2),(2,2),(-8.715356744663E-05,
    6.078083327638E-02),(-6.313695022242E-03,0.),
  .PIECEWISE_BEZIER_KNOTS.);
#3338 = CARTESIAN_POINT('',(-0.111775277913,0.370847988822,
    0.382429794761));
#3339 = CARTESIAN_POINT('',(-0.111771375363,0.377161682638,
    0.382429822334));
#3340 = CARTESIAN_POINT('',(-0.112205321925,0.370847988822,
    0.443296262414));
#3341 = CARTESIAN_POINT('',(-0.112201419376,0.377161682638,
    0.443296289987));
#3342 = ADVANCED_FACE('',(#3343),#3353,.F.);
#3343 = FACE_BOUND('',#3344,.T.);
#3344 = EDGE_LOOP('',(#3345,#3346,#3347,#3352));
#3345 = ORIENTED_EDGE('',*,*,#856,.T.);
#3346 = ORIENTED_EDGE('',*,*,#3113,.F.);
#3347 = ORIENTED_EDGE('',*,*,#3348,.F.);
#3348 = EDGE_CURVE('',#3326,#3107,#3349,.T.);
#3349 = B_SPLINE_CURVE_WITH_KNOTS('',1,(#3350,#3351),.UNSPECIFIED.,.F.,
  .F.,(2,2),(-3.281475983879E-02,0.),.PIECEWISE_BEZIER_KNOTS.);
#3350 = CARTESIAN_POINT('',(-0.11177199112,0.377161682638,0.382516973726
    ));
#3351 = CARTESIAN_POINT('',(-0.144585925673,0.377181966231,
    0.382285131193));
#3352 = ORIENTED_EDGE('',*,*,#3325,.T.);
#3353 = B_SPLINE_SURFACE_WITH_KNOTS('',1,1,(
    (#3354,#3355)
    ,(#3356,#3357
    )),.UNSPECIFIED.,.F.,.F.,.F.,(2,2),(2,2),(-2.557541052831E-17,1.E-03
    ),(0.,3.281475983879E-02),.PIECEWISE_BEZIER_KNOTS.);
#3354 = CARTESIAN_POINT('',(-0.144585925673,0.377181966231,
    0.382285131193));
#3355 = CARTESIAN_POINT('',(-0.11177199112,0.377161682638,0.382516973726
    ));
#3356 = CARTESIAN_POINT('',(-0.144585925673,0.376185771533,0.38219797545
    ));
#3357 = CARTESIAN_POINT('',(-0.11177199112,0.37616548794,0.382429817984)
  );
#3358 = ADVANCED_FACE('',(#3359),#3373,.F.);
#3359 = FACE_BOUND('',#3360,.T.);
#3360 = EDGE_LOOP('',(#3361,#3362,#3363,#3364,#3365,#3366,#3367,#3368,
    #3369,#3370,#3371,#3372));
#3361 = ORIENTED_EDGE('',*,*,#3106,.T.);
#3362 = ORIENTED_EDGE('',*,*,#3134,.T.);
#3363 = ORIENTED_EDGE('',*,*,#3156,.T.);
#3364 = ORIENTED_EDGE('',*,*,#3178,.T.);
#3365 = ORIENTED_EDGE('',*,*,#3200,.T.);
#3366 = ORIENTED_EDGE('',*,*,#3222,.T.);
#3367 = ORIENTED_EDGE('',*,*,#3244,.T.);
#3368 = ORIENTED_EDGE('',*,*,#3266,.T.);
#3369 = ORIENTED_EDGE('',*,*,#3288,.T.);
#3370 = ORIENTED_EDGE('',*,*,#3310,.T.);
#3371 = ORIENTED_EDGE('',*,*,#3332,.T.);
#3372 = ORIENTED_EDGE('',*,*,#3348,.T.);
#3373 = B_SPLINE_SURFACE_WITH_KNOTS('',1,1,(
    (#3374,#3375)
    ,(#3376,#3377
    )),.UNSPECIFIED.,.F.,.F.,.F.,(2,2),(2,2),(-0.299619518224,
    -0.238375330026),(-0.144635258729,-0.11177199112),
  .PIECEWISE_BEZIER_KNOTS.);
#3374 = CARTESIAN_POINT('',(-0.144635258729,0.37184418352,0.443296266765
    ));
#3375 = CARTESIAN_POINT('',(-0.11177199112,0.37184418352,0.443296266765)
  );
#3376 = CARTESIAN_POINT('',(-0.144635258729,0.377181966231,
    0.382285131193));
#3377 = CARTESIAN_POINT('',(-0.11177199112,0.377181966231,0.382285131193
    ));
#3378 = ADVANCED_FACE('',(#3379,#3438),#3497,.T.);
#3379 = FACE_BOUND('',#3380,.T.);
#3380 = EDGE_LOOP('',(#3381,#3390,#3399,#3408,#3417,#3426,#3433));
#3381 = ORIENTED_EDGE('',*,*,#3382,.T.);
#3382 = EDGE_CURVE('',#3383,#3385,#3387,.T.);
#3383 = VERTEX_POINT('',#3384);
#3384 = CARTESIAN_POINT('',(-0.156111352306,0.377189090554,
    0.382203699808));
#3385 = VERTEX_POINT('',#3386);
#3386 = CARTESIAN_POINT('',(-0.172892623019,0.377199463723,0.38208513395
    ));
#3387 = B_SPLINE_CURVE_WITH_KNOTS('',1,(#3388,#3389),.UNSPECIFIED.,.F.,
  .F.,(2,2),(-1.678169276936E-02,-2.778919034766E-17),
  .PIECEWISE_BEZIER_KNOTS.);
#3388 = CARTESIAN_POINT('',(-0.156111352306,0.377189090554,
    0.382203699808));
#3389 = CARTESIAN_POINT('',(-0.172892623019,0.377199463723,0.38208513395
    ));
#3390 = ORIENTED_EDGE('',*,*,#3391,.T.);
#3391 = EDGE_CURVE('',#3385,#3392,#3394,.T.);
#3392 = VERTEX_POINT('',#3393);
#3393 = CARTESIAN_POINT('',(-0.196643526824,0.376469222783,
    0.390431826084));
#3394 = B_SPLINE_CURVE_WITH_KNOTS('',3,(#3395,#3396,#3397,#3398),
  .UNSPECIFIED.,.F.,.F.,(4,4),(5.,6.),.PIECEWISE_BEZIER_KNOTS.);
#3395 = CARTESIAN_POINT('',(-0.172892623019,0.377199463723,0.38208513395
    ));
#3396 = CARTESIAN_POINT('',(-0.182546532472,0.377205431187,
    0.382016925524));
#3397 = CARTESIAN_POINT('',(-0.190473823983,0.376962930153,
    0.384788725022));
#3398 = CARTESIAN_POINT('',(-0.196643526824,0.376469222783,
    0.390431826084));
#3399 = ORIENTED_EDGE('',*,*,#3400,.T.);
#3400 = EDGE_CURVE('',#3392,#3401,#3403,.T.);
#3401 = VERTEX_POINT('',#3402);
#3402 = CARTESIAN_POINT('',(-0.206006425591,0.374493082014,
    0.413019218434));
#3403 = B_SPLINE_CURVE_WITH_KNOTS('',3,(#3404,#3405,#3406,#3407),
  .UNSPECIFIED.,.F.,.F.,(4,4),(4.,5.),.PIECEWISE_BEZIER_KNOTS.);
#3404 = CARTESIAN_POINT('',(-0.196643526824,0.376469222783,
    0.390431826084));
#3405 = CARTESIAN_POINT('',(-0.202813229665,0.375975515413,
    0.396074927147));
#3406 = CARTESIAN_POINT('',(-0.205939394579,0.375316805037,0.4036040212)
  );
#3407 = CARTESIAN_POINT('',(-0.206006425591,0.374493082014,
    0.413019218434));
#3408 = ORIENTED_EDGE('',*,*,#3409,.T.);
#3409 = EDGE_CURVE('',#3401,#3410,#3412,.T.);
#3410 = VERTEX_POINT('',#3411);
#3411 = CARTESIAN_POINT('',(-0.196958329234,0.372600714989,
    0.434649072502));
#3412 = B_SPLINE_CURVE_WITH_KNOTS('',3,(#3413,#3414,#3415,#3416),
  .UNSPECIFIED.,.F.,.F.,(4,4),(3.,4.),.PIECEWISE_BEZIER_KNOTS.);
#3413 = CARTESIAN_POINT('',(-0.206006425591,0.374493082014,
    0.413019218434));
#3414 = CARTESIAN_POINT('',(-0.206070580686,0.373704700243,
    0.422030463312));
#3415 = CARTESIAN_POINT('',(-0.203049276166,0.373074814207,
    0.429230093646));
#3416 = CARTESIAN_POINT('',(-0.196958329234,0.372600714989,
    0.434649072502));
#3417 = ORIENTED_EDGE('',*,*,#3418,.T.);
#3418 = EDGE_CURVE('',#3410,#3419,#3421,.T.);
#3419 = VERTEX_POINT('',#3420);
#3420 = CARTESIAN_POINT('',(-0.173949177128,0.371882350225,
    0.442860019336));
#3421 = B_SPLINE_CURVE_WITH_KNOTS('',3,(#3422,#3423,#3424,#3425),
  .UNSPECIFIED.,.F.,.F.,(4,4),(2.,3.),.PIECEWISE_BEZIER_KNOTS.);
#3422 = CARTESIAN_POINT('',(-0.196958329234,0.372600714989,
    0.434649072502));
#3423 = CARTESIAN_POINT('',(-0.190867382302,0.372126615772,
    0.440068051359));
#3424 = CARTESIAN_POINT('',(-0.183197591192,0.371888067036,
    0.442794675884));
#3425 = CARTESIAN_POINT('',(-0.173949177128,0.371882350225,
    0.442860019336));
#3426 = ORIENTED_EDGE('',*,*,#3427,.T.);
#3427 = EDGE_CURVE('',#3419,#3428,#3430,.T.);
#3428 = VERTEX_POINT('',#3429);
#3429 = CARTESIAN_POINT('',(-0.156544067355,0.371871591436,
    0.442982992847));
#3430 = B_SPLINE_CURVE_WITH_KNOTS('',1,(#3431,#3432),.UNSPECIFIED.,.F.,
  .F.,(2,2),(-1.740554751927E-02,0.),.PIECEWISE_BEZIER_KNOTS.);
#3431 = CARTESIAN_POINT('',(-0.173949177128,0.371882350225,
    0.442860019336));
#3432 = CARTESIAN_POINT('',(-0.156544067355,0.371871591436,
    0.442982992847));
#3433 = ORIENTED_EDGE('',*,*,#3434,.T.);
#3434 = EDGE_CURVE('',#3428,#3383,#3435,.T.);
#3435 = B_SPLINE_CURVE_WITH_KNOTS('',1,(#3436,#3437),.UNSPECIFIED.,.F.,
  .F.,(2,2),(-6.10129945294E-02,0.),.PIECEWISE_BEZIER_KNOTS.);
#3436 = CARTESIAN_POINT('',(-0.156544067355,0.371871591436,
    0.442982992847));
#3437 = CARTESIAN_POINT('',(-0.156111352306,0.377189090554,
    0.382203699808));
#3438 = FACE_BOUND('',#3439,.T.);
#3439 = EDGE_LOOP('',(#3440,#3449,#3456,#3465,#3474,#3483,#3492));
#3440 = ORIENTED_EDGE('',*,*,#3441,.F.);
#3441 = EDGE_CURVE('',#3442,#3444,#3446,.T.);
#3442 = VERTEX_POINT('',#3443);
#3443 = CARTESIAN_POINT('',(-0.164370259983,0.372488135397,
    0.435935863136));
#3444 = VERTEX_POINT('',#3445);
#3445 = CARTESIAN_POINT('',(-0.164036653494,0.376587720606,
    0.389077389771));
#3446 = B_SPLINE_CURVE_WITH_KNOTS('',1,(#3447,#3448),.UNSPECIFIED.,.F.,
  .F.,(2,2),(0.,4.703864813422E-02),.PIECEWISE_BEZIER_KNOTS.);
#3447 = CARTESIAN_POINT('',(-0.164370259983,0.372488135397,
    0.435935863136));
#3448 = CARTESIAN_POINT('',(-0.164036653494,0.376587720606,
    0.389077389771));
#3449 = ORIENTED_EDGE('',*,*,#3450,.F.);
#3450 = EDGE_CURVE('',#3451,#3442,#3453,.T.);
#3451 = VERTEX_POINT('',#3452);
#3452 = CARTESIAN_POINT('',(-0.173587482093,0.372493832927,
    0.435870740067));
#3453 = B_SPLINE_CURVE_WITH_KNOTS('',1,(#3454,#3455),.UNSPECIFIED.,.F.,
  .F.,(2,2),(3.431277960295E-20,9.217453927626E-03),
  .PIECEWISE_BEZIER_KNOTS.);
#3454 = CARTESIAN_POINT('',(-0.173587482093,0.372493832927,
    0.435870740067));
#3455 = CARTESIAN_POINT('',(-0.164370259983,0.372488135397,
    0.435935863136));
#3456 = ORIENTED_EDGE('',*,*,#3457,.F.);
#3457 = EDGE_CURVE('',#3458,#3451,#3460,.T.);
#3458 = VERTEX_POINT('',#3459);
#3459 = CARTESIAN_POINT('',(-0.19115463426,0.373004931682,0.43002885456)
  );
#3460 = B_SPLINE_CURVE_WITH_KNOTS('',3,(#3461,#3462,#3463,#3464),
  .UNSPECIFIED.,.F.,.F.,(4,4),(5.,6.),.PIECEWISE_BEZIER_KNOTS.);
#3461 = CARTESIAN_POINT('',(-0.19115463426,0.373004931682,0.43002885456)
  );
#3462 = CARTESIAN_POINT('',(-0.18672139559,0.372667791889,0.433882380036
    ));
#3463 = CARTESIAN_POINT('',(-0.180855207142,0.372498325396,
    0.435819390913));
#3464 = CARTESIAN_POINT('',(-0.173587482093,0.372493832927,
    0.435870740067));
#3465 = ORIENTED_EDGE('',*,*,#3466,.F.);
#3466 = EDGE_CURVE('',#3467,#3458,#3469,.T.);
#3467 = VERTEX_POINT('',#3468);
#3468 = CARTESIAN_POINT('',(-0.1977234135,0.374506992818,0.412860217217)
  );
#3469 = B_SPLINE_CURVE_WITH_KNOTS('',3,(#3470,#3471,#3472,#3473),
  .UNSPECIFIED.,.F.,.F.,(4,4),(4.,5.),.PIECEWISE_BEZIER_KNOTS.);
#3470 = CARTESIAN_POINT('',(-0.1977234135,0.374506992818,0.412860217217)
  );
#3471 = CARTESIAN_POINT('',(-0.197777392268,0.373843664707,
    0.420442092217));
#3472 = CARTESIAN_POINT('',(-0.19558787293,0.373342071476,0.426175329085
    ));
#3473 = CARTESIAN_POINT('',(-0.19115463426,0.373004931682,0.43002885456)
  );
#3474 = ORIENTED_EDGE('',*,*,#3475,.F.);
#3475 = EDGE_CURVE('',#3476,#3467,#3478,.T.);
#3476 = VERTEX_POINT('',#3477);
#3477 = CARTESIAN_POINT('',(-0.191078418604,0.376049822499,
    0.395225593272));
#3478 = B_SPLINE_CURVE_WITH_KNOTS('',3,(#3479,#3480,#3481,#3482),
  .UNSPECIFIED.,.F.,.F.,(4,4),(3.,4.),.PIECEWISE_BEZIER_KNOTS.);
#3479 = CARTESIAN_POINT('',(-0.191078418604,0.376049822499,
    0.395225593272));
#3480 = CARTESIAN_POINT('',(-0.195459561349,0.375685506889,
    0.399389739751));
#3481 = CARTESIAN_POINT('',(-0.197669434731,0.375170320929,
    0.405278342216));
#3482 = CARTESIAN_POINT('',(-0.1977234135,0.374506992818,0.412860217217)
  );
#3483 = ORIENTED_EDGE('',*,*,#3484,.F.);
#3484 = EDGE_CURVE('',#3485,#3476,#3487,.T.);
#3485 = VERTEX_POINT('',#3486);
#3486 = CARTESIAN_POINT('',(-0.172895168145,0.376593196405,
    0.389014801102));
#3487 = B_SPLINE_CURVE_WITH_KNOTS('',3,(#3488,#3489,#3490,#3491),
  .UNSPECIFIED.,.F.,.F.,(4,4),(2.,3.),.PIECEWISE_BEZIER_KNOTS.);
#3488 = CARTESIAN_POINT('',(-0.172895168145,0.376593196405,
    0.389014801102));
#3489 = CARTESIAN_POINT('',(-0.180646368465,0.376597987729,
    0.388960036017));
#3490 = CARTESIAN_POINT('',(-0.18671265061,0.376416866307,0.391030263343
    ));
#3491 = CARTESIAN_POINT('',(-0.191078418604,0.376049822499,
    0.395225593272));
#3492 = ORIENTED_EDGE('',*,*,#3493,.F.);
#3493 = EDGE_CURVE('',#3444,#3485,#3494,.T.);
#3494 = B_SPLINE_CURVE_WITH_KNOTS('',1,(#3495,#3496),.UNSPECIFIED.,.F.,
  .F.,(2,2),(0.,8.858737446905E-03),.PIECEWISE_BEZIER_KNOTS.);
#3495 = CARTESIAN_POINT('',(-0.164036653494,0.376587720606,
    0.389077389771));
#3496 = CARTESIAN_POINT('',(-0.172895168145,0.376593196405,
    0.389014801102));
#3497 = B_SPLINE_SURFACE_WITH_KNOTS('',1,1,(
    (#3498,#3499)
    ,(#3500,#3501
    )),.UNSPECIFIED.,.F.,.F.,.F.,(2,2),(2,2),(-5.896963092103E-02,
    2.229316874849E-03),(-1.943277733018E-02,3.052645104902E-02),
  .PIECEWISE_BEZIER_KNOTS.);
#3498 = CARTESIAN_POINT('',(-0.206070580686,0.377205431187,
    0.382016925524));
#3499 = CARTESIAN_POINT('',(-0.156111352306,0.377205431187,
    0.382016925524));
#3500 = CARTESIAN_POINT('',(-0.206070580686,0.371871591436,
    0.442982992847));
#3501 = CARTESIAN_POINT('',(-0.156111352306,0.371871591436,
    0.442982992847));
#3502 = ADVANCED_FACE('',(#3503),#3517,.F.);
#3503 = FACE_BOUND('',#3504,.T.);
#3504 = EDGE_LOOP('',(#3505,#3506,#3511,#3512));
#3505 = ORIENTED_EDGE('',*,*,#788,.T.);
#3506 = ORIENTED_EDGE('',*,*,#3507,.F.);
#3507 = EDGE_CURVE('',#3385,#791,#3508,.T.);
#3508 = B_SPLINE_CURVE_WITH_KNOTS('',1,(#3509,#3510),.UNSPECIFIED.,.F.,
  .F.,(2,2),(-0.,9.999998715905E-04),.PIECEWISE_BEZIER_KNOTS.);
#3509 = CARTESIAN_POINT('',(-0.172892623019,0.377199463723,0.38208513395
    ));
#3510 = CARTESIAN_POINT('',(-0.172892623019,0.376203269153,
    0.381997978218));
#3511 = ORIENTED_EDGE('',*,*,#3382,.F.);
#3512 = ORIENTED_EDGE('',*,*,#3513,.T.);
#3513 = EDGE_CURVE('',#3383,#789,#3514,.T.);
#3514 = B_SPLINE_CURVE_WITH_KNOTS('',1,(#3515,#3516),.UNSPECIFIED.,.F.,
  .F.,(2,2),(-0.,1.E-03),.PIECEWISE_BEZIER_KNOTS.);
#3515 = CARTESIAN_POINT('',(-0.156111352306,0.377189090554,
    0.382203699808));
#3516 = CARTESIAN_POINT('',(-0.156111352306,0.376192895856,
    0.382116544066));
#3517 = B_SPLINE_SURFACE_WITH_KNOTS('',1,1,(
    (#3518,#3519)
    ,(#3520,#3521
    )),.UNSPECIFIED.,.F.,.F.,.F.,(2,2),(2,2),(-3.355304756158E-17,1.E-03
    ),(2.773684747056E-17,1.678169276936E-02),.PIECEWISE_BEZIER_KNOTS.);
#3518 = CARTESIAN_POINT('',(-0.172892623019,0.377199463723,0.38208513395
    ));
#3519 = CARTESIAN_POINT('',(-0.156111352306,0.377189090554,
    0.382203699808));
#3520 = CARTESIAN_POINT('',(-0.172892623019,0.376203269025,
    0.381997978207));
#3521 = CARTESIAN_POINT('',(-0.156111352306,0.376192895856,
    0.382116544066));
#3522 = ADVANCED_FACE('',(#3523),#3533,.F.);
#3523 = FACE_BOUND('',#3524,.F.);
#3524 = EDGE_LOOP('',(#3525,#3526,#3527,#3532));
#3525 = ORIENTED_EDGE('',*,*,#3507,.F.);
#3526 = ORIENTED_EDGE('',*,*,#3391,.T.);
#3527 = ORIENTED_EDGE('',*,*,#3528,.T.);
#3528 = EDGE_CURVE('',#3392,#830,#3529,.T.);
#3529 = B_SPLINE_CURVE_WITH_KNOTS('',1,(#3530,#3531),.UNSPECIFIED.,.F.,
  .F.,(2,2),(-0.,9.999998715905E-04),.PIECEWISE_BEZIER_KNOTS.);
#3530 = CARTESIAN_POINT('',(-0.196643526824,0.376469222783,
    0.390431826084));
#3531 = CARTESIAN_POINT('',(-0.196643526824,0.375473028213,
    0.390344670352));
#3532 = ORIENTED_EDGE('',*,*,#838,.F.);
#3533 = B_SPLINE_SURFACE_WITH_KNOTS('',3,1,(
    (#3534,#3535)
    ,(#3536,#3537)
    ,(#3538,#3539)
    ,(#3540,#3541
    )),.UNSPECIFIED.,.F.,.F.,.F.,(4,4),(2,2),(5.,6.),(0.,1.),
  .PIECEWISE_BEZIER_KNOTS.);
#3534 = CARTESIAN_POINT('',(-0.172892623019,0.377199463723,0.38208513395
    ));
#3535 = CARTESIAN_POINT('',(-0.172892623019,0.376203269025,
    0.381997978207));
#3536 = CARTESIAN_POINT('',(-0.182546532472,0.377205431187,
    0.382016925524));
#3537 = CARTESIAN_POINT('',(-0.182546532472,0.376209236489,
    0.381929769781));
#3538 = CARTESIAN_POINT('',(-0.190473823983,0.376962930153,
    0.384788725022));
#3539 = CARTESIAN_POINT('',(-0.190473823983,0.375966735455,
    0.384701569279));
#3540 = CARTESIAN_POINT('',(-0.196643526824,0.376469222783,
    0.390431826084));
#3541 = CARTESIAN_POINT('',(-0.196643526824,0.375473028085,
    0.390344670341));
#3542 = ADVANCED_FACE('',(#3543),#3553,.F.);
#3543 = FACE_BOUND('',#3544,.F.);
#3544 = EDGE_LOOP('',(#3545,#3546,#3547,#3552));
#3545 = ORIENTED_EDGE('',*,*,#3528,.F.);
#3546 = ORIENTED_EDGE('',*,*,#3400,.T.);
#3547 = ORIENTED_EDGE('',*,*,#3548,.T.);
#3548 = EDGE_CURVE('',#3401,#821,#3549,.T.);
#3549 = B_SPLINE_CURVE_WITH_KNOTS('',1,(#3550,#3551),.UNSPECIFIED.,.F.,
  .F.,(2,2),(-0.,9.999998715905E-04),.PIECEWISE_BEZIER_KNOTS.);
#3550 = CARTESIAN_POINT('',(-0.206006425591,0.374493082014,
    0.413019218434));
#3551 = CARTESIAN_POINT('',(-0.206006425591,0.373496887444,
    0.412932062703));
#3552 = ORIENTED_EDGE('',*,*,#829,.F.);
#3553 = B_SPLINE_SURFACE_WITH_KNOTS('',3,1,(
    (#3554,#3555)
    ,(#3556,#3557)
    ,(#3558,#3559)
    ,(#3560,#3561
    )),.UNSPECIFIED.,.F.,.F.,.F.,(4,4),(2,2),(4.,5.),(0.,1.),
  .PIECEWISE_BEZIER_KNOTS.);
#3554 = CARTESIAN_POINT('',(-0.196643526824,0.376469222783,
    0.390431826084));
#3555 = CARTESIAN_POINT('',(-0.196643526824,0.375473028085,
    0.390344670341));
#3556 = CARTESIAN_POINT('',(-0.202813229665,0.375975515413,
    0.396074927147));
#3557 = CARTESIAN_POINT('',(-0.202813229665,0.374979320715,
    0.395987771404));
#3558 = CARTESIAN_POINT('',(-0.205939394579,0.375316805037,0.4036040212)
  );
#3559 = CARTESIAN_POINT('',(-0.205939394579,0.374320610339,
    0.403516865457));
#3560 = CARTESIAN_POINT('',(-0.206006425591,0.374493082014,
    0.413019218434));
#3561 = CARTESIAN_POINT('',(-0.206006425591,0.373496887316,
    0.412932062691));
#3562 = ADVANCED_FACE('',(#3563),#3573,.F.);
#3563 = FACE_BOUND('',#3564,.F.);
#3564 = EDGE_LOOP('',(#3565,#3566,#3567,#3572));
#3565 = ORIENTED_EDGE('',*,*,#3548,.F.);
#3566 = ORIENTED_EDGE('',*,*,#3409,.T.);
#3567 = ORIENTED_EDGE('',*,*,#3568,.T.);
#3568 = EDGE_CURVE('',#3410,#812,#3569,.T.);
#3569 = B_SPLINE_CURVE_WITH_KNOTS('',1,(#3570,#3571),.UNSPECIFIED.,.F.,
  .F.,(2,2),(-0.,9.999998715905E-04),.PIECEWISE_BEZIER_KNOTS.);
#3570 = CARTESIAN_POINT('',(-0.196958329234,0.372600714989,
    0.434649072502));
#3571 = CARTESIAN_POINT('',(-0.196958329234,0.371604520419,
    0.434561916771));
#3572 = ORIENTED_EDGE('',*,*,#820,.F.);
#3573 = B_SPLINE_SURFACE_WITH_KNOTS('',3,1,(
    (#3574,#3575)
    ,(#3576,#3577)
    ,(#3578,#3579)
    ,(#3580,#3581
    )),.UNSPECIFIED.,.F.,.F.,.F.,(4,4),(2,2),(3.,4.),(0.,1.),
  .PIECEWISE_BEZIER_KNOTS.);
#3574 = CARTESIAN_POINT('',(-0.206006425591,0.374493082014,
    0.413019218434));
#3575 = CARTESIAN_POINT('',(-0.206006425591,0.373496887316,
    0.412932062691));
#3576 = CARTESIAN_POINT('',(-0.206070580686,0.373704700243,
    0.422030463312));
#3577 = CARTESIAN_POINT('',(-0.206070580686,0.372708505545,
    0.421943307569));
#3578 = CARTESIAN_POINT('',(-0.203049276166,0.373074814207,
    0.429230093646));
#3579 = CARTESIAN_POINT('',(-0.203049276166,0.372078619509,
    0.429142937903));
#3580 = CARTESIAN_POINT('',(-0.196958329234,0.372600714989,
    0.434649072502));
#3581 = CARTESIAN_POINT('',(-0.196958329234,0.371604520291,0.43456191676
    ));
#3582 = ADVANCED_FACE('',(#3583),#3593,.F.);
#3583 = FACE_BOUND('',#3584,.F.);
#3584 = EDGE_LOOP('',(#3585,#3586,#3587,#3592));
#3585 = ORIENTED_EDGE('',*,*,#3568,.F.);
#3586 = ORIENTED_EDGE('',*,*,#3418,.T.);
#3587 = ORIENTED_EDGE('',*,*,#3588,.T.);
#3588 = EDGE_CURVE('',#3419,#805,#3589,.T.);
#3589 = B_SPLINE_CURVE_WITH_KNOTS('',1,(#3590,#3591),.UNSPECIFIED.,.F.,
  .F.,(2,2),(-0.,9.999998715905E-04),.PIECEWISE_BEZIER_KNOTS.);
#3590 = CARTESIAN_POINT('',(-0.173949177128,0.371882350225,
    0.442860019336));
#3591 = CARTESIAN_POINT('',(-0.173949177128,0.370886155654,
    0.442772863604));
#3592 = ORIENTED_EDGE('',*,*,#811,.F.);
#3593 = B_SPLINE_SURFACE_WITH_KNOTS('',3,1,(
    (#3594,#3595)
    ,(#3596,#3597)
    ,(#3598,#3599)
    ,(#3600,#3601
    )),.UNSPECIFIED.,.F.,.F.,.F.,(4,4),(2,2),(2.,3.),(0.,1.),
  .PIECEWISE_BEZIER_KNOTS.);
#3594 = CARTESIAN_POINT('',(-0.196958329234,0.372600714989,
    0.434649072502));
#3595 = CARTESIAN_POINT('',(-0.196958329234,0.371604520291,0.43456191676
    ));
#3596 = CARTESIAN_POINT('',(-0.190867382302,0.372126615772,
    0.440068051359));
#3597 = CARTESIAN_POINT('',(-0.190867382302,0.371130421073,
    0.439980895616));
#3598 = CARTESIAN_POINT('',(-0.183197591192,0.371888067036,
    0.442794675884));
#3599 = CARTESIAN_POINT('',(-0.183197591192,0.370891872338,
    0.442707520141));
#3600 = CARTESIAN_POINT('',(-0.173949177128,0.371882350225,
    0.442860019336));
#3601 = CARTESIAN_POINT('',(-0.173949177128,0.370886155527,
    0.442772863593));
#3602 = ADVANCED_FACE('',(#3603),#3613,.F.);
#3603 = FACE_BOUND('',#3604,.T.);
#3604 = EDGE_LOOP('',(#3605,#3606,#3611,#3612));
#3605 = ORIENTED_EDGE('',*,*,#804,.T.);
#3606 = ORIENTED_EDGE('',*,*,#3607,.F.);
#3607 = EDGE_CURVE('',#3428,#798,#3608,.T.);
#3608 = B_SPLINE_CURVE_WITH_KNOTS('',1,(#3609,#3610),.UNSPECIFIED.,.F.,
  .F.,(2,2),(-0.,9.999998715906E-04),.PIECEWISE_BEZIER_KNOTS.);
#3609 = CARTESIAN_POINT('',(-0.156544067355,0.371871591436,
    0.442982992847));
#3610 = CARTESIAN_POINT('',(-0.156544067355,0.370875396866,
    0.442895837115));
#3611 = ORIENTED_EDGE('',*,*,#3427,.F.);
#3612 = ORIENTED_EDGE('',*,*,#3588,.T.);
#3613 = B_SPLINE_SURFACE_WITH_KNOTS('',1,1,(
    (#3614,#3615)
    ,(#3616,#3617)),.UNSPECIFIED.,.F.,.F.,.F.,(2,2),(2,2),(-1.E-03,0.),(
    -1.740554751927E-02,2.986049538491E-22),.PIECEWISE_BEZIER_KNOTS.);
#3614 = CARTESIAN_POINT('',(-0.173949177128,0.370886155527,
    0.442772863593));
#3615 = CARTESIAN_POINT('',(-0.156544067355,0.370875396738,
    0.442895837104));
#3616 = CARTESIAN_POINT('',(-0.173949177128,0.371882350225,
    0.442860019336));
#3617 = CARTESIAN_POINT('',(-0.156544067355,0.371871591436,
    0.442982992847));
#3618 = ADVANCED_FACE('',(#3619),#3625,.F.);
#3619 = FACE_BOUND('',#3620,.T.);
#3620 = EDGE_LOOP('',(#3621,#3622,#3623,#3624));
#3621 = ORIENTED_EDGE('',*,*,#797,.T.);
#3622 = ORIENTED_EDGE('',*,*,#3513,.F.);
#3623 = ORIENTED_EDGE('',*,*,#3434,.F.);
#3624 = ORIENTED_EDGE('',*,*,#3607,.T.);
#3625 = B_SPLINE_SURFACE_WITH_KNOTS('',1,1,(
    (#3626,#3627)
    ,(#3628,#3629
    )),.UNSPECIFIED.,.F.,.F.,.F.,(2,2),(2,2),(-8.715356744662E-05,
    6.078083327638E-02),(-6.313695022242E-03,0.),
  .PIECEWISE_BEZIER_KNOTS.);
#3626 = CARTESIAN_POINT('',(-0.156114639099,0.370875396738,
    0.382116520843));
#3627 = CARTESIAN_POINT('',(-0.15611073655,0.377189090554,0.382116548416
    ));
#3628 = CARTESIAN_POINT('',(-0.156544683112,0.370875396738,
    0.442982988496));
#3629 = CARTESIAN_POINT('',(-0.156540780562,0.377189090554,
    0.442983016069));
#3630 = ADVANCED_FACE('',(#3631),#3653,.T.);
#3631 = FACE_BOUND('',#3632,.T.);
#3632 = EDGE_LOOP('',(#3633,#3642,#3647,#3648));
#3633 = ORIENTED_EDGE('',*,*,#3634,.F.);
#3634 = EDGE_CURVE('',#3635,#3637,#3639,.T.);
#3635 = VERTEX_POINT('',#3636);
#3636 = CARTESIAN_POINT('',(-0.173587482093,0.371497638357,
    0.435783584336));
#3637 = VERTEX_POINT('',#3638);
#3638 = CARTESIAN_POINT('',(-0.164370259983,0.371491940826,
    0.435848707405));
#3639 = B_SPLINE_CURVE_WITH_KNOTS('',1,(#3640,#3641),.UNSPECIFIED.,.F.,
  .F.,(2,2),(2.496189142183E-19,9.217453927626E-03),
  .PIECEWISE_BEZIER_KNOTS.);
#3640 = CARTESIAN_POINT('',(-0.173587482093,0.371497638229,
    0.435783584325));
#3641 = CARTESIAN_POINT('',(-0.164370259983,0.371491940698,
    0.435848707394));
#3642 = ORIENTED_EDGE('',*,*,#3643,.F.);
#3643 = EDGE_CURVE('',#3451,#3635,#3644,.T.);
#3644 = B_SPLINE_CURVE_WITH_KNOTS('',1,(#3645,#3646),.UNSPECIFIED.,.F.,
  .F.,(2,2),(-0.,9.999998715905E-04),.PIECEWISE_BEZIER_KNOTS.);
#3645 = CARTESIAN_POINT('',(-0.173587482093,0.372493832927,
    0.435870740067));
#3646 = CARTESIAN_POINT('',(-0.173587482093,0.371497638357,
    0.435783584336));
#3647 = ORIENTED_EDGE('',*,*,#3450,.T.);
#3648 = ORIENTED_EDGE('',*,*,#3649,.T.);
#3649 = EDGE_CURVE('',#3442,#3637,#3650,.T.);
#3650 = B_SPLINE_CURVE_WITH_KNOTS('',1,(#3651,#3652),.UNSPECIFIED.,.F.,
  .F.,(2,2),(-0.,9.999998715905E-04),.PIECEWISE_BEZIER_KNOTS.);
#3651 = CARTESIAN_POINT('',(-0.164370259983,0.372488135397,
    0.435935863136));
#3652 = CARTESIAN_POINT('',(-0.164370259983,0.371491940826,
    0.435848707405));
#3653 = B_SPLINE_SURFACE_WITH_KNOTS('',1,1,(
    (#3654,#3655)
    ,(#3656,#3657
    )),.UNSPECIFIED.,.F.,.F.,.F.,(2,2),(2,2),(-1.E-03,
    -2.859056956994E-35),(3.43127796029E-20,9.217453927626E-03),
  .PIECEWISE_BEZIER_KNOTS.);
#3654 = CARTESIAN_POINT('',(-0.173587482093,0.371497638229,
    0.435783584325));
#3655 = CARTESIAN_POINT('',(-0.164370259983,0.371491940698,
    0.435848707394));
#3656 = CARTESIAN_POINT('',(-0.173587482093,0.372493832927,
    0.435870740067));
#3657 = CARTESIAN_POINT('',(-0.164370259983,0.372488135397,
    0.435935863136));
#3658 = ADVANCED_FACE('',(#3659),#3675,.T.);
#3659 = FACE_BOUND('',#3660,.T.);
#3660 = EDGE_LOOP('',(#3661,#3668,#3669,#3670));
#3661 = ORIENTED_EDGE('',*,*,#3662,.F.);
#3662 = EDGE_CURVE('',#3637,#3663,#3665,.T.);
#3663 = VERTEX_POINT('',#3664);
#3664 = CARTESIAN_POINT('',(-0.164036653494,0.375591526036,0.38899023404
    ));
#3665 = B_SPLINE_CURVE_WITH_KNOTS('',1,(#3666,#3667),.UNSPECIFIED.,.F.,
  .F.,(2,2),(-9.049402013214E-17,4.703864813422E-02),
  .PIECEWISE_BEZIER_KNOTS.);
#3666 = CARTESIAN_POINT('',(-0.164370259983,0.371491940698,
    0.435848707394));
#3667 = CARTESIAN_POINT('',(-0.164036653494,0.375591525908,
    0.388990234028));
#3668 = ORIENTED_EDGE('',*,*,#3649,.F.);
#3669 = ORIENTED_EDGE('',*,*,#3441,.T.);
#3670 = ORIENTED_EDGE('',*,*,#3671,.T.);
#3671 = EDGE_CURVE('',#3444,#3663,#3672,.T.);
#3672 = B_SPLINE_CURVE_WITH_KNOTS('',1,(#3673,#3674),.UNSPECIFIED.,.F.,
  .F.,(2,2),(-0.,9.999998715905E-04),.PIECEWISE_BEZIER_KNOTS.);
#3673 = CARTESIAN_POINT('',(-0.164036653494,0.376587720606,
    0.389077389771));
#3674 = CARTESIAN_POINT('',(-0.164036653494,0.375591526036,0.38899023404
    ));
#3675 = B_SPLINE_SURFACE_WITH_KNOTS('',1,1,(
    (#3676,#3677)
    ,(#3678,#3679
    )),.UNSPECIFIED.,.F.,.F.,.F.,(2,2),(2,2),(-4.694681439617E-02,0.),(
    -9.961948884036E-04,4.099585992764E-03),.PIECEWISE_BEZIER_KNOTS.);
#3676 = CARTESIAN_POINT('',(-0.164039187483,0.371491940698,
    0.388990216125));
#3677 = CARTESIAN_POINT('',(-0.164036037737,0.376587720606,
    0.388990238379));
#3678 = CARTESIAN_POINT('',(-0.16437087574,0.371491940698,0.435935858786
    ));
#3679 = CARTESIAN_POINT('',(-0.164367725993,0.376587720606,0.43593588104
    ));
#3680 = ADVANCED_FACE('',(#3681),#3697,.T.);
#3681 = FACE_BOUND('',#3682,.T.);
#3682 = EDGE_LOOP('',(#3683,#3690,#3691,#3692));
#3683 = ORIENTED_EDGE('',*,*,#3684,.F.);
#3684 = EDGE_CURVE('',#3663,#3685,#3687,.T.);
#3685 = VERTEX_POINT('',#3686);
#3686 = CARTESIAN_POINT('',(-0.172895168145,0.375597001835,
    0.388927645371));
#3687 = B_SPLINE_CURVE_WITH_KNOTS('',1,(#3688,#3689),.UNSPECIFIED.,.F.,
  .F.,(2,2),(5.347748543132E-19,8.858737446905E-03),
  .PIECEWISE_BEZIER_KNOTS.);
#3688 = CARTESIAN_POINT('',(-0.164036653494,0.375591525908,
    0.388990234028));
#3689 = CARTESIAN_POINT('',(-0.172895168145,0.375597001707,0.38892764536
    ));
#3690 = ORIENTED_EDGE('',*,*,#3671,.F.);
#3691 = ORIENTED_EDGE('',*,*,#3493,.T.);
#3692 = ORIENTED_EDGE('',*,*,#3693,.T.);
#3693 = EDGE_CURVE('',#3485,#3685,#3694,.T.);
#3694 = B_SPLINE_CURVE_WITH_KNOTS('',1,(#3695,#3696),.UNSPECIFIED.,.F.,
  .F.,(2,2),(-0.,9.999998715905E-04),.PIECEWISE_BEZIER_KNOTS.);
#3695 = CARTESIAN_POINT('',(-0.172895168145,0.376593196405,
    0.389014801102));
#3696 = CARTESIAN_POINT('',(-0.172895168145,0.375597001835,
    0.388927645371));
#3697 = B_SPLINE_SURFACE_WITH_KNOTS('',1,1,(
    (#3698,#3699)
    ,(#3700,#3701
    )),.UNSPECIFIED.,.F.,.F.,.F.,(2,2),(2,2),(-5.402564886734E-17,1.E-03
    ),(-8.858737446905E-03,8.658960815866E-23),
  .PIECEWISE_BEZIER_KNOTS.);
#3698 = CARTESIAN_POINT('',(-0.172895168145,0.376593196405,
    0.389014801102));
#3699 = CARTESIAN_POINT('',(-0.164036653494,0.376587720606,
    0.389077389771));
#3700 = CARTESIAN_POINT('',(-0.172895168145,0.375597001707,0.38892764536
    ));
#3701 = CARTESIAN_POINT('',(-0.164036653494,0.375591525908,
    0.388990234028));
#3702 = ADVANCED_FACE('',(#3703),#3721,.T.);
#3703 = FACE_BOUND('',#3704,.T.);
#3704 = EDGE_LOOP('',(#3705,#3714,#3715,#3716));
#3705 = ORIENTED_EDGE('',*,*,#3706,.F.);
#3706 = EDGE_CURVE('',#3685,#3707,#3709,.T.);
#3707 = VERTEX_POINT('',#3708);
#3708 = CARTESIAN_POINT('',(-0.191078418604,0.375053627929,0.39513843754
    ));
#3709 = B_SPLINE_CURVE_WITH_KNOTS('',3,(#3710,#3711,#3712,#3713),
  .UNSPECIFIED.,.F.,.F.,(4,4),(2.,3.),.PIECEWISE_BEZIER_KNOTS.);
#3710 = CARTESIAN_POINT('',(-0.172895168145,0.375597001835,
    0.388927645371));
#3711 = CARTESIAN_POINT('',(-0.180646368465,0.375601793031,
    0.388872880274));
#3712 = CARTESIAN_POINT('',(-0.18671265061,0.375420671609,0.390943107601
    ));
#3713 = CARTESIAN_POINT('',(-0.191078418604,0.375053627929,0.39513843754
    ));
#3714 = ORIENTED_EDGE('',*,*,#3693,.F.);
#3715 = ORIENTED_EDGE('',*,*,#3484,.T.);
#3716 = ORIENTED_EDGE('',*,*,#3717,.T.);
#3717 = EDGE_CURVE('',#3476,#3707,#3718,.T.);
#3718 = B_SPLINE_CURVE_WITH_KNOTS('',1,(#3719,#3720),.UNSPECIFIED.,.F.,
  .F.,(2,2),(-0.,9.999998715904E-04),.PIECEWISE_BEZIER_KNOTS.);
#3719 = CARTESIAN_POINT('',(-0.191078418604,0.376049822499,
    0.395225593272));
#3720 = CARTESIAN_POINT('',(-0.191078418604,0.375053627929,0.39513843754
    ));
#3721 = B_SPLINE_SURFACE_WITH_KNOTS('',3,1,(
    (#3722,#3723)
    ,(#3724,#3725)
    ,(#3726,#3727)
    ,(#3728,#3729
    )),.UNSPECIFIED.,.F.,.F.,.F.,(4,4),(2,2),(2.,3.),(0.,1.),
  .PIECEWISE_BEZIER_KNOTS.);
#3722 = CARTESIAN_POINT('',(-0.172895168145,0.376593196405,
    0.389014801102));
#3723 = CARTESIAN_POINT('',(-0.172895168145,0.375597001707,0.38892764536
    ));
#3724 = CARTESIAN_POINT('',(-0.180646368465,0.376597987729,
    0.388960036017));
#3725 = CARTESIAN_POINT('',(-0.180646368465,0.375601793031,
    0.388872880274));
#3726 = CARTESIAN_POINT('',(-0.18671265061,0.376416866307,0.391030263343
    ));
#3727 = CARTESIAN_POINT('',(-0.18671265061,0.375420671609,0.390943107601
    ));
#3728 = CARTESIAN_POINT('',(-0.191078418604,0.376049822499,
    0.395225593272));
#3729 = CARTESIAN_POINT('',(-0.191078418604,0.375053627801,
    0.395138437529));
#3730 = ADVANCED_FACE('',(#3731),#3749,.T.);
#3731 = FACE_BOUND('',#3732,.T.);
#3732 = EDGE_LOOP('',(#3733,#3742,#3743,#3744));
#3733 = ORIENTED_EDGE('',*,*,#3734,.F.);
#3734 = EDGE_CURVE('',#3707,#3735,#3737,.T.);
#3735 = VERTEX_POINT('',#3736);
#3736 = CARTESIAN_POINT('',(-0.1977234135,0.373510798248,0.412773061485)
  );
#3737 = B_SPLINE_CURVE_WITH_KNOTS('',3,(#3738,#3739,#3740,#3741),
  .UNSPECIFIED.,.F.,.F.,(4,4),(3.,4.),.PIECEWISE_BEZIER_KNOTS.);
#3738 = CARTESIAN_POINT('',(-0.191078418604,0.375053627929,0.39513843754
    ));
#3739 = CARTESIAN_POINT('',(-0.195459561349,0.37468931219,0.399302584008
    ));
#3740 = CARTESIAN_POINT('',(-0.197669434731,0.374174126231,
    0.405191186473));
#3741 = CARTESIAN_POINT('',(-0.1977234135,0.373510798248,0.412773061485)
  );
#3742 = ORIENTED_EDGE('',*,*,#3717,.F.);
#3743 = ORIENTED_EDGE('',*,*,#3475,.T.);
#3744 = ORIENTED_EDGE('',*,*,#3745,.T.);
#3745 = EDGE_CURVE('',#3467,#3735,#3746,.T.);
#3746 = B_SPLINE_CURVE_WITH_KNOTS('',1,(#3747,#3748),.UNSPECIFIED.,.F.,
  .F.,(2,2),(-0.,9.999998715905E-04),.PIECEWISE_BEZIER_KNOTS.);
#3747 = CARTESIAN_POINT('',(-0.1977234135,0.374506992818,0.412860217217)
  );
#3748 = CARTESIAN_POINT('',(-0.1977234135,0.373510798248,0.412773061485)
  );
#3749 = B_SPLINE_SURFACE_WITH_KNOTS('',3,1,(
    (#3750,#3751)
    ,(#3752,#3753)
    ,(#3754,#3755)
    ,(#3756,#3757
    )),.UNSPECIFIED.,.F.,.F.,.F.,(4,4),(2,2),(3.,4.),(0.,1.),
  .PIECEWISE_BEZIER_KNOTS.);
#3750 = CARTESIAN_POINT('',(-0.191078418604,0.376049822499,
    0.395225593272));
#3751 = CARTESIAN_POINT('',(-0.191078418604,0.375053627801,
    0.395138437529));
#3752 = CARTESIAN_POINT('',(-0.195459561349,0.375685506889,
    0.399389739751));
#3753 = CARTESIAN_POINT('',(-0.195459561349,0.37468931219,0.399302584008
    ));
#3754 = CARTESIAN_POINT('',(-0.197669434731,0.375170320929,
    0.405278342216));
#3755 = CARTESIAN_POINT('',(-0.197669434731,0.374174126231,
    0.405191186473));
#3756 = CARTESIAN_POINT('',(-0.1977234135,0.374506992818,0.412860217217)
  );
#3757 = CARTESIAN_POINT('',(-0.1977234135,0.37351079812,0.412773061474)
  );
#3758 = ADVANCED_FACE('',(#3759),#3777,.T.);
#3759 = FACE_BOUND('',#3760,.T.);
#3760 = EDGE_LOOP('',(#3761,#3770,#3771,#3772));
#3761 = ORIENTED_EDGE('',*,*,#3762,.F.);
#3762 = EDGE_CURVE('',#3735,#3763,#3765,.T.);
#3763 = VERTEX_POINT('',#3764);
#3764 = CARTESIAN_POINT('',(-0.19115463426,0.372008736984,0.429941698817
    ));
#3765 = B_SPLINE_CURVE_WITH_KNOTS('',3,(#3766,#3767,#3768,#3769),
  .UNSPECIFIED.,.F.,.F.,(4,4),(4.,5.),.PIECEWISE_BEZIER_KNOTS.);
#3766 = CARTESIAN_POINT('',(-0.1977234135,0.373510798248,0.412773061485)
  );
#3767 = CARTESIAN_POINT('',(-0.197777392268,0.372847470009,
    0.420354936475));
#3768 = CARTESIAN_POINT('',(-0.19558787293,0.372345876778,0.426088173342
    ));
#3769 = CARTESIAN_POINT('',(-0.19115463426,0.372008736984,0.429941698817
    ));
#3770 = ORIENTED_EDGE('',*,*,#3745,.F.);
#3771 = ORIENTED_EDGE('',*,*,#3466,.T.);
#3772 = ORIENTED_EDGE('',*,*,#3773,.T.);
#3773 = EDGE_CURVE('',#3458,#3763,#3774,.T.);
#3774 = B_SPLINE_CURVE_WITH_KNOTS('',1,(#3775,#3776),.UNSPECIFIED.,.F.,
  .F.,(2,2),(-0.,1.E-03),.PIECEWISE_BEZIER_KNOTS.);
#3775 = CARTESIAN_POINT('',(-0.19115463426,0.373004931682,0.43002885456)
  );
#3776 = CARTESIAN_POINT('',(-0.19115463426,0.372008736984,0.429941698817
    ));
#3777 = B_SPLINE_SURFACE_WITH_KNOTS('',3,1,(
    (#3778,#3779)
    ,(#3780,#3781)
    ,(#3782,#3783)
    ,(#3784,#3785
    )),.UNSPECIFIED.,.F.,.F.,.F.,(4,4),(2,2),(4.,5.),(0.,1.),
  .PIECEWISE_BEZIER_KNOTS.);
#3778 = CARTESIAN_POINT('',(-0.1977234135,0.374506992818,0.412860217217)
  );
#3779 = CARTESIAN_POINT('',(-0.1977234135,0.37351079812,0.412773061474)
  );
#3780 = CARTESIAN_POINT('',(-0.197777392268,0.373843664707,
    0.420442092217));
#3781 = CARTESIAN_POINT('',(-0.197777392268,0.372847470009,
    0.420354936475));
#3782 = CARTESIAN_POINT('',(-0.19558787293,0.373342071476,0.426175329085
    ));
#3783 = CARTESIAN_POINT('',(-0.19558787293,0.372345876778,0.426088173342
    ));
#3784 = CARTESIAN_POINT('',(-0.19115463426,0.373004931682,0.43002885456)
  );
#3785 = CARTESIAN_POINT('',(-0.19115463426,0.372008736984,0.429941698817
    ));
#3786 = ADVANCED_FACE('',(#3787),#3799,.T.);
#3787 = FACE_BOUND('',#3788,.T.);
#3788 = EDGE_LOOP('',(#3789,#3796,#3797,#3798));
#3789 = ORIENTED_EDGE('',*,*,#3790,.F.);
#3790 = EDGE_CURVE('',#3763,#3635,#3791,.T.);
#3791 = B_SPLINE_CURVE_WITH_KNOTS('',3,(#3792,#3793,#3794,#3795),
  .UNSPECIFIED.,.F.,.F.,(4,4),(5.,6.),.PIECEWISE_BEZIER_KNOTS.);
#3792 = CARTESIAN_POINT('',(-0.19115463426,0.372008736984,0.429941698817
    ));
#3793 = CARTESIAN_POINT('',(-0.18672139559,0.37167159719,0.433795224293)
  );
#3794 = CARTESIAN_POINT('',(-0.180855207142,0.371502130698,0.43573223517
    ));
#3795 = CARTESIAN_POINT('',(-0.173587482093,0.371497638357,
    0.435783584336));
#3796 = ORIENTED_EDGE('',*,*,#3773,.F.);
#3797 = ORIENTED_EDGE('',*,*,#3457,.T.);
#3798 = ORIENTED_EDGE('',*,*,#3643,.T.);
#3799 = B_SPLINE_SURFACE_WITH_KNOTS('',3,1,(
    (#3800,#3801)
    ,(#3802,#3803)
    ,(#3804,#3805)
    ,(#3806,#3807
    )),.UNSPECIFIED.,.F.,.F.,.F.,(4,4),(2,2),(5.,6.),(0.,1.),
  .PIECEWISE_BEZIER_KNOTS.);
#3800 = CARTESIAN_POINT('',(-0.19115463426,0.373004931682,0.43002885456)
  );
#3801 = CARTESIAN_POINT('',(-0.19115463426,0.372008736984,0.429941698817
    ));
#3802 = CARTESIAN_POINT('',(-0.18672139559,0.372667791889,0.433882380036
    ));
#3803 = CARTESIAN_POINT('',(-0.18672139559,0.37167159719,0.433795224293)
  );
#3804 = CARTESIAN_POINT('',(-0.180855207142,0.372498325396,
    0.435819390913));
#3805 = CARTESIAN_POINT('',(-0.180855207142,0.371502130698,0.43573223517
    ));
#3806 = CARTESIAN_POINT('',(-0.173587482093,0.372493832927,
    0.435870740067));
#3807 = CARTESIAN_POINT('',(-0.173587482093,0.371497638229,
    0.435783584325));
#3808 = ADVANCED_FACE('',(#3809),#3818,.T.);
#3809 = FACE_BOUND('',#3810,.T.);
#3810 = EDGE_LOOP('',(#3811,#3812,#3813,#3814,#3815,#3816,#3817));
#3811 = ORIENTED_EDGE('',*,*,#3790,.T.);
#3812 = ORIENTED_EDGE('',*,*,#3634,.T.);
#3813 = ORIENTED_EDGE('',*,*,#3662,.T.);
#3814 = ORIENTED_EDGE('',*,*,#3684,.T.);
#3815 = ORIENTED_EDGE('',*,*,#3706,.T.);
#3816 = ORIENTED_EDGE('',*,*,#3734,.T.);
#3817 = ORIENTED_EDGE('',*,*,#3762,.T.);
#3818 = B_SPLINE_SURFACE_WITH_KNOTS('',1,1,(
    (#3819,#3820)
    ,(#3821,#3822
    )),.UNSPECIFIED.,.F.,.F.,.F.,(2,2),(2,2),(0.279938029002,
    0.327093296149),(0.402222607732,0.435963346506),
  .PIECEWISE_BEZIER_KNOTS.);
#3819 = CARTESIAN_POINT('',(-0.197777392268,0.375601793159,
    0.388872880286));
#3820 = CARTESIAN_POINT('',(-0.164036653494,0.375601793159,
    0.388872880286));
#3821 = CARTESIAN_POINT('',(-0.197777392268,0.371491940826,
    0.435848707405));
#3822 = CARTESIAN_POINT('',(-0.164036653494,0.371491940826,
    0.435848707405));
#3823 = ADVANCED_FACE('',(#3824,#3882),#3930,.F.);
#3824 = FACE_BOUND('',#3825,.T.);
#3825 = EDGE_LOOP('',(#3826,#3835,#3842,#3849,#3856,#3863,#3870,#3877));
#3826 = ORIENTED_EDGE('',*,*,#3827,.T.);
#3827 = EDGE_CURVE('',#3828,#3830,#3832,.T.);
#3828 = VERTEX_POINT('',#3829);
#3829 = CARTESIAN_POINT('',(-0.264066701632,0.377255822034,
    0.381440955503));
#3830 = VERTEX_POINT('',#3831);
#3831 = CARTESIAN_POINT('',(-0.241261411697,0.371923958585,
    0.442384433606));
#3832 = B_SPLINE_CURVE_WITH_KNOTS('',1,(#3833,#3834),.UNSPECIFIED.,.F.,
  .F.,(2,2),(-6.528872444865E-02,0.),.PIECEWISE_BEZIER_KNOTS.);
#3833 = CARTESIAN_POINT('',(-0.264066701632,0.377255822034,
    0.381440955503));
#3834 = CARTESIAN_POINT('',(-0.241261411697,0.371923958585,
    0.442384433606));
#3835 = ORIENTED_EDGE('',*,*,#3836,.T.);
#3836 = EDGE_CURVE('',#3830,#3837,#3839,.T.);
#3837 = VERTEX_POINT('',#3838);
#3838 = CARTESIAN_POINT('',(-0.232839584388,0.371918752719,
    0.442443936918));
#3839 = B_SPLINE_CURVE_WITH_KNOTS('',1,(#3840,#3841),.UNSPECIFIED.,.F.,
  .F.,(2,2),(-8.422039122135E-03,0.),.PIECEWISE_BEZIER_KNOTS.);
#3840 = CARTESIAN_POINT('',(-0.241261411697,0.371923958585,
    0.442384433606));
#3841 = CARTESIAN_POINT('',(-0.232839584388,0.371918752719,
    0.442443936918));
#3842 = ORIENTED_EDGE('',*,*,#3843,.T.);
#3843 = EDGE_CURVE('',#3837,#3844,#3846,.T.);
#3844 = VERTEX_POINT('',#3845);
#3845 = CARTESIAN_POINT('',(-0.209168864356,0.377221887505,
    0.381828828944));
#3846 = B_SPLINE_CURVE_WITH_KNOTS('',1,(#3847,#3848),.UNSPECIFIED.,.F.,
  .F.,(2,2),(-6.528872444851E-02,0.),.PIECEWISE_BEZIER_KNOTS.);
#3847 = CARTESIAN_POINT('',(-0.232839584388,0.371918752719,
    0.442443936918));
#3848 = CARTESIAN_POINT('',(-0.209168864356,0.377221887505,
    0.381828828944));
#3849 = ORIENTED_EDGE('',*,*,#3850,.T.);
#3850 = EDGE_CURVE('',#3844,#3851,#3853,.T.);
#3851 = VERTEX_POINT('',#3852);
#3852 = CARTESIAN_POINT('',(-0.217871419242,0.377227266899,
    0.381767342188));
#3853 = B_SPLINE_CURVE_WITH_KNOTS('',1,(#3854,#3855),.UNSPECIFIED.,.F.,
  .F.,(2,2),(-8.70277375922E-03,0.),.PIECEWISE_BEZIER_KNOTS.);
#3854 = CARTESIAN_POINT('',(-0.209168864356,0.377221887505,
    0.381828828944));
#3855 = CARTESIAN_POINT('',(-0.217871419242,0.377227266899,
    0.381767342188));
#3856 = ORIENTED_EDGE('',*,*,#3857,.T.);
#3857 = EDGE_CURVE('',#3851,#3858,#3860,.T.);
#3858 = VERTEX_POINT('',#3859);
#3859 = CARTESIAN_POINT('',(-0.223853861493,0.375776463284,
    0.398350103389));
#3860 = B_SPLINE_CURVE_WITH_KNOTS('',1,(#3861,#3862),.UNSPECIFIED.,.F.,
  .F.,(2,2),(-1.768848256562E-02,0.),.PIECEWISE_BEZIER_KNOTS.);
#3861 = CARTESIAN_POINT('',(-0.217871419242,0.377227266899,
    0.381767342188));
#3862 = CARTESIAN_POINT('',(-0.223853861493,0.375776463284,
    0.398350103389));
#3863 = ORIENTED_EDGE('',*,*,#3864,.T.);
#3864 = EDGE_CURVE('',#3858,#3865,#3867,.T.);
#3865 = VERTEX_POINT('',#3866);
#3866 = CARTESIAN_POINT('',(-0.24925970721,0.375792167645,0.398170601732
    ));
#3867 = B_SPLINE_CURVE_WITH_KNOTS('',1,(#3868,#3869),.UNSPECIFIED.,.F.,
  .F.,(2,2),(-2.540648468536E-02,0.),.PIECEWISE_BEZIER_KNOTS.);
#3868 = CARTESIAN_POINT('',(-0.223853861493,0.375776463284,
    0.398350103389));
#3869 = CARTESIAN_POINT('',(-0.24925970721,0.375792167645,0.398170601732
    ));
#3870 = ORIENTED_EDGE('',*,*,#3871,.T.);
#3871 = EDGE_CURVE('',#3865,#3872,#3874,.T.);
#3872 = VERTEX_POINT('',#3873);
#3873 = CARTESIAN_POINT('',(-0.255364146746,0.37725044264,0.381502442259
    ));
#3874 = B_SPLINE_CURVE_WITH_KNOTS('',1,(#3875,#3876),.UNSPECIFIED.,.F.,
  .F.,(2,2),(-1.781062290385E-02,0.),.PIECEWISE_BEZIER_KNOTS.);
#3875 = CARTESIAN_POINT('',(-0.24925970721,0.375792167645,0.398170601732
    ));
#3876 = CARTESIAN_POINT('',(-0.255364146746,0.37725044264,0.381502442259
    ));
#3877 = ORIENTED_EDGE('',*,*,#3878,.T.);
#3878 = EDGE_CURVE('',#3872,#3828,#3879,.T.);
#3879 = B_SPLINE_CURVE_WITH_KNOTS('',1,(#3880,#3881),.UNSPECIFIED.,.F.,
  .F.,(2,2),(-8.702773759636E-03,0.),.PIECEWISE_BEZIER_KNOTS.);
#3880 = CARTESIAN_POINT('',(-0.255364146746,0.37725044264,0.381502442259
    ));
#3881 = CARTESIAN_POINT('',(-0.264066701632,0.377255822034,
    0.381440955503));
#3882 = FACE_BOUND('',#3883,.T.);
#3883 = EDGE_LOOP('',(#3884,#3893,#3900,#3909,#3916,#3925));
#3884 = ORIENTED_EDGE('',*,*,#3885,.F.);
#3885 = EDGE_CURVE('',#3886,#3888,#3890,.T.);
#3886 = VERTEX_POINT('',#3887);
#3887 = CARTESIAN_POINT('',(-0.226398108339,0.375177204482,0.40519966284
    ));
#3888 = VERTEX_POINT('',#3889);
#3889 = CARTESIAN_POINT('',(-0.246875625482,0.375189862447,0.40505498164
    ));
#3890 = B_SPLINE_CURVE_WITH_KNOTS('',1,(#3891,#3892),.UNSPECIFIED.,.F.,
  .F.,(2,2),(0.,2.047803216181E-02),.PIECEWISE_BEZIER_KNOTS.);
#3891 = CARTESIAN_POINT('',(-0.226398108339,0.375177204482,0.40519966284
    ));
#3892 = CARTESIAN_POINT('',(-0.246875625482,0.375189862447,0.40505498164
    ));
#3893 = ORIENTED_EDGE('',*,*,#3894,.F.);
#3894 = EDGE_CURVE('',#3895,#3886,#3897,.T.);
#3895 = VERTEX_POINT('',#3896);
#3896 = CARTESIAN_POINT('',(-0.235701610079,0.372972656653,
    0.430397759835));
#3897 = B_SPLINE_CURVE_WITH_KNOTS('',1,(#3898,#3899),.UNSPECIFIED.,.F.,
  .F.,(2,2),(-1.412193547099E-17,2.695105318764E-02),
  .PIECEWISE_BEZIER_KNOTS.);
#3898 = CARTESIAN_POINT('',(-0.235701610079,0.372972656653,
    0.430397759835));
#3899 = CARTESIAN_POINT('',(-0.226398108339,0.375177204482,0.40519966284
    ));
#3900 = ORIENTED_EDGE('',*,*,#3901,.F.);
#3901 = EDGE_CURVE('',#3902,#3895,#3904,.T.);
#3902 = VERTEX_POINT('',#3903);
#3903 = CARTESIAN_POINT('',(-0.236730060327,0.372600831221,
    0.434647743965));
#3904 = B_SPLINE_CURVE_WITH_KNOTS('',3,(#3905,#3906,#3907,#3908),
  .UNSPECIFIED.,.F.,.F.,(4,4),(3.,4.),.PIECEWISE_BEZIER_KNOTS.);
#3905 = CARTESIAN_POINT('',(-0.236730060327,0.372600831221,
    0.434647743965));
#3906 = CARTESIAN_POINT('',(-0.23642068453,0.372761042964,0.432816515366
    ));
#3907 = CARTESIAN_POINT('',(-0.236082992698,0.372885894174,
    0.431389459506));
#3908 = CARTESIAN_POINT('',(-0.235701610079,0.372972656653,
    0.430397759835));
#3909 = ORIENTED_EDGE('',*,*,#3910,.F.);
#3910 = EDGE_CURVE('',#3911,#3902,#3913,.T.);
#3911 = VERTEX_POINT('',#3912);
#3912 = CARTESIAN_POINT('',(-0.236917212044,0.372600946907,
    0.434646421669));
#3913 = B_SPLINE_CURVE_WITH_KNOTS('',1,(#3914,#3915),.UNSPECIFIED.,.F.,
  .F.,(2,2),(-2.814707443357E-17,1.871564247238E-04),
  .PIECEWISE_BEZIER_KNOTS.);
#3914 = CARTESIAN_POINT('',(-0.236917212044,0.372600946907,
    0.434646421669));
#3915 = CARTESIAN_POINT('',(-0.236730060327,0.372600831221,
    0.434647743965));
#3916 = ORIENTED_EDGE('',*,*,#3917,.F.);
#3917 = EDGE_CURVE('',#3918,#3911,#3920,.T.);
#3918 = VERTEX_POINT('',#3919);
#3919 = CARTESIAN_POINT('',(-0.23783825886,0.3729739774,0.430382663625)
  );
#3920 = B_SPLINE_CURVE_WITH_KNOTS('',3,(#3921,#3922,#3923,#3924),
  .UNSPECIFIED.,.F.,.F.,(4,4),(1.,2.),.PIECEWISE_BEZIER_KNOTS.);
#3921 = CARTESIAN_POINT('',(-0.23783825886,0.3729739774,0.430382663625)
  );
#3922 = CARTESIAN_POINT('',(-0.237547908367,0.372900393169,
    0.431223735231));
#3923 = CARTESIAN_POINT('',(-0.237245943937,0.372777865257,
    0.432624235677));
#3924 = CARTESIAN_POINT('',(-0.236917212044,0.372600946907,
    0.434646421669));
#3925 = ORIENTED_EDGE('',*,*,#3926,.F.);
#3926 = EDGE_CURVE('',#3888,#3918,#3927,.T.);
#3927 = B_SPLINE_CURVE_WITH_KNOTS('',1,(#3928,#3929),.UNSPECIFIED.,.F.,
  .F.,(2,2),(0.,2.698287636193E-02),.PIECEWISE_BEZIER_KNOTS.);
#3928 = CARTESIAN_POINT('',(-0.246875625482,0.375189862447,0.40505498164
    ));
#3929 = CARTESIAN_POINT('',(-0.23783825886,0.3729739774,0.430382663625)
  );
#3930 = B_SPLINE_SURFACE_WITH_KNOTS('',1,1,(
    (#3931,#3932)
    ,(#3933,#3934
    )),.UNSPECIFIED.,.F.,.F.,.F.,(2,2),(2,2),(-0.298763932616,
    -0.237527929722),(-0.264066701632,-0.209168864356),
  .PIECEWISE_BEZIER_KNOTS.);
#3931 = CARTESIAN_POINT('',(-0.264066701632,0.371918752719,
    0.442443936918));
#3932 = CARTESIAN_POINT('',(-0.209168864356,0.371918752719,
    0.442443936918));
#3933 = CARTESIAN_POINT('',(-0.264066701632,0.377255822034,
    0.381440955503));
#3934 = CARTESIAN_POINT('',(-0.209168864356,0.377255822034,
    0.381440955503));
#3935 = ADVANCED_FACE('',(#3936),#3950,.F.);
#3936 = FACE_BOUND('',#3937,.T.);
#3937 = EDGE_LOOP('',(#3938,#3939,#3944,#3945));
#3938 = ORIENTED_EDGE('',*,*,#730,.T.);
#3939 = ORIENTED_EDGE('',*,*,#3940,.F.);
#3940 = EDGE_CURVE('',#3830,#733,#3941,.T.);
#3941 = B_SPLINE_CURVE_WITH_KNOTS('',1,(#3942,#3943),.UNSPECIFIED.,.F.,
  .F.,(2,2),(-0.,9.999998715905E-04),.PIECEWISE_BEZIER_KNOTS.);
#3942 = CARTESIAN_POINT('',(-0.241261411697,0.371923958585,
    0.442384433606));
#3943 = CARTESIAN_POINT('',(-0.241261411697,0.370927764014,
    0.442297277874));
#3944 = ORIENTED_EDGE('',*,*,#3827,.F.);
#3945 = ORIENTED_EDGE('',*,*,#3946,.T.);
#3946 = EDGE_CURVE('',#3828,#731,#3947,.T.);
#3947 = B_SPLINE_CURVE_WITH_KNOTS('',1,(#3948,#3949),.UNSPECIFIED.,.F.,
  .F.,(2,2),(-0.,1.E-03),.PIECEWISE_BEZIER_KNOTS.);
#3948 = CARTESIAN_POINT('',(-0.264066701632,0.377255822034,
    0.381440955503));
#3949 = CARTESIAN_POINT('',(-0.264066701632,0.376259627336,0.38135379976
    ));
#3950 = B_SPLINE_SURFACE_WITH_KNOTS('',1,1,(
    (#3951,#3952)
    ,(#3953,#3954
    )),.UNSPECIFIED.,.F.,.F.,.F.,(2,2),(2,2),(0.,6.515214561628E-02),(
    -9.966566567192E-04,5.334335958799E-03),.PIECEWISE_BEZIER_KNOTS.);
#3951 = CARTESIAN_POINT('',(-0.241232968058,0.370927763886,
    0.442373870735));
#3952 = CARTESIAN_POINT('',(-0.241413648607,0.377255822034,
    0.442440968525));
#3953 = CARTESIAN_POINT('',(-0.263914464723,0.370927763886,
    0.381297264842));
#3954 = CARTESIAN_POINT('',(-0.264095145272,0.377255822034,
    0.381364362631));
#3955 = ADVANCED_FACE('',(#3956),#3966,.F.);
#3956 = FACE_BOUND('',#3957,.T.);
#3957 = EDGE_LOOP('',(#3958,#3959,#3964,#3965));
#3958 = ORIENTED_EDGE('',*,*,#781,.T.);
#3959 = ORIENTED_EDGE('',*,*,#3960,.F.);
#3960 = EDGE_CURVE('',#3837,#775,#3961,.T.);
#3961 = B_SPLINE_CURVE_WITH_KNOTS('',1,(#3962,#3963),.UNSPECIFIED.,.F.,
  .F.,(2,2),(-0.,9.999998715905E-04),.PIECEWISE_BEZIER_KNOTS.);
#3962 = CARTESIAN_POINT('',(-0.232839584388,0.371918752719,
    0.442443936918));
#3963 = CARTESIAN_POINT('',(-0.232839584388,0.370922558149,
    0.442356781186));
#3964 = ORIENTED_EDGE('',*,*,#3836,.F.);
#3965 = ORIENTED_EDGE('',*,*,#3940,.T.);
#3966 = B_SPLINE_SURFACE_WITH_KNOTS('',1,1,(
    (#3967,#3968)
    ,(#3969,#3970)),.UNSPECIFIED.,.F.,.F.,.F.,(2,2),(2,2),(-1.E-03,0.),(
    -8.422039122135E-03,9.288741819147E-23),.PIECEWISE_BEZIER_KNOTS.);
#3967 = CARTESIAN_POINT('',(-0.241261411697,0.370927763886,
    0.442297277863));
#3968 = CARTESIAN_POINT('',(-0.232839584388,0.370922558021,
    0.442356781175));
#3969 = CARTESIAN_POINT('',(-0.241261411697,0.371923958585,
    0.442384433606));
#3970 = CARTESIAN_POINT('',(-0.232839584388,0.371918752719,
    0.442443936918));
#3971 = ADVANCED_FACE('',(#3972),#3982,.F.);
#3972 = FACE_BOUND('',#3973,.T.);
#3973 = EDGE_LOOP('',(#3974,#3975,#3980,#3981));
#3974 = ORIENTED_EDGE('',*,*,#774,.T.);
#3975 = ORIENTED_EDGE('',*,*,#3976,.F.);
#3976 = EDGE_CURVE('',#3844,#768,#3977,.T.);
#3977 = B_SPLINE_CURVE_WITH_KNOTS('',1,(#3978,#3979),.UNSPECIFIED.,.F.,
  .F.,(2,2),(-0.,9.999998715905E-04),.PIECEWISE_BEZIER_KNOTS.);
#3978 = CARTESIAN_POINT('',(-0.209168864356,0.377221887505,
    0.381828828944));
#3979 = CARTESIAN_POINT('',(-0.209168864356,0.376225692935,
    0.381741673212));
#3980 = ORIENTED_EDGE('',*,*,#3843,.F.);
#3981 = ORIENTED_EDGE('',*,*,#3960,.T.);
#3982 = B_SPLINE_SURFACE_WITH_KNOTS('',1,1,(
    (#3983,#3984)
    ,(#3985,#3986
    )),.UNSPECIFIED.,.F.,.F.,.F.,(2,2),(2,2),(-8.126647208193E-05,
    6.507277612832E-02),(-6.30247671284E-03,0.),
  .PIECEWISE_BEZIER_KNOTS.);
#3983 = CARTESIAN_POINT('',(-0.20932519146,0.370922558021,0.381681089846
    ));
#3984 = CARTESIAN_POINT('',(-0.209139498285,0.377221887505,
    0.381753053794));
#3985 = CARTESIAN_POINT('',(-0.232868950459,0.370922558021,
    0.442432556325));
#3986 = CARTESIAN_POINT('',(-0.232683257284,0.377221887505,
    0.442504520273));
#3987 = ADVANCED_FACE('',(#3988),#3998,.F.);
#3988 = FACE_BOUND('',#3989,.T.);
#3989 = EDGE_LOOP('',(#3990,#3991,#3996,#3997));
#3990 = ORIENTED_EDGE('',*,*,#767,.T.);
#3991 = ORIENTED_EDGE('',*,*,#3992,.F.);
#3992 = EDGE_CURVE('',#3851,#761,#3993,.T.);
#3993 = B_SPLINE_CURVE_WITH_KNOTS('',1,(#3994,#3995),.UNSPECIFIED.,.F.,
  .F.,(2,2),(-0.,9.999998715905E-04),.PIECEWISE_BEZIER_KNOTS.);
#3994 = CARTESIAN_POINT('',(-0.217871419242,0.377227266899,
    0.381767342188));
#3995 = CARTESIAN_POINT('',(-0.217871419242,0.376231072329,
    0.381680186456));
#3996 = ORIENTED_EDGE('',*,*,#3850,.F.);
#3997 = ORIENTED_EDGE('',*,*,#3976,.T.);
#3998 = B_SPLINE_SURFACE_WITH_KNOTS('',1,1,(
    (#3999,#4000)
    ,(#4001,#4002
    )),.UNSPECIFIED.,.F.,.F.,.F.,(2,2),(2,2),(-2.743202897024E-17,1.E-03
    ),(0.,8.70277375922E-03),.PIECEWISE_BEZIER_KNOTS.);
#3999 = CARTESIAN_POINT('',(-0.217871419242,0.377227266899,
    0.381767342188));
#4000 = CARTESIAN_POINT('',(-0.209168864356,0.377221887505,
    0.381828828944));
#4001 = CARTESIAN_POINT('',(-0.217871419242,0.376231072201,
    0.381680186445));
#4002 = CARTESIAN_POINT('',(-0.209168864356,0.376225692807,
    0.381741673201));
#4003 = ADVANCED_FACE('',(#4004),#4014,.F.);
#4004 = FACE_BOUND('',#4005,.T.);
#4005 = EDGE_LOOP('',(#4006,#4007,#4012,#4013));
#4006 = ORIENTED_EDGE('',*,*,#760,.T.);
#4007 = ORIENTED_EDGE('',*,*,#4008,.F.);
#4008 = EDGE_CURVE('',#3858,#754,#4009,.T.);
#4009 = B_SPLINE_CURVE_WITH_KNOTS('',1,(#4010,#4011),.UNSPECIFIED.,.F.,
  .F.,(2,2),(-0.,9.999998715905E-04),.PIECEWISE_BEZIER_KNOTS.);
#4010 = CARTESIAN_POINT('',(-0.223853861493,0.375776463284,
    0.398350103389));
#4011 = CARTESIAN_POINT('',(-0.223853861493,0.374780268714,
    0.398262947658));
#4012 = ORIENTED_EDGE('',*,*,#3857,.F.);
#4013 = ORIENTED_EDGE('',*,*,#3992,.T.);
#4014 = B_SPLINE_SURFACE_WITH_KNOTS('',1,1,(
    (#4015,#4016)
    ,(#4017,#4018
    )),.UNSPECIFIED.,.F.,.F.,.F.,(2,2),(2,2),(0.,1.771088837123E-02),(
    -9.966277752234E-04,1.451434324978E-03),.PIECEWISE_BEZIER_KNOTS.);
#4015 = CARTESIAN_POINT('',(-0.223881519937,0.374780268586,
    0.398340201049));
#4016 = CARTESIAN_POINT('',(-0.223813581245,0.377227266899,
    0.398364524618));
#4017 = CARTESIAN_POINT('',(-0.217911699486,0.374780268586,
    0.381665765206));
#4018 = CARTESIAN_POINT('',(-0.217843760795,0.377227266899,
    0.381690088775));
#4019 = ADVANCED_FACE('',(#4020),#4030,.F.);
#4020 = FACE_BOUND('',#4021,.T.);
#4021 = EDGE_LOOP('',(#4022,#4023,#4028,#4029));
#4022 = ORIENTED_EDGE('',*,*,#753,.T.);
#4023 = ORIENTED_EDGE('',*,*,#4024,.F.);
#4024 = EDGE_CURVE('',#3865,#747,#4025,.T.);
#4025 = B_SPLINE_CURVE_WITH_KNOTS('',1,(#4026,#4027),.UNSPECIFIED.,.F.,
  .F.,(2,2),(-0.,9.999998715905E-04),.PIECEWISE_BEZIER_KNOTS.);
#4026 = CARTESIAN_POINT('',(-0.24925970721,0.375792167645,0.398170601732
    ));
#4027 = CARTESIAN_POINT('',(-0.24925970721,0.374795973074,0.398083446));
#4028 = ORIENTED_EDGE('',*,*,#3864,.F.);
#4029 = ORIENTED_EDGE('',*,*,#4008,.T.);
#4030 = B_SPLINE_SURFACE_WITH_KNOTS('',1,1,(
    (#4031,#4032)
    ,(#4033,#4034)),.UNSPECIFIED.,.F.,.F.,.F.,(2,2),(2,2),(-0.,1.E-03),(
    -1.655186015847E-18,2.540648468536E-02),.PIECEWISE_BEZIER_KNOTS.);
#4031 = CARTESIAN_POINT('',(-0.24925970721,0.375792167645,0.398170601732
    ));
#4032 = CARTESIAN_POINT('',(-0.223853861493,0.375776463284,
    0.398350103389));
#4033 = CARTESIAN_POINT('',(-0.24925970721,0.374795972946,0.398083445989
    ));
#4034 = CARTESIAN_POINT('',(-0.223853861493,0.374780268586,
    0.398262947646));
#4035 = ADVANCED_FACE('',(#4036),#4046,.F.);
#4036 = FACE_BOUND('',#4037,.T.);
#4037 = EDGE_LOOP('',(#4038,#4039,#4044,#4045));
#4038 = ORIENTED_EDGE('',*,*,#746,.T.);
#4039 = ORIENTED_EDGE('',*,*,#4040,.F.);
#4040 = EDGE_CURVE('',#3872,#740,#4041,.T.);
#4041 = B_SPLINE_CURVE_WITH_KNOTS('',1,(#4042,#4043),.UNSPECIFIED.,.F.,
  .F.,(2,2),(-0.,9.999998715905E-04),.PIECEWISE_BEZIER_KNOTS.);
#4042 = CARTESIAN_POINT('',(-0.255364146746,0.37725044264,0.381502442259
    ));
#4043 = CARTESIAN_POINT('',(-0.255364146746,0.37625424807,0.381415286527
    ));
#4044 = ORIENTED_EDGE('',*,*,#3871,.F.);
#4045 = ORIENTED_EDGE('',*,*,#4024,.T.);
#4046 = B_SPLINE_SURFACE_WITH_KNOTS('',1,1,(
    (#4047,#4048)
    ,(#4049,#4050
    )),.UNSPECIFIED.,.F.,.F.,.F.,(2,2),(2,2),(-8.191325314502E-05,
    1.775076964436E-02),(-2.455565525468E-03,0.),
  .PIECEWISE_BEZIER_KNOTS.);
#4047 = CARTESIAN_POINT('',(-0.255323187293,0.374795972946,
    0.381400399737));
#4048 = CARTESIAN_POINT('',(-0.255392127469,0.37725044264,0.381425456155
    ));
#4049 = CARTESIAN_POINT('',(-0.249231726487,0.374795972946,
    0.398160432093));
#4050 = CARTESIAN_POINT('',(-0.249300666663,0.37725044264,0.398185488511
    ));
#4051 = ADVANCED_FACE('',(#4052),#4058,.F.);
#4052 = FACE_BOUND('',#4053,.T.);
#4053 = EDGE_LOOP('',(#4054,#4055,#4056,#4057));
#4054 = ORIENTED_EDGE('',*,*,#739,.T.);
#4055 = ORIENTED_EDGE('',*,*,#3946,.F.);
#4056 = ORIENTED_EDGE('',*,*,#3878,.F.);
#4057 = ORIENTED_EDGE('',*,*,#4040,.T.);
#4058 = B_SPLINE_SURFACE_WITH_KNOTS('',1,1,(
    (#4059,#4060)
    ,(#4061,#4062
    )),.UNSPECIFIED.,.F.,.F.,.F.,(2,2),(2,2),(-7.353497598031E-18,1.E-03
    ),(0.,8.702773759636E-03),.PIECEWISE_BEZIER_KNOTS.);
#4059 = CARTESIAN_POINT('',(-0.264066701632,0.377255822034,
    0.381440955503));
#4060 = CARTESIAN_POINT('',(-0.255364146746,0.37725044264,0.381502442259
    ));
#4061 = CARTESIAN_POINT('',(-0.264066701632,0.376259627336,0.38135379976
    ));
#4062 = CARTESIAN_POINT('',(-0.255364146746,0.376254247942,
    0.381415286516));
#4063 = ADVANCED_FACE('',(#4064),#4086,.T.);
#4064 = FACE_BOUND('',#4065,.T.);
#4065 = EDGE_LOOP('',(#4066,#4075,#4080,#4081));
#4066 = ORIENTED_EDGE('',*,*,#4067,.F.);
#4067 = EDGE_CURVE('',#4068,#4070,#4072,.T.);
#4068 = VERTEX_POINT('',#4069);
#4069 = CARTESIAN_POINT('',(-0.226398108335,0.374181009913,
    0.405112507098));
#4070 = VERTEX_POINT('',#4071);
#4071 = CARTESIAN_POINT('',(-0.246875625482,0.374193667749,
    0.404967825897));
#4072 = B_SPLINE_CURVE_WITH_KNOTS('',1,(#4073,#4074),.UNSPECIFIED.,.F.,
  .F.,(2,2),(-4.052247937558E-12,2.047803216181E-02),
  .PIECEWISE_BEZIER_KNOTS.);
#4073 = CARTESIAN_POINT('',(-0.226398108335,0.374181009784,
    0.405112507098));
#4074 = CARTESIAN_POINT('',(-0.246875625482,0.374193667749,
    0.404967825897));
#4075 = ORIENTED_EDGE('',*,*,#4076,.F.);
#4076 = EDGE_CURVE('',#3886,#4068,#4077,.T.);
#4077 = B_SPLINE_CURVE_WITH_KNOTS('',1,(#4078,#4079),.UNSPECIFIED.,.F.,
  .F.,(2,2),(-0.,9.999998715905E-04),.PIECEWISE_BEZIER_KNOTS.);
#4078 = CARTESIAN_POINT('',(-0.226398108339,0.375177204482,0.40519966284
    ));
#4079 = CARTESIAN_POINT('',(-0.226398108339,0.374181009912,
    0.405112507109));
#4080 = ORIENTED_EDGE('',*,*,#3885,.T.);
#4081 = ORIENTED_EDGE('',*,*,#4082,.T.);
#4082 = EDGE_CURVE('',#3888,#4070,#4083,.T.);
#4083 = B_SPLINE_CURVE_WITH_KNOTS('',1,(#4084,#4085),.UNSPECIFIED.,.F.,
  .F.,(2,2),(-0.,1.E-03),.PIECEWISE_BEZIER_KNOTS.);
#4084 = CARTESIAN_POINT('',(-0.246875625482,0.375189862447,0.40505498164
    ));
#4085 = CARTESIAN_POINT('',(-0.246875625482,0.374193667749,
    0.404967825897));
#4086 = B_SPLINE_SURFACE_WITH_KNOTS('',1,1,(
    (#4087,#4088)
    ,(#4089,#4090
    )),.UNSPECIFIED.,.F.,.F.,.F.,(2,2),(2,2),(-1.629590659653E-17,1.E-03
    ),(-2.047803216181E-02,4.052248028012E-12),
  .PIECEWISE_BEZIER_KNOTS.);
#4087 = CARTESIAN_POINT('',(-0.246875625482,0.375189862447,0.40505498164
    ));
#4088 = CARTESIAN_POINT('',(-0.226398108335,0.375177204482,
    0.405199662841));
#4089 = CARTESIAN_POINT('',(-0.246875625482,0.374193667749,
    0.404967825897));
#4090 = CARTESIAN_POINT('',(-0.226398108335,0.374181009784,
    0.405112507098));
#4091 = ADVANCED_FACE('',(#4092),#4108,.T.);
#4092 = FACE_BOUND('',#4093,.T.);
#4093 = EDGE_LOOP('',(#4094,#4101,#4102,#4103));
#4094 = ORIENTED_EDGE('',*,*,#4095,.F.);
#4095 = EDGE_CURVE('',#4070,#4096,#4098,.T.);
#4096 = VERTEX_POINT('',#4097);
#4097 = CARTESIAN_POINT('',(-0.23783825886,0.371977782702,0.430295507882
    ));
#4098 = B_SPLINE_CURVE_WITH_KNOTS('',1,(#4099,#4100),.UNSPECIFIED.,.F.,
  .F.,(2,2),(0.,2.698287636193E-02),.PIECEWISE_BEZIER_KNOTS.);
#4099 = CARTESIAN_POINT('',(-0.246875625482,0.374193667749,
    0.404967825897));
#4100 = CARTESIAN_POINT('',(-0.23783825886,0.371977782702,0.430295507882
    ));
#4101 = ORIENTED_EDGE('',*,*,#4082,.F.);
#4102 = ORIENTED_EDGE('',*,*,#3926,.T.);
#4103 = ORIENTED_EDGE('',*,*,#4104,.T.);
#4104 = EDGE_CURVE('',#3918,#4096,#4105,.T.);
#4105 = B_SPLINE_CURVE_WITH_KNOTS('',1,(#4106,#4107),.UNSPECIFIED.,.F.,
  .F.,(2,2),(-0.,1.E-03),.PIECEWISE_BEZIER_KNOTS.);
#4106 = CARTESIAN_POINT('',(-0.23783825886,0.3729739774,0.430382663625)
  );
#4107 = CARTESIAN_POINT('',(-0.23783825886,0.371977782702,0.430295507882
    ));
#4108 = B_SPLINE_SURFACE_WITH_KNOTS('',1,1,(
    (#4109,#4110)
    ,(#4111,#4112
    )),.UNSPECIFIED.,.F.,.F.,.F.,(2,2),(2,2),(-2.689165823509E-02,
    8.215691010979E-05),(-3.213449154627E-03,0.),
  .PIECEWISE_BEZIER_KNOTS.);
#4109 = CARTESIAN_POINT('',(-0.237810835094,0.371977782702,
    0.430372952668));
#4110 = CARTESIAN_POINT('',(-0.237899258896,0.375189862447,
    0.430404264184));
#4111 = CARTESIAN_POINT('',(-0.246814625446,0.371977782702,
    0.404946225337));
#4112 = CARTESIAN_POINT('',(-0.246903049248,0.375189862447,
    0.404977536853));
#4113 = ADVANCED_FACE('',(#4114),#4132,.T.);
#4114 = FACE_BOUND('',#4115,.T.);
#4115 = EDGE_LOOP('',(#4116,#4125,#4126,#4127));
#4116 = ORIENTED_EDGE('',*,*,#4117,.F.);
#4117 = EDGE_CURVE('',#4096,#4118,#4120,.T.);
#4118 = VERTEX_POINT('',#4119);
#4119 = CARTESIAN_POINT('',(-0.236917212044,0.371604752209,
    0.434559265926));
#4120 = B_SPLINE_CURVE_WITH_KNOTS('',3,(#4121,#4122,#4123,#4124),
  .UNSPECIFIED.,.F.,.F.,(4,4),(1.,2.),.PIECEWISE_BEZIER_KNOTS.);
#4121 = CARTESIAN_POINT('',(-0.23783825886,0.371977782702,0.430295507882
    ));
#4122 = CARTESIAN_POINT('',(-0.237547908367,0.371904198471,
    0.431136579488));
#4123 = CARTESIAN_POINT('',(-0.237245943937,0.371781670559,
    0.432537079934));
#4124 = CARTESIAN_POINT('',(-0.236917212044,0.371604752209,
    0.434559265926));
#4125 = ORIENTED_EDGE('',*,*,#4104,.F.);
#4126 = ORIENTED_EDGE('',*,*,#3917,.T.);
#4127 = ORIENTED_EDGE('',*,*,#4128,.T.);
#4128 = EDGE_CURVE('',#3911,#4118,#4129,.T.);
#4129 = B_SPLINE_CURVE_WITH_KNOTS('',1,(#4130,#4131),.UNSPECIFIED.,.F.,
  .F.,(2,2),(-0.,1.E-03),.PIECEWISE_BEZIER_KNOTS.);
#4130 = CARTESIAN_POINT('',(-0.236917212044,0.372600946907,
    0.434646421669));
#4131 = CARTESIAN_POINT('',(-0.236917212044,0.371604752209,
    0.434559265926));
#4132 = B_SPLINE_SURFACE_WITH_KNOTS('',3,1,(
    (#4133,#4134)
    ,(#4135,#4136)
    ,(#4137,#4138)
    ,(#4139,#4140
    )),.UNSPECIFIED.,.F.,.F.,.F.,(4,4),(2,2),(1.,2.),(0.,1.),
  .PIECEWISE_BEZIER_KNOTS.);
#4133 = CARTESIAN_POINT('',(-0.23783825886,0.3729739774,0.430382663625)
  );
#4134 = CARTESIAN_POINT('',(-0.23783825886,0.371977782702,0.430295507882
    ));
#4135 = CARTESIAN_POINT('',(-0.237547908367,0.372900393169,
    0.431223735231));
#4136 = CARTESIAN_POINT('',(-0.237547908367,0.371904198471,
    0.431136579488));
#4137 = CARTESIAN_POINT('',(-0.237245943937,0.372777865257,
    0.432624235677));
#4138 = CARTESIAN_POINT('',(-0.237245943937,0.371781670559,
    0.432537079934));
#4139 = CARTESIAN_POINT('',(-0.236917212044,0.372600946907,
    0.434646421669));
#4140 = CARTESIAN_POINT('',(-0.236917212044,0.371604752209,
    0.434559265926));
#4141 = ADVANCED_FACE('',(#4142),#4158,.T.);
#4142 = FACE_BOUND('',#4143,.T.);
#4143 = EDGE_LOOP('',(#4144,#4151,#4152,#4153));
#4144 = ORIENTED_EDGE('',*,*,#4145,.F.);
#4145 = EDGE_CURVE('',#4118,#4146,#4148,.T.);
#4146 = VERTEX_POINT('',#4147);
#4147 = CARTESIAN_POINT('',(-0.236730060327,0.371604636523,
    0.434560588222));
#4148 = B_SPLINE_CURVE_WITH_KNOTS('',1,(#4149,#4150),.UNSPECIFIED.,.F.,
  .F.,(2,2),(-2.814707443357E-17,1.871564247238E-04),
  .PIECEWISE_BEZIER_KNOTS.);
#4149 = CARTESIAN_POINT('',(-0.236917212044,0.371604752209,
    0.434559265926));
#4150 = CARTESIAN_POINT('',(-0.236730060327,0.371604636523,
    0.434560588222));
#4151 = ORIENTED_EDGE('',*,*,#4128,.F.);
#4152 = ORIENTED_EDGE('',*,*,#3910,.T.);
#4153 = ORIENTED_EDGE('',*,*,#4154,.T.);
#4154 = EDGE_CURVE('',#3902,#4146,#4155,.T.);
#4155 = B_SPLINE_CURVE_WITH_KNOTS('',1,(#4156,#4157),.UNSPECIFIED.,.F.,
  .F.,(2,2),(-0.,1.E-03),.PIECEWISE_BEZIER_KNOTS.);
#4156 = CARTESIAN_POINT('',(-0.236730060327,0.372600831221,
    0.434647743965));
#4157 = CARTESIAN_POINT('',(-0.236730060327,0.371604636523,
    0.434560588222));
#4158 = B_SPLINE_SURFACE_WITH_KNOTS('',1,1,(
    (#4159,#4160)
    ,(#4161,#4162
    )),.UNSPECIFIED.,.F.,.F.,.F.,(2,2),(2,2),(-1.E-03,4.246584892701E-18
    ),(-2.814707443357E-17,1.871564247238E-04),
  .PIECEWISE_BEZIER_KNOTS.);
#4159 = CARTESIAN_POINT('',(-0.236917212044,0.371604752209,
    0.434559265926));
#4160 = CARTESIAN_POINT('',(-0.236730060327,0.371604636523,
    0.434560588222));
#4161 = CARTESIAN_POINT('',(-0.236917212044,0.372600946907,
    0.434646421669));
#4162 = CARTESIAN_POINT('',(-0.236730060327,0.372600831221,
    0.434647743965));
#4163 = ADVANCED_FACE('',(#4164),#4182,.T.);
#4164 = FACE_BOUND('',#4165,.T.);
#4165 = EDGE_LOOP('',(#4166,#4175,#4176,#4177));
#4166 = ORIENTED_EDGE('',*,*,#4167,.F.);
#4167 = EDGE_CURVE('',#4146,#4168,#4170,.T.);
#4168 = VERTEX_POINT('',#4169);
#4169 = CARTESIAN_POINT('',(-0.235701610079,0.371976461955,
    0.430310604093));
#4170 = B_SPLINE_CURVE_WITH_KNOTS('',3,(#4171,#4172,#4173,#4174),
  .UNSPECIFIED.,.F.,.F.,(4,4),(3.,4.),.PIECEWISE_BEZIER_KNOTS.);
#4171 = CARTESIAN_POINT('',(-0.236730060327,0.371604636523,
    0.434560588222));
#4172 = CARTESIAN_POINT('',(-0.23642068453,0.371764848266,0.432729359623
    ));
#4173 = CARTESIAN_POINT('',(-0.236082992698,0.371889699476,
    0.431302303764));
#4174 = CARTESIAN_POINT('',(-0.235701610079,0.371976461955,
    0.430310604093));
#4175 = ORIENTED_EDGE('',*,*,#4154,.F.);
#4176 = ORIENTED_EDGE('',*,*,#3901,.T.);
#4177 = ORIENTED_EDGE('',*,*,#4178,.T.);
#4178 = EDGE_CURVE('',#3895,#4168,#4179,.T.);
#4179 = B_SPLINE_CURVE_WITH_KNOTS('',1,(#4180,#4181),.UNSPECIFIED.,.F.,
  .F.,(2,2),(5.529991454155E-17,1.E-03),.PIECEWISE_BEZIER_KNOTS.);
#4180 = CARTESIAN_POINT('',(-0.235701610079,0.372972656653,
    0.430397759835));
#4181 = CARTESIAN_POINT('',(-0.235701610079,0.371976461955,
    0.430310604093));
#4182 = B_SPLINE_SURFACE_WITH_KNOTS('',3,1,(
    (#4183,#4184)
    ,(#4185,#4186)
    ,(#4187,#4188)
    ,(#4189,#4190
    )),.UNSPECIFIED.,.F.,.F.,.F.,(4,4),(2,2),(3.,4.),(0.,1.),
  .PIECEWISE_BEZIER_KNOTS.);
#4183 = CARTESIAN_POINT('',(-0.236730060327,0.372600831221,
    0.434647743965));
#4184 = CARTESIAN_POINT('',(-0.236730060327,0.371604636523,
    0.434560588222));
#4185 = CARTESIAN_POINT('',(-0.23642068453,0.372761042964,0.432816515366
    ));
#4186 = CARTESIAN_POINT('',(-0.23642068453,0.371764848266,0.432729359623
    ));
#4187 = CARTESIAN_POINT('',(-0.236082992698,0.372885894174,
    0.431389459506));
#4188 = CARTESIAN_POINT('',(-0.236082992698,0.371889699476,
    0.431302303764));
#4189 = CARTESIAN_POINT('',(-0.235701610079,0.372972656653,
    0.430397759835));
#4190 = CARTESIAN_POINT('',(-0.235701610079,0.371976461955,
    0.430310604093));
#4191 = ADVANCED_FACE('',(#4192),#4202,.T.);
#4192 = FACE_BOUND('',#4193,.T.);
#4193 = EDGE_LOOP('',(#4194,#4199,#4200,#4201));
#4194 = ORIENTED_EDGE('',*,*,#4195,.F.);
#4195 = EDGE_CURVE('',#4168,#4068,#4196,.T.);
#4196 = B_SPLINE_CURVE_WITH_KNOTS('',1,(#4197,#4198),.UNSPECIFIED.,.F.,
  .F.,(2,2),(1.91624456554E-17,2.695105319961E-02),
  .PIECEWISE_BEZIER_KNOTS.);
#4197 = CARTESIAN_POINT('',(-0.235701610079,0.371976461955,
    0.430310604093));
#4198 = CARTESIAN_POINT('',(-0.226398108335,0.374181009785,
    0.405112507087));
#4199 = ORIENTED_EDGE('',*,*,#4178,.F.);
#4200 = ORIENTED_EDGE('',*,*,#3894,.T.);
#4201 = ORIENTED_EDGE('',*,*,#4076,.T.);
#4202 = B_SPLINE_SURFACE_WITH_KNOTS('',1,1,(
    (#4203,#4204)
    ,(#4205,#4206
    )),.UNSPECIFIED.,.F.,.F.,.F.,(2,2),(2,2),(-2.69424911323E-02,
    1.407456867175E-17),(-9.966458705793E-04,2.205546260141E-03),
  .PIECEWISE_BEZIER_KNOTS.);
#4203 = CARTESIAN_POINT('',(-0.226460413967,0.371976461955,
    0.405089677689));
#4204 = CARTESIAN_POINT('',(-0.226369953564,0.375177204482,
    0.405122823272));
#4205 = CARTESIAN_POINT('',(-0.235729764851,0.371976461955,0.43038744365
    ));
#4206 = CARTESIAN_POINT('',(-0.235639304448,0.375177204482,
    0.430420589233));
#4207 = ADVANCED_FACE('',(#4208),#4216,.T.);
#4208 = FACE_BOUND('',#4209,.T.);
#4209 = EDGE_LOOP('',(#4210,#4211,#4212,#4213,#4214,#4215));
#4210 = ORIENTED_EDGE('',*,*,#4195,.T.);
#4211 = ORIENTED_EDGE('',*,*,#4067,.T.);
#4212 = ORIENTED_EDGE('',*,*,#4095,.T.);
#4213 = ORIENTED_EDGE('',*,*,#4117,.T.);
#4214 = ORIENTED_EDGE('',*,*,#4145,.T.);
#4215 = ORIENTED_EDGE('',*,*,#4167,.T.);
#4216 = B_SPLINE_SURFACE_WITH_KNOTS('',1,1,(
    (#4217,#4218)
    ,(#4219,#4220
    )),.UNSPECIFIED.,.F.,.F.,.F.,(2,2),(2,2),(0.296094454701,
    0.325800256571),(0.353124374518,0.373601891665),
  .PIECEWISE_BEZIER_KNOTS.);
#4217 = CARTESIAN_POINT('',(-0.246875625482,0.374193667877,
    0.404967825908));
#4218 = CARTESIAN_POINT('',(-0.226398108335,0.374193667877,
    0.404967825908));
#4219 = CARTESIAN_POINT('',(-0.246875625482,0.371604636651,
    0.434560588233));
#4220 = CARTESIAN_POINT('',(-0.226398108335,0.371604636651,
    0.434560588233));
#4221 = ADVANCED_FACE('',(#4222),#4244,.F.);
#4222 = FACE_BOUND('',#4223,.T.);
#4223 = EDGE_LOOP('',(#4224,#4225,#4232,#4239));
#4224 = ORIENTED_EDGE('',*,*,#1131,.T.);
#4225 = ORIENTED_EDGE('',*,*,#4226,.F.);
#4226 = EDGE_CURVE('',#4227,#1134,#4229,.T.);
#4227 = VERTEX_POINT('',#4228);
#4228 = CARTESIAN_POINT('',(-5.13866787001E-02,0.38495419647,
    0.293448133052));
#4229 = B_SPLINE_CURVE_WITH_KNOTS('',1,(#4230,#4231),.UNSPECIFIED.,.F.,
  .F.,(2,2),(-0.,9.999998715906E-04),.PIECEWISE_BEZIER_KNOTS.);
#4230 = CARTESIAN_POINT('',(-5.13866787001E-02,0.38495419647,
    0.293448133052));
#4231 = CARTESIAN_POINT('',(-5.13866787001E-02,0.3839580019,
    0.29336097732));
#4232 = ORIENTED_EDGE('',*,*,#4233,.F.);
#4233 = EDGE_CURVE('',#4234,#4227,#4236,.T.);
#4234 = VERTEX_POINT('',#4235);
#4235 = CARTESIAN_POINT('',(-5.133734564496E-02,0.385560434867,
    0.286518796473));
#4236 = B_SPLINE_CURVE_WITH_KNOTS('',1,(#4237,#4238),.UNSPECIFIED.,.F.,
  .F.,(2,2),(-6.955980460136E-03,0.),.PIECEWISE_BEZIER_KNOTS.);
#4237 = CARTESIAN_POINT('',(-5.133734564496E-02,0.385560434867,
    0.286518796473));
#4238 = CARTESIAN_POINT('',(-5.13866787001E-02,0.38495419647,
    0.293448133052));
#4239 = ORIENTED_EDGE('',*,*,#4240,.T.);
#4240 = EDGE_CURVE('',#4234,#1132,#4241,.T.);
#4241 = B_SPLINE_CURVE_WITH_KNOTS('',1,(#4242,#4243),.UNSPECIFIED.,.F.,
  .F.,(2,2),(-0.,1.E-03),.PIECEWISE_BEZIER_KNOTS.);
#4242 = CARTESIAN_POINT('',(-5.133734564496E-02,0.385560434867,
    0.286518796473));
#4243 = CARTESIAN_POINT('',(-5.133734564496E-02,0.384564240169,
    0.286431640731));
#4244 = B_SPLINE_SURFACE_WITH_KNOTS('',1,1,(
    (#4245,#4246)
    ,(#4247,#4248
    )),.UNSPECIFIED.,.F.,.F.,.F.,(2,2),(2,2),(0.,7.016665745669E-03),(
    -9.961948884035E-04,6.062385121899E-04),.PIECEWISE_BEZIER_KNOTS.);
#4245 = CARTESIAN_POINT('',(-5.138729445678E-02,0.383958001772,
    0.293448128701));
#4246 = CARTESIAN_POINT('',(-5.138630397882E-02,0.385560434867,
    0.293448135699));
#4247 = CARTESIAN_POINT('',(-5.133772036623E-02,0.383958001772,
    0.286431638083));
#4248 = CARTESIAN_POINT('',(-5.133672988827E-02,0.385560434867,
    0.286431645081));
#4249 = ADVANCED_FACE('',(#4250),#4266,.F.);
#4250 = FACE_BOUND('',#4251,.T.);
#4251 = EDGE_LOOP('',(#4252,#4253,#4260,#4265));
#4252 = ORIENTED_EDGE('',*,*,#1210,.T.);
#4253 = ORIENTED_EDGE('',*,*,#4254,.F.);
#4254 = EDGE_CURVE('',#4255,#1204,#4257,.T.);
#4255 = VERTEX_POINT('',#4256);
#4256 = CARTESIAN_POINT('',(-2.644871227816E-02,0.384938781325,
    0.29362432897));
#4257 = B_SPLINE_CURVE_WITH_KNOTS('',1,(#4258,#4259),.UNSPECIFIED.,.F.,
  .F.,(2,2),(-0.,9.999998715905E-04),.PIECEWISE_BEZIER_KNOTS.);
#4258 = CARTESIAN_POINT('',(-2.644871227816E-02,0.384938781325,
    0.29362432897));
#4259 = CARTESIAN_POINT('',(-2.644871227816E-02,0.383942586755,
    0.293537173238));
#4260 = ORIENTED_EDGE('',*,*,#4261,.F.);
#4261 = EDGE_CURVE('',#4227,#4255,#4262,.T.);
#4262 = B_SPLINE_CURVE_WITH_KNOTS('',1,(#4263,#4264),.UNSPECIFIED.,.F.,
  .F.,(2,2),(-2.493859362293E-02,0.),.PIECEWISE_BEZIER_KNOTS.);
#4263 = CARTESIAN_POINT('',(-5.13866787001E-02,0.38495419647,
    0.293448133052));
#4264 = CARTESIAN_POINT('',(-2.644871227816E-02,0.384938781325,
    0.29362432897));
#4265 = ORIENTED_EDGE('',*,*,#4226,.T.);
#4266 = B_SPLINE_SURFACE_WITH_KNOTS('',1,1,(
    (#4267,#4268)
    ,(#4269,#4270
    )),.UNSPECIFIED.,.F.,.F.,.F.,(2,2),(2,2),(-1.E-03,3.628295923713E-17
    ),(-2.493859362293E-02,8.794299965171E-17),
  .PIECEWISE_BEZIER_KNOTS.);
#4267 = CARTESIAN_POINT('',(-5.13866787001E-02,0.383958001772,
    0.293360977309));
#4268 = CARTESIAN_POINT('',(-2.644871227816E-02,0.383942586627,
    0.293537173227));
#4269 = CARTESIAN_POINT('',(-5.13866787001E-02,0.38495419647,
    0.293448133052));
#4270 = CARTESIAN_POINT('',(-2.644871227816E-02,0.384938781325,
    0.29362432897));
#4271 = ADVANCED_FACE('',(#4272),#4288,.F.);
#4272 = FACE_BOUND('',#4273,.T.);
#4273 = EDGE_LOOP('',(#4274,#4275,#4282,#4287));
#4274 = ORIENTED_EDGE('',*,*,#1203,.T.);
#4275 = ORIENTED_EDGE('',*,*,#4276,.F.);
#4276 = EDGE_CURVE('',#4277,#1197,#4279,.T.);
#4277 = VERTEX_POINT('',#4278);
#4278 = CARTESIAN_POINT('',(-2.659427797448E-02,0.383149970272,
    0.314070532865));
#4279 = B_SPLINE_CURVE_WITH_KNOTS('',1,(#4280,#4281),.UNSPECIFIED.,.F.,
  .F.,(2,2),(-0.,9.999998715905E-04),.PIECEWISE_BEZIER_KNOTS.);
#4280 = CARTESIAN_POINT('',(-2.659427797448E-02,0.383149970272,
    0.314070532865));
#4281 = CARTESIAN_POINT('',(-2.659427797448E-02,0.382153775702,
    0.313983377134));
#4282 = ORIENTED_EDGE('',*,*,#4283,.F.);
#4283 = EDGE_CURVE('',#4255,#4277,#4284,.T.);
#4284 = B_SPLINE_CURVE_WITH_KNOTS('',1,(#4285,#4286),.UNSPECIFIED.,.F.,
  .F.,(2,2),(-2.052482126799E-02,0.),.PIECEWISE_BEZIER_KNOTS.);
#4285 = CARTESIAN_POINT('',(-2.644871227816E-02,0.384938781325,
    0.29362432897));
#4286 = CARTESIAN_POINT('',(-2.659427797448E-02,0.383149970272,
    0.314070532865));
#4287 = ORIENTED_EDGE('',*,*,#4254,.T.);
#4288 = B_SPLINE_SURFACE_WITH_KNOTS('',1,1,(
    (#4289,#4290)
    ,(#4291,#4292
    )),.UNSPECIFIED.,.F.,.F.,.F.,(2,2),(2,2),(0.,2.053387561121E-02),(
    -9.961948884035E-04,1.78881139471E-03),.PIECEWISE_BEZIER_KNOTS.);
#4289 = CARTESIAN_POINT('',(-2.659489373117E-02,0.382153775574,
    0.314070528515));
#4290 = CARTESIAN_POINT('',(-2.659317229467E-02,0.384938781325,
    0.314070540677));
#4291 = CARTESIAN_POINT('',(-2.64498179579E-02,0.382153775574,
    0.293537165404));
#4292 = CARTESIAN_POINT('',(-2.64480965214E-02,0.384938781325,
    0.293537177566));
#4293 = ADVANCED_FACE('',(#4294),#4310,.F.);
#4294 = FACE_BOUND('',#4295,.T.);
#4295 = EDGE_LOOP('',(#4296,#4297,#4304,#4309));
#4296 = ORIENTED_EDGE('',*,*,#1196,.T.);
#4297 = ORIENTED_EDGE('',*,*,#4298,.F.);
#4298 = EDGE_CURVE('',#4299,#1190,#4301,.T.);
#4299 = VERTEX_POINT('',#4300);
#4300 = CARTESIAN_POINT('',(-4.841304909664E-02,0.383163457319,
    0.313916375211));
#4301 = B_SPLINE_CURVE_WITH_KNOTS('',1,(#4302,#4303),.UNSPECIFIED.,.F.,
  .F.,(2,2),(-0.,9.999998715905E-04),.PIECEWISE_BEZIER_KNOTS.);
#4302 = CARTESIAN_POINT('',(-4.841304909664E-02,0.383163457319,
    0.313916375211));
#4303 = CARTESIAN_POINT('',(-4.841304909664E-02,0.382167262749,
    0.313829219479));
#4304 = ORIENTED_EDGE('',*,*,#4305,.F.);
#4305 = EDGE_CURVE('',#4277,#4299,#4306,.T.);
#4306 = B_SPLINE_CURVE_WITH_KNOTS('',1,(#4307,#4308),.UNSPECIFIED.,.F.,
  .F.,(2,2),(-2.1819319874E-02,0.),.PIECEWISE_BEZIER_KNOTS.);
#4307 = CARTESIAN_POINT('',(-2.659427797448E-02,0.383149970272,
    0.314070532865));
#4308 = CARTESIAN_POINT('',(-4.841304909664E-02,0.383163457319,
    0.313916375211));
#4309 = ORIENTED_EDGE('',*,*,#4276,.T.);
#4310 = B_SPLINE_SURFACE_WITH_KNOTS('',1,1,(
    (#4311,#4312)
    ,(#4313,#4314)),.UNSPECIFIED.,.F.,.F.,.F.,(2,2),(2,2),(-0.,1.E-03),(
    -4.736183678564E-17,2.1819319874E-02),.PIECEWISE_BEZIER_KNOTS.);
#4311 = CARTESIAN_POINT('',(-4.841304909664E-02,0.383163457319,
    0.313916375211));
#4312 = CARTESIAN_POINT('',(-2.659427797448E-02,0.383149970272,
    0.314070532865));
#4313 = CARTESIAN_POINT('',(-4.841304909664E-02,0.382167262621,
    0.313829219468));
#4314 = CARTESIAN_POINT('',(-2.659427797448E-02,0.382153775574,
    0.313983377122));
#4315 = ADVANCED_FACE('',(#4316),#4332,.F.);
#4316 = FACE_BOUND('',#4317,.T.);
#4317 = EDGE_LOOP('',(#4318,#4319,#4326,#4331));
#4318 = ORIENTED_EDGE('',*,*,#1189,.T.);
#4319 = ORIENTED_EDGE('',*,*,#4320,.F.);
#4320 = EDGE_CURVE('',#4321,#1183,#4323,.T.);
#4321 = VERTEX_POINT('',#4322);
#4322 = CARTESIAN_POINT('',(-4.846260337623E-02,0.382554500365,
    0.320876785047));
#4323 = B_SPLINE_CURVE_WITH_KNOTS('',1,(#4324,#4325),.UNSPECIFIED.,.F.,
  .F.,(2,2),(-0.,9.999998715905E-04),.PIECEWISE_BEZIER_KNOTS.);
#4324 = CARTESIAN_POINT('',(-4.846260337623E-02,0.382554500365,
    0.320876785047));
#4325 = CARTESIAN_POINT('',(-4.846260337623E-02,0.381558305795,
    0.320789629316));
#4326 = ORIENTED_EDGE('',*,*,#4327,.F.);
#4327 = EDGE_CURVE('',#4299,#4321,#4328,.T.);
#4328 = B_SPLINE_CURVE_WITH_KNOTS('',1,(#4329,#4330),.UNSPECIFIED.,.F.,
  .F.,(2,2),(-6.987173197589E-03,0.),.PIECEWISE_BEZIER_KNOTS.);
#4329 = CARTESIAN_POINT('',(-4.841304909664E-02,0.383163457319,
    0.313916375211));
#4330 = CARTESIAN_POINT('',(-4.846260337623E-02,0.382554500365,
    0.320876785047));
#4331 = ORIENTED_EDGE('',*,*,#4298,.T.);
#4332 = B_SPLINE_SURFACE_WITH_KNOTS('',1,1,(
    (#4333,#4334)
    ,(#4335,#4336
    )),.UNSPECIFIED.,.F.,.F.,.F.,(2,2),(2,2),(0.,7.047739802467E-03),(
    -9.961948884035E-04,6.089570705373E-04),.PIECEWISE_BEZIER_KNOTS.);
#4333 = CARTESIAN_POINT('',(-4.846321913292E-02,0.381558305667,
    0.320876780697));
#4334 = CARTESIAN_POINT('',(-4.84622269746E-02,0.383163457319,
    0.320876787707));
#4335 = CARTESIAN_POINT('',(-4.84134254982E-02,0.381558305667,
    0.313829216797));
#4336 = CARTESIAN_POINT('',(-4.841243333987E-02,0.383163457319,
    0.313829223807));
#4337 = ADVANCED_FACE('',(#4338),#4354,.F.);
#4338 = FACE_BOUND('',#4339,.T.);
#4339 = EDGE_LOOP('',(#4340,#4341,#4348,#4353));
#4340 = ORIENTED_EDGE('',*,*,#1182,.T.);
#4341 = ORIENTED_EDGE('',*,*,#4342,.F.);
#4342 = EDGE_CURVE('',#4343,#1176,#4345,.T.);
#4343 = VERTEX_POINT('',#4344);
#4344 = CARTESIAN_POINT('',(-2.664383225408E-02,0.382541013318,
    0.321030942702));
#4345 = B_SPLINE_CURVE_WITH_KNOTS('',1,(#4346,#4347),.UNSPECIFIED.,.F.,
  .F.,(2,2),(-0.,9.999998715905E-04),.PIECEWISE_BEZIER_KNOTS.);
#4346 = CARTESIAN_POINT('',(-2.664383225408E-02,0.382541013318,
    0.321030942702));
#4347 = CARTESIAN_POINT('',(-2.664383225408E-02,0.381544818748,
    0.32094378697));
#4348 = ORIENTED_EDGE('',*,*,#4349,.F.);
#4349 = EDGE_CURVE('',#4321,#4343,#4350,.T.);
#4350 = B_SPLINE_CURVE_WITH_KNOTS('',1,(#4351,#4352),.UNSPECIFIED.,.F.,
  .F.,(2,2),(-2.1819319874E-02,0.),.PIECEWISE_BEZIER_KNOTS.);
#4351 = CARTESIAN_POINT('',(-4.846260337623E-02,0.382554500365,
    0.320876785047));
#4352 = CARTESIAN_POINT('',(-2.664383225408E-02,0.382541013318,
    0.321030942702));
#4353 = ORIENTED_EDGE('',*,*,#4320,.T.);
#4354 = B_SPLINE_SURFACE_WITH_KNOTS('',1,1,(
    (#4355,#4356)
    ,(#4357,#4358
    )),.UNSPECIFIED.,.F.,.F.,.F.,(2,2),(2,2),(-1.E-03,1.433063388687E-17
    ),(-2.1819319874E-02,0.),.PIECEWISE_BEZIER_KNOTS.);
#4355 = CARTESIAN_POINT('',(-4.846260337623E-02,0.381558305667,
    0.320789629305));
#4356 = CARTESIAN_POINT('',(-2.664383225408E-02,0.38154481862,
    0.320943786959));
#4357 = CARTESIAN_POINT('',(-4.846260337623E-02,0.382554500365,
    0.320876785047));
#4358 = CARTESIAN_POINT('',(-2.664383225408E-02,0.382541013318,
    0.321030942702));
#4359 = ADVANCED_FACE('',(#4360),#4376,.F.);
#4360 = FACE_BOUND('',#4361,.T.);
#4361 = EDGE_LOOP('',(#4362,#4363,#4370,#4375));
#4362 = ORIENTED_EDGE('',*,*,#1175,.T.);
#4363 = ORIENTED_EDGE('',*,*,#4364,.F.);
#4364 = EDGE_CURVE('',#4365,#1169,#4367,.T.);
#4365 = VERTEX_POINT('',#4366);
#4366 = CARTESIAN_POINT('',(-2.67823187676E-02,0.380839196116,
    0.340482802335));
#4367 = B_SPLINE_CURVE_WITH_KNOTS('',1,(#4368,#4369),.UNSPECIFIED.,.F.,
  .F.,(2,2),(-0.,9.999998715906E-04),.PIECEWISE_BEZIER_KNOTS.);
#4368 = CARTESIAN_POINT('',(-2.67823187676E-02,0.380839196116,
    0.340482802335));
#4369 = CARTESIAN_POINT('',(-2.67823187676E-02,0.379843001545,
    0.340395646603));
#4370 = ORIENTED_EDGE('',*,*,#4371,.F.);
#4371 = EDGE_CURVE('',#4343,#4365,#4372,.T.);
#4372 = B_SPLINE_CURVE_WITH_KNOTS('',1,(#4373,#4374),.UNSPECIFIED.,.F.,
  .F.,(2,2),(-1.952665366864E-02,0.),.PIECEWISE_BEZIER_KNOTS.);
#4373 = CARTESIAN_POINT('',(-2.664383225408E-02,0.382541013318,
    0.321030942702));
#4374 = CARTESIAN_POINT('',(-2.67823187676E-02,0.380839196116,
    0.340482802335));
#4375 = ORIENTED_EDGE('',*,*,#4342,.T.);
#4376 = B_SPLINE_SURFACE_WITH_KNOTS('',1,1,(
    (#4377,#4378)
    ,(#4379,#4380
    )),.UNSPECIFIED.,.F.,.F.,.F.,(2,2),(2,2),(0.,1.953950615096E-02),(
    -9.961948884035E-04,1.701817527516E-03),.PIECEWISE_BEZIER_KNOTS.);
#4377 = CARTESIAN_POINT('',(-2.678293452428E-02,0.379843001417,
    0.340482797984));
#4378 = CARTESIAN_POINT('',(-2.678126685945E-02,0.382541013318,
    0.340482809767));
#4379 = CARTESIAN_POINT('',(-2.664488416215E-02,0.379843001417,
    0.320943779516));
#4380 = CARTESIAN_POINT('',(-2.664321649731E-02,0.382541013318,
    0.320943791298));
#4381 = ADVANCED_FACE('',(#4382),#4398,.F.);
#4382 = FACE_BOUND('',#4383,.T.);
#4383 = EDGE_LOOP('',(#4384,#4385,#4392,#4397));
#4384 = ORIENTED_EDGE('',*,*,#1168,.T.);
#4385 = ORIENTED_EDGE('',*,*,#4386,.F.);
#4386 = EDGE_CURVE('',#4387,#1162,#4389,.T.);
#4387 = VERTEX_POINT('',#4388);
#4388 = CARTESIAN_POINT('',(-5.033224328104E-02,0.380853753257,
    0.340316413444));
#4389 = B_SPLINE_CURVE_WITH_KNOTS('',1,(#4390,#4391),.UNSPECIFIED.,.F.,
  .F.,(2,2),(-0.,9.999998715905E-04),.PIECEWISE_BEZIER_KNOTS.);
#4390 = CARTESIAN_POINT('',(-5.033224328104E-02,0.380853753257,
    0.340316413444));
#4391 = CARTESIAN_POINT('',(-5.033224328104E-02,0.379857558687,
    0.340229257713));
#4392 = ORIENTED_EDGE('',*,*,#4393,.F.);
#4393 = EDGE_CURVE('',#4365,#4387,#4394,.T.);
#4394 = B_SPLINE_CURVE_WITH_KNOTS('',1,(#4395,#4396),.UNSPECIFIED.,.F.,
  .F.,(2,2),(-2.355051680456E-02,0.),.PIECEWISE_BEZIER_KNOTS.);
#4395 = CARTESIAN_POINT('',(-2.67823187676E-02,0.380839196116,
    0.340482802335));
#4396 = CARTESIAN_POINT('',(-5.033224328104E-02,0.380853753257,
    0.340316413444));
#4397 = ORIENTED_EDGE('',*,*,#4364,.T.);
#4398 = B_SPLINE_SURFACE_WITH_KNOTS('',1,1,(
    (#4399,#4400)
    ,(#4401,#4402
    )),.UNSPECIFIED.,.F.,.F.,.F.,(2,2),(2,2),(-9.004296976394E-17,1.E-03
    ),(-1.270249027461E-17,2.355051680456E-02),
  .PIECEWISE_BEZIER_KNOTS.);
#4399 = CARTESIAN_POINT('',(-5.033224328104E-02,0.380853753257,
    0.340316413444));
#4400 = CARTESIAN_POINT('',(-2.67823187676E-02,0.380839196116,
    0.340482802335));
#4401 = CARTESIAN_POINT('',(-5.033224328104E-02,0.379857558559,
    0.340229257702));
#4402 = CARTESIAN_POINT('',(-2.67823187676E-02,0.379843001417,
    0.340395646592));
#4403 = ADVANCED_FACE('',(#4404),#4420,.F.);
#4404 = FACE_BOUND('',#4405,.T.);
#4405 = EDGE_LOOP('',(#4406,#4407,#4414,#4419));
#4406 = ORIENTED_EDGE('',*,*,#1161,.T.);
#4407 = ORIENTED_EDGE('',*,*,#4408,.F.);
#4408 = EDGE_CURVE('',#4409,#1155,#4411,.T.);
#4409 = VERTEX_POINT('',#4410);
#4410 = CARTESIAN_POINT('',(-5.03820187851E-02,0.380242077745,
    0.347307896539));
#4411 = B_SPLINE_CURVE_WITH_KNOTS('',1,(#4412,#4413),.UNSPECIFIED.,.F.,
  .F.,(2,2),(-0.,9.999998715906E-04),.PIECEWISE_BEZIER_KNOTS.);
#4412 = CARTESIAN_POINT('',(-5.03820187851E-02,0.380242077745,
    0.347307896539));
#4413 = CARTESIAN_POINT('',(-5.03820187851E-02,0.379245883175,
    0.347220740808));
#4414 = ORIENTED_EDGE('',*,*,#4415,.F.);
#4415 = EDGE_CURVE('',#4387,#4409,#4416,.T.);
#4416 = B_SPLINE_CURVE_WITH_KNOTS('',1,(#4417,#4418),.UNSPECIFIED.,.F.,
  .F.,(2,2),(-7.018365935043E-03,0.),.PIECEWISE_BEZIER_KNOTS.);
#4417 = CARTESIAN_POINT('',(-5.033224328104E-02,0.380853753257,
    0.340316413444));
#4418 = CARTESIAN_POINT('',(-5.03820187851E-02,0.380242077745,
    0.347307896539));
#4419 = ORIENTED_EDGE('',*,*,#4386,.T.);
#4420 = B_SPLINE_SURFACE_WITH_KNOTS('',1,1,(
    (#4421,#4422)
    ,(#4423,#4424
    )),.UNSPECIFIED.,.F.,.F.,.F.,(2,2),(2,2),(0.,7.078813848073E-03),(
    -9.961948884035E-04,6.116756288848E-04),.PIECEWISE_BEZIER_KNOTS.);
#4421 = CARTESIAN_POINT('',(-5.038263454179E-02,0.379245883047,
    0.347307892189));
#4422 = CARTESIAN_POINT('',(-5.03816407031E-02,0.380853753257,
    0.34730789921));
#4423 = CARTESIAN_POINT('',(-5.033262136296E-02,0.379245883047,
    0.340229255019));
#4424 = CARTESIAN_POINT('',(-5.033162752428E-02,0.380853753257,
    0.340229262041));
#4425 = ADVANCED_FACE('',(#4426),#4442,.F.);
#4426 = FACE_BOUND('',#4427,.T.);
#4427 = EDGE_LOOP('',(#4428,#4429,#4436,#4441));
#4428 = ORIENTED_EDGE('',*,*,#1154,.T.);
#4429 = ORIENTED_EDGE('',*,*,#4430,.F.);
#4430 = EDGE_CURVE('',#4431,#1148,#4433,.T.);
#4431 = VERTEX_POINT('',#4432);
#4432 = CARTESIAN_POINT('',(-1.895612613971E-02,0.380222652155,
    0.347529932046));
#4433 = B_SPLINE_CURVE_WITH_KNOTS('',1,(#4434,#4435),.UNSPECIFIED.,.F.,
  .F.,(2,2),(-0.,9.999998715905E-04),.PIECEWISE_BEZIER_KNOTS.);
#4434 = CARTESIAN_POINT('',(-1.895612613971E-02,0.380222652155,
    0.347529932046));
#4435 = CARTESIAN_POINT('',(-1.895612613971E-02,0.379226457585,
    0.347442776314));
#4436 = ORIENTED_EDGE('',*,*,#4437,.F.);
#4437 = EDGE_CURVE('',#4409,#4431,#4438,.T.);
#4438 = B_SPLINE_CURVE_WITH_KNOTS('',1,(#4439,#4440),.UNSPECIFIED.,.F.,
  .F.,(2,2),(-3.142668302063E-02,0.),.PIECEWISE_BEZIER_KNOTS.);
#4439 = CARTESIAN_POINT('',(-5.03820187851E-02,0.380242077745,
    0.347307896539));
#4440 = CARTESIAN_POINT('',(-1.895612613971E-02,0.380222652155,
    0.347529932046));
#4441 = ORIENTED_EDGE('',*,*,#4408,.T.);
#4442 = B_SPLINE_SURFACE_WITH_KNOTS('',1,1,(
    (#4443,#4444)
    ,(#4445,#4446
    )),.UNSPECIFIED.,.F.,.F.,.F.,(2,2),(2,2),(-1.E-03,4.685694920818E-17
    ),(-3.142668302063E-02,1.382509946786E-17),
  .PIECEWISE_BEZIER_KNOTS.);
#4443 = CARTESIAN_POINT('',(-5.03820187851E-02,0.379245883047,
    0.347220740796));
#4444 = CARTESIAN_POINT('',(-1.895612613971E-02,0.379226457457,
    0.347442776303));
#4445 = CARTESIAN_POINT('',(-5.03820187851E-02,0.380242077745,
    0.347307896539));
#4446 = CARTESIAN_POINT('',(-1.895612613971E-02,0.380222652155,
    0.347529932046));
#4447 = ADVANCED_FACE('',(#4448),#4464,.F.);
#4448 = FACE_BOUND('',#4449,.T.);
#4449 = EDGE_LOOP('',(#4450,#4451,#4458,#4463));
#4450 = ORIENTED_EDGE('',*,*,#1147,.T.);
#4451 = ORIENTED_EDGE('',*,*,#4452,.F.);
#4452 = EDGE_CURVE('',#4453,#1141,#4455,.T.);
#4453 = VERTEX_POINT('',#4454);
#4454 = CARTESIAN_POINT('',(-1.852341109108E-02,0.385540151273,
    0.286750639007));
#4455 = B_SPLINE_CURVE_WITH_KNOTS('',1,(#4456,#4457),.UNSPECIFIED.,.F.,
  .F.,(2,2),(-0.,9.999998715905E-04),.PIECEWISE_BEZIER_KNOTS.);
#4456 = CARTESIAN_POINT('',(-1.852341109108E-02,0.385540151273,
    0.286750639007));
#4457 = CARTESIAN_POINT('',(-1.852341109108E-02,0.384543956703,
    0.286663483276));
#4458 = ORIENTED_EDGE('',*,*,#4459,.F.);
#4459 = EDGE_CURVE('',#4431,#4453,#4460,.T.);
#4460 = B_SPLINE_CURVE_WITH_KNOTS('',1,(#4461,#4462),.UNSPECIFIED.,.F.,
  .F.,(2,2),(-6.10129945294E-02,0.),.PIECEWISE_BEZIER_KNOTS.);
#4461 = CARTESIAN_POINT('',(-1.895612613971E-02,0.380222652155,
    0.347529932046));
#4462 = CARTESIAN_POINT('',(-1.852341109108E-02,0.385540151273,
    0.286750639007));
#4463 = ORIENTED_EDGE('',*,*,#4430,.T.);
#4464 = B_SPLINE_SURFACE_WITH_KNOTS('',1,1,(
    (#4465,#4466)
    ,(#4467,#4468
    )),.UNSPECIFIED.,.F.,.F.,.F.,(2,2),(2,2),(-8.71535674466E-05,
    6.078083327638E-02),(-6.313695022242E-03,0.),
  .PIECEWISE_BEZIER_KNOTS.);
#4465 = CARTESIAN_POINT('',(-1.852669788395E-02,0.379226457457,
    0.286663460042));
#4466 = CARTESIAN_POINT('',(-1.852279533439E-02,0.385540151273,
    0.286663487615));
#4467 = CARTESIAN_POINT('',(-1.895674189639E-02,0.379226457457,
    0.347529927695));
#4468 = CARTESIAN_POINT('',(-1.895283934684E-02,0.385540151273,
    0.347529955268));
#4469 = ADVANCED_FACE('',(#4470),#4480,.F.);
#4470 = FACE_BOUND('',#4471,.T.);
#4471 = EDGE_LOOP('',(#4472,#4473,#4474,#4479));
#4472 = ORIENTED_EDGE('',*,*,#1140,.T.);
#4473 = ORIENTED_EDGE('',*,*,#4240,.F.);
#4474 = ORIENTED_EDGE('',*,*,#4475,.F.);
#4475 = EDGE_CURVE('',#4453,#4234,#4476,.T.);
#4476 = B_SPLINE_CURVE_WITH_KNOTS('',1,(#4477,#4478),.UNSPECIFIED.,.F.,
  .F.,(2,2),(-3.2814759839E-02,0.),.PIECEWISE_BEZIER_KNOTS.);
#4477 = CARTESIAN_POINT('',(-1.852341109108E-02,0.385540151273,
    0.286750639007));
#4478 = CARTESIAN_POINT('',(-5.133734564496E-02,0.385560434867,
    0.286518796473));
#4479 = ORIENTED_EDGE('',*,*,#4452,.T.);
#4480 = B_SPLINE_SURFACE_WITH_KNOTS('',1,1,(
    (#4481,#4482)
    ,(#4483,#4484
    )),.UNSPECIFIED.,.F.,.F.,.F.,(2,2),(2,2),(0.,1.E-03),(0.,
    3.2814759839E-02),.PIECEWISE_BEZIER_KNOTS.);
#4481 = CARTESIAN_POINT('',(-5.133734564496E-02,0.385560434867,
    0.286518796473));
#4482 = CARTESIAN_POINT('',(-1.852341109108E-02,0.385540151273,
    0.286750639007));
#4483 = CARTESIAN_POINT('',(-5.133734564496E-02,0.384564240169,
    0.286431640731));
#4484 = CARTESIAN_POINT('',(-1.852341109108E-02,0.384543956575,
    0.286663483264));
#4485 = ADVANCED_FACE('',(#4486),#4500,.F.);
#4486 = FACE_BOUND('',#4487,.T.);
#4487 = EDGE_LOOP('',(#4488,#4489,#4490,#4491,#4492,#4493,#4494,#4495,
    #4496,#4497,#4498,#4499));
#4488 = ORIENTED_EDGE('',*,*,#4233,.T.);
#4489 = ORIENTED_EDGE('',*,*,#4261,.T.);
#4490 = ORIENTED_EDGE('',*,*,#4283,.T.);
#4491 = ORIENTED_EDGE('',*,*,#4305,.T.);
#4492 = ORIENTED_EDGE('',*,*,#4327,.T.);
#4493 = ORIENTED_EDGE('',*,*,#4349,.T.);
#4494 = ORIENTED_EDGE('',*,*,#4371,.T.);
#4495 = ORIENTED_EDGE('',*,*,#4393,.T.);
#4496 = ORIENTED_EDGE('',*,*,#4415,.T.);
#4497 = ORIENTED_EDGE('',*,*,#4437,.T.);
#4498 = ORIENTED_EDGE('',*,*,#4459,.T.);
#4499 = ORIENTED_EDGE('',*,*,#4475,.T.);
#4500 = B_SPLINE_SURFACE_WITH_KNOTS('',1,1,(
    (#4501,#4502)
    ,(#4503,#4504
    )),.UNSPECIFIED.,.F.,.F.,.F.,(2,2),(2,2),(-0.203487371664,
    -0.142243183466),(-5.13866787001E-02,-1.852341109108E-02),
  .PIECEWISE_BEZIER_KNOTS.);
#4501 = CARTESIAN_POINT('',(-5.13866787001E-02,0.380222652155,
    0.347529932046));
#4502 = CARTESIAN_POINT('',(-1.852341109108E-02,0.380222652155,
    0.347529932046));
#4503 = CARTESIAN_POINT('',(-5.13866787001E-02,0.385560434867,
    0.286518796473));
#4504 = CARTESIAN_POINT('',(-1.852341109108E-02,0.385560434867,
    0.286518796473));
#4505 = ADVANCED_FACE('',(#4506,#4622),#4692,.T.);
#4506 = FACE_BOUND('',#4507,.T.);
#4507 = EDGE_LOOP('',(#4508,#4519,#4526,#4535,#4544,#4551,#4560,#4569,
    #4578,#4587,#4594,#4601,#4608,#4615));
#4508 = ORIENTED_EDGE('',*,*,#4509,.T.);
#4509 = EDGE_CURVE('',#4510,#4512,#4514,.T.);
#4510 = VERTEX_POINT('',#4511);
#4511 = CARTESIAN_POINT('',(-7.822901935619E-02,0.381692043123,
    0.330734716434));
#4512 = VERTEX_POINT('',#4513);
#4513 = CARTESIAN_POINT('',(-6.319693078389E-02,0.382036181488,
    0.326801196917));
#4514 = B_SPLINE_CURVE_WITH_KNOTS('',3,(#4515,#4516,#4517,#4518),
  .UNSPECIFIED.,.F.,.F.,(4,4),(0.,1.),.PIECEWISE_BEZIER_KNOTS.);
#4515 = CARTESIAN_POINT('',(-7.822901935619E-02,0.381692043123,
    0.330734716434));
#4516 = CARTESIAN_POINT('',(-7.255208391058E-02,0.381688533984,
    0.330774826074));
#4517 = CARTESIAN_POINT('',(-6.753626280241E-02,0.381802337373,
    0.329474047385));
#4518 = CARTESIAN_POINT('',(-6.319693078389E-02,0.382036181488,
    0.326801196917));
#4519 = ORIENTED_EDGE('',*,*,#4520,.T.);
#4520 = EDGE_CURVE('',#4512,#4521,#4523,.T.);
#4521 = VERTEX_POINT('',#4522);
#4522 = CARTESIAN_POINT('',(-6.314427936181E-02,0.382683198252,
    0.319405761465));
#4523 = B_SPLINE_CURVE_WITH_KNOTS('',1,(#4524,#4525),.UNSPECIFIED.,.F.,
  .F.,(2,2),(-7.423871522777E-03,0.),.PIECEWISE_BEZIER_KNOTS.);
#4524 = CARTESIAN_POINT('',(-6.319693078389E-02,0.382036181488,
    0.326801196917));
#4525 = CARTESIAN_POINT('',(-6.314427936181E-02,0.382683198252,
    0.319405761465));
#4526 = ORIENTED_EDGE('',*,*,#4527,.T.);
#4527 = EDGE_CURVE('',#4521,#4528,#4530,.T.);
#4528 = VERTEX_POINT('',#4529);
#4529 = CARTESIAN_POINT('',(-7.746758076919E-02,0.382232592669,
    0.324556206853));
#4530 = B_SPLINE_CURVE_WITH_KNOTS('',3,(#4531,#4532,#4533,#4534),
  .UNSPECIFIED.,.F.,.F.,(4,4),(12.,13.),.PIECEWISE_BEZIER_KNOTS.);
#4531 = CARTESIAN_POINT('',(-6.314427936181E-02,0.382683198252,
    0.319405761465));
#4532 = CARTESIAN_POINT('',(-6.747354601542E-02,0.382381380551,
    0.322855553579));
#4533 = CARTESIAN_POINT('',(-7.224292864195E-02,0.382229363104,
    0.324593120945));
#4534 = CARTESIAN_POINT('',(-7.746758076919E-02,0.382232592669,
    0.324556206853));
#4535 = ORIENTED_EDGE('',*,*,#4536,.T.);
#4536 = EDGE_CURVE('',#4528,#4537,#4539,.T.);
#4537 = VERTEX_POINT('',#4538);
#4538 = CARTESIAN_POINT('',(-8.621924470136E-02,0.383167795965,
    0.313866784263));
#4539 = B_SPLINE_CURVE_WITH_KNOTS('',3,(#4540,#4541,#4542,#4543),
  .UNSPECIFIED.,.F.,.F.,(4,4),(11.,12.),.PIECEWISE_BEZIER_KNOTS.);
#4540 = CARTESIAN_POINT('',(-7.746758076919E-02,0.382232592669,
    0.324556206853));
#4541 = CARTESIAN_POINT('',(-8.334726390925E-02,0.382236227134,
    0.324514664726));
#4542 = CARTESIAN_POINT('',(-8.62696838788E-02,0.38254796478,
    0.320951487132));
#4543 = CARTESIAN_POINT('',(-8.621924470136E-02,0.383167795965,
    0.313866784263));
#4544 = ORIENTED_EDGE('',*,*,#4545,.T.);
#4545 = EDGE_CURVE('',#4537,#4546,#4548,.T.);
#4546 = VERTEX_POINT('',#4547);
#4547 = CARTESIAN_POINT('',(-7.329294514133E-02,0.383317489993,
    0.312155773699));
#4548 = B_SPLINE_CURVE_WITH_KNOTS('',1,(#4549,#4550),.UNSPECIFIED.,.F.,
  .F.,(2,2),(-1.303990742941E-02,0.),.PIECEWISE_BEZIER_KNOTS.);
#4549 = CARTESIAN_POINT('',(-8.621924470136E-02,0.383167795965,
    0.313866784263));
#4550 = CARTESIAN_POINT('',(-7.329294514133E-02,0.383317489993,
    0.312155773699));
#4551 = ORIENTED_EDGE('',*,*,#4552,.T.);
#4552 = EDGE_CURVE('',#4546,#4553,#4555,.T.);
#4553 = VERTEX_POINT('',#4554);
#4554 = CARTESIAN_POINT('',(-5.873459657193E-02,0.384548215628,
    0.298088515312));
#4555 = B_SPLINE_CURVE_WITH_KNOTS('',3,(#4556,#4557,#4558,#4559),
  .UNSPECIFIED.,.F.,.F.,(4,4),(9.,10.),.PIECEWISE_BEZIER_KNOTS.);
#4556 = CARTESIAN_POINT('',(-7.329294514133E-02,0.383317489993,
    0.312155773699));
#4557 = CARTESIAN_POINT('',(-6.364511901325E-02,0.383428430156,
    0.310887721831));
#4558 = CARTESIAN_POINT('',(-5.879233615664E-02,0.383838672034,
    0.306198635702));
#4559 = CARTESIAN_POINT('',(-5.873459657193E-02,0.384548215628,
    0.298088515312));
#4560 = ORIENTED_EDGE('',*,*,#4561,.T.);
#4561 = EDGE_CURVE('',#4553,#4562,#4564,.T.);
#4562 = VERTEX_POINT('',#4563);
#4563 = CARTESIAN_POINT('',(-6.241192726643E-02,0.385357941022,
    0.28883331171));
#4564 = B_SPLINE_CURVE_WITH_KNOTS('',3,(#4565,#4566,#4567,#4568),
  .UNSPECIFIED.,.F.,.F.,(4,4),(8.,9.),.PIECEWISE_BEZIER_KNOTS.);
#4565 = CARTESIAN_POINT('',(-5.873459657193E-02,0.384548215628,
    0.298088515312));
#4566 = CARTESIAN_POINT('',(-5.870694351412E-02,0.384888035357,
    0.294204358037));
#4567 = CARTESIAN_POINT('',(-5.993272041229E-02,0.385157943822,
    0.291119290169));
#4568 = CARTESIAN_POINT('',(-6.241192726643E-02,0.385357941022,
    0.28883331171));
#4569 = ORIENTED_EDGE('',*,*,#4570,.T.);
#4570 = EDGE_CURVE('',#4562,#4571,#4573,.T.);
#4571 = VERTEX_POINT('',#4572);
#4572 = CARTESIAN_POINT('',(-7.246259339385E-02,0.385663210141,
    0.285344069716));
#4573 = B_SPLINE_CURVE_WITH_KNOTS('',3,(#4574,#4575,#4576,#4577),
  .UNSPECIFIED.,.F.,.F.,(4,4),(7.,8.),.PIECEWISE_BEZIER_KNOTS.);
#4574 = CARTESIAN_POINT('',(-6.241192726643E-02,0.385357941022,
    0.28883331171));
#4575 = CARTESIAN_POINT('',(-6.489113412036E-02,0.385557938222,
    0.28654733325));
#4576 = CARTESIAN_POINT('',(-6.823608376266E-02,0.385660597568,
    0.285373931564));
#4577 = CARTESIAN_POINT('',(-7.246259339385E-02,0.385663210141,
    0.285344069716));
#4578 = ORIENTED_EDGE('',*,*,#4579,.T.);
#4579 = EDGE_CURVE('',#4571,#4580,#4582,.T.);
#4580 = VERTEX_POINT('',#4581);
#4581 = CARTESIAN_POINT('',(-8.58678341681E-02,0.384994541501,
    0.29298698724));
#4582 = B_SPLINE_CURVE_WITH_KNOTS('',3,(#4583,#4584,#4585,#4586),
  .UNSPECIFIED.,.F.,.F.,(4,4),(6.,7.),.PIECEWISE_BEZIER_KNOTS.);
#4583 = CARTESIAN_POINT('',(-7.246259339385E-02,0.385663210141,
    0.285344069716));
#4584 = CARTESIAN_POINT('',(-7.834227653392E-02,0.385666844606,
    0.285302527589));
#4585 = CARTESIAN_POINT('',(-8.282108744313E-02,0.385443961486,
    0.287850093303));
#4586 = CARTESIAN_POINT('',(-8.58678341681E-02,0.384994541501,
    0.29298698724));
#4587 = ORIENTED_EDGE('',*,*,#4588,.T.);
#4588 = EDGE_CURVE('',#4580,#4589,#4591,.T.);
#4589 = VERTEX_POINT('',#4590);
#4590 = CARTESIAN_POINT('',(-8.607058186256E-02,0.384994666828,
    0.292985554752));
#4591 = B_SPLINE_CURVE_WITH_KNOTS('',1,(#4592,#4593),.UNSPECIFIED.,.F.,
  .F.,(2,2),(-2.027527936582E-04,0.),.PIECEWISE_BEZIER_KNOTS.);
#4592 = CARTESIAN_POINT('',(-8.58678341681E-02,0.384994541501,
    0.29298698724));
#4593 = CARTESIAN_POINT('',(-8.607058186256E-02,0.384994666828,
    0.292985554752));
#4594 = ORIENTED_EDGE('',*,*,#4595,.T.);
#4595 = EDGE_CURVE('',#4589,#4596,#4598,.T.);
#4596 = VERTEX_POINT('',#4597);
#4597 = CARTESIAN_POINT('',(-8.602279737867E-02,0.385581875319,
    0.286273730981));
#4598 = B_SPLINE_CURVE_WITH_KNOTS('',1,(#4599,#4600),.UNSPECIFIED.,.F.,
  .F.,(2,2),(-6.737631297541E-03,0.),.PIECEWISE_BEZIER_KNOTS.);
#4599 = CARTESIAN_POINT('',(-8.607058186256E-02,0.384994666828,
    0.292985554752));
#4600 = CARTESIAN_POINT('',(-8.602279737867E-02,0.385581875319,
    0.286273730981));
#4601 = ORIENTED_EDGE('',*,*,#4602,.T.);
#4602 = EDGE_CURVE('',#4596,#4603,#4605,.T.);
#4603 = VERTEX_POINT('',#4604);
#4604 = CARTESIAN_POINT('',(-9.366482586319E-02,0.38558659916,
    0.286219737235));
#4605 = B_SPLINE_CURVE_WITH_KNOTS('',1,(#4606,#4607),.UNSPECIFIED.,.F.,
  .F.,(2,2),(-7.642220684954E-03,0.),.PIECEWISE_BEZIER_KNOTS.);
#4606 = CARTESIAN_POINT('',(-8.602279737867E-02,0.385581875319,
    0.286273730981));
#4607 = CARTESIAN_POINT('',(-9.366482586319E-02,0.38558659916,
    0.286219737235));
#4608 = ORIENTED_EDGE('',*,*,#4609,.T.);
#4609 = EDGE_CURVE('',#4603,#4610,#4612,.T.);
#4610 = VERTEX_POINT('',#4611);
#4611 = CARTESIAN_POINT('',(-9.386370665497E-02,0.38314261567,
    0.314154596357));
#4612 = B_SPLINE_CURVE_WITH_KNOTS('',1,(#4613,#4614),.UNSPECIFIED.,.F.,
  .F.,(2,2),(-2.804227100272E-02,0.),.PIECEWISE_BEZIER_KNOTS.);
#4613 = CARTESIAN_POINT('',(-9.366482586319E-02,0.38558659916,
    0.286219737235));
#4614 = CARTESIAN_POINT('',(-9.386370665497E-02,0.38314261567,
    0.314154596357));
#4615 = ORIENTED_EDGE('',*,*,#4616,.T.);
#4616 = EDGE_CURVE('',#4610,#4510,#4617,.T.);
#4617 = B_SPLINE_CURVE_WITH_KNOTS('',3,(#4618,#4619,#4620,#4621),
  .UNSPECIFIED.,.F.,.F.,(4,4),(1.,2.),.PIECEWISE_BEZIER_KNOTS.);
#4618 = CARTESIAN_POINT('',(-9.386370665497E-02,0.38314261567,
    0.314154596357));
#4619 = CARTESIAN_POINT('',(-9.394202011469E-02,0.382180246197,
    0.32515452976));
#4620 = CARTESIAN_POINT('',(-8.872511153989E-02,0.381698531173,
    0.330660557677));
#4621 = CARTESIAN_POINT('',(-7.822901935619E-02,0.381692043123,
    0.330734716434));
#4622 = FACE_BOUND('',#4623,.T.);
#4623 = EDGE_LOOP('',(#4624,#4635,#4644,#4651,#4658,#4667,#4676,#4685));
#4624 = ORIENTED_EDGE('',*,*,#4625,.F.);
#4625 = EDGE_CURVE('',#4626,#4628,#4630,.T.);
#4626 = VERTEX_POINT('',#4627);
#4627 = CARTESIAN_POINT('',(-6.855685505599E-02,0.384018704324,
    0.30414085722));
#4628 = VERTEX_POINT('',#4629);
#4629 = CARTESIAN_POINT('',(-6.649022138128E-02,0.384498635796,
    0.29865521539));
#4630 = B_SPLINE_CURVE_WITH_KNOTS('',3,(#4631,#4632,#4633,#4634),
  .UNSPECIFIED.,.F.,.F.,(4,4),(1.,2.),.PIECEWISE_BEZIER_KNOTS.);
#4631 = CARTESIAN_POINT('',(-6.855685505599E-02,0.384018704324,
    0.30414085722));
#4632 = CARTESIAN_POINT('',(-6.720630964952E-02,0.38413205467,
    0.302845256829));
#4633 = CARTESIAN_POINT('',(-6.650703444043E-02,0.384292025401,
    0.301016783014));
#4634 = CARTESIAN_POINT('',(-6.649022138128E-02,0.384498635796,
    0.29865521539));
#4635 = ORIENTED_EDGE('',*,*,#4636,.F.);
#4636 = EDGE_CURVE('',#4637,#4626,#4639,.T.);
#4637 = VERTEX_POINT('',#4638);
#4638 = CARTESIAN_POINT('',(-7.596837322017E-02,0.383789477943,
    0.306760926741));
#4639 = B_SPLINE_CURVE_WITH_KNOTS('',3,(#4640,#4641,#4642,#4643),
  .UNSPECIFIED.,.F.,.F.,(4,4),(0.,1.),.PIECEWISE_BEZIER_KNOTS.);
#4640 = CARTESIAN_POINT('',(-7.596837322017E-02,0.383789477943,
    0.306760926741));
#4641 = CARTESIAN_POINT('',(-7.239335501062E-02,0.383830767196,
    0.306288988421));
#4642 = CARTESIAN_POINT('',(-6.992299643873E-02,0.383905363617,
    0.30543634742));
#4643 = CARTESIAN_POINT('',(-6.855685505599E-02,0.384018704324,
    0.30414085722));
#4644 = ORIENTED_EDGE('',*,*,#4645,.F.);
#4645 = EDGE_CURVE('',#4646,#4637,#4648,.T.);
#4646 = VERTEX_POINT('',#4647);
#4647 = CARTESIAN_POINT('',(-8.617787572687E-02,0.383676166279,
    0.308056084979));
#4648 = B_SPLINE_CURVE_WITH_KNOTS('',1,(#4649,#4650),.UNSPECIFIED.,.F.,
  .F.,(2,2),(-1.922156318649E-18,1.029194907832E-02),
  .PIECEWISE_BEZIER_KNOTS.);
#4649 = CARTESIAN_POINT('',(-8.617787572687E-02,0.383676166279,
    0.308056084979));
#4650 = CARTESIAN_POINT('',(-7.596837322017E-02,0.383789477943,
    0.306760926741));
#4651 = ORIENTED_EDGE('',*,*,#4652,.F.);
#4652 = EDGE_CURVE('',#4653,#4646,#4655,.T.);
#4653 = VERTEX_POINT('',#4654);
#4654 = CARTESIAN_POINT('',(-8.61482316489E-02,0.384040453029,
    0.30389226838));
#4655 = B_SPLINE_CURVE_WITH_KNOTS('',1,(#4656,#4657),.UNSPECIFIED.,.F.,
  .F.,(2,2),(0.,4.179826823819E-03),.PIECEWISE_BEZIER_KNOTS.);
#4656 = CARTESIAN_POINT('',(-8.61482316489E-02,0.384040453029,
    0.30389226838));
#4657 = CARTESIAN_POINT('',(-8.617787572687E-02,0.383676166279,
    0.308056084979));
#4658 = ORIENTED_EDGE('',*,*,#4659,.F.);
#4659 = EDGE_CURVE('',#4660,#4653,#4662,.T.);
#4660 = VERTEX_POINT('',#4661);
#4661 = CARTESIAN_POINT('',(-8.281002761229E-02,0.384813217508,
    0.295059529971));
#4662 = B_SPLINE_CURVE_WITH_KNOTS('',3,(#4663,#4664,#4665,#4666),
  .UNSPECIFIED.,.F.,.F.,(4,4),(5.,6.),.PIECEWISE_BEZIER_KNOTS.);
#4663 = CARTESIAN_POINT('',(-8.281002761229E-02,0.384813217508,
    0.295059529971));
#4664 = CARTESIAN_POINT('',(-8.501005615684E-02,0.384610675339,
    0.297374597551));
#4665 = CARTESIAN_POINT('',(-8.612279083571E-02,0.384353087179,
    0.300318843687));
#4666 = CARTESIAN_POINT('',(-8.61482316489E-02,0.384040453029,
    0.30389226838));
#4667 = ORIENTED_EDGE('',*,*,#4668,.F.);
#4668 = EDGE_CURVE('',#4669,#4660,#4671,.T.);
#4669 = VERTEX_POINT('',#4670);
#4670 = CARTESIAN_POINT('',(-7.448774852621E-02,0.385118004359,
    0.291575800317));
#4671 = B_SPLINE_CURVE_WITH_KNOTS('',3,(#4672,#4673,#4674,#4675),
  .UNSPECIFIED.,.F.,.F.,(4,4),(4.,5.),.PIECEWISE_BEZIER_KNOTS.);
#4672 = CARTESIAN_POINT('',(-7.448774852621E-02,0.385118004359,
    0.291575800317));
#4673 = CARTESIAN_POINT('',(-7.784088347341E-02,0.385120077065,
    0.291552109184));
#4674 = CARTESIAN_POINT('',(-8.062537381976E-02,0.385018487875,
    0.29271327894));
#4675 = CARTESIAN_POINT('',(-8.281002761229E-02,0.384813217508,
    0.295059529971));
#4676 = ORIENTED_EDGE('',*,*,#4677,.F.);
#4677 = EDGE_CURVE('',#4678,#4669,#4680,.T.);
#4678 = VERTEX_POINT('',#4679);
#4679 = CARTESIAN_POINT('',(-6.866879045672E-02,0.384943129672,
    0.293574627136));
#4680 = B_SPLINE_CURVE_WITH_KNOTS('',3,(#4681,#4682,#4683,#4684),
  .UNSPECIFIED.,.F.,.F.,(4,4),(3.,4.),.PIECEWISE_BEZIER_KNOTS.);
#4681 = CARTESIAN_POINT('',(-6.866879045672E-02,0.384943129672,
    0.293574627136));
#4682 = CARTESIAN_POINT('',(-7.01255208202E-02,0.385058215307,
    0.292259192308));
#4683 = CARTESIAN_POINT('',(-7.207037216871E-02,0.385116510083,
    0.291592879971));
#4684 = CARTESIAN_POINT('',(-7.448774852621E-02,0.385118004359,
    0.291575800317));
#4685 = ORIENTED_EDGE('',*,*,#4686,.F.);
#4686 = EDGE_CURVE('',#4628,#4678,#4687,.T.);
#4687 = B_SPLINE_CURVE_WITH_KNOTS('',3,(#4688,#4689,#4690,#4691),
  .UNSPECIFIED.,.F.,.F.,(4,4),(2.,3.),.PIECEWISE_BEZIER_KNOTS.);
#4688 = CARTESIAN_POINT('',(-6.649022138128E-02,0.384498635796,
    0.29865521539));
#4689 = CARTESIAN_POINT('',(-6.64753993423E-02,0.38468077917,
    0.296573307091));
#4690 = CARTESIAN_POINT('',(-6.719646411677E-02,0.384828034396,
    0.294890172156));
#4691 = CARTESIAN_POINT('',(-6.866879045672E-02,0.384943129672,
    0.293574627136));
#4692 = B_SPLINE_SURFACE_WITH_KNOTS('',1,1,(
    (#4693,#4694)
    ,(#4695,#4696
    )),.UNSPECIFIED.,.F.,.F.,.F.,(2,2),(2,2),(-4.465270615442E-02,
    9.932891232535E-04),(-2.373064632981E-02,1.150443027076E-02),
  .PIECEWISE_BEZIER_KNOTS.);
#4693 = CARTESIAN_POINT('',(-9.394202011469E-02,0.385666844606,
    0.285302527589));
#4694 = CARTESIAN_POINT('',(-5.870694351412E-02,0.385666844606,
    0.285302527589));
#4695 = CARTESIAN_POINT('',(-9.394202011469E-02,0.381688533984,
    0.330774826074));
#4696 = CARTESIAN_POINT('',(-5.870694351412E-02,0.381688533984,
    0.330774826074));
#4697 = ADVANCED_FACE('',(#4698),#4712,.F.);
#4698 = FACE_BOUND('',#4699,.F.);
#4699 = EDGE_LOOP('',(#4700,#4705,#4706,#4711));
#4700 = ORIENTED_EDGE('',*,*,#4701,.F.);
#4701 = EDGE_CURVE('',#4510,#624,#4702,.T.);
#4702 = B_SPLINE_CURVE_WITH_KNOTS('',1,(#4703,#4704),.UNSPECIFIED.,.F.,
  .F.,(2,2),(-0.,1.E-03),.PIECEWISE_BEZIER_KNOTS.);
#4703 = CARTESIAN_POINT('',(-7.822901935619E-02,0.381692043123,
    0.330734716434));
#4704 = CARTESIAN_POINT('',(-7.822901935619E-02,0.380695848425,
    0.330647560691));
#4705 = ORIENTED_EDGE('',*,*,#4509,.T.);
#4706 = ORIENTED_EDGE('',*,*,#4707,.T.);
#4707 = EDGE_CURVE('',#4512,#615,#4708,.T.);
#4708 = B_SPLINE_CURVE_WITH_KNOTS('',1,(#4709,#4710),.UNSPECIFIED.,.F.,
  .F.,(2,2),(-0.,1.E-03),.PIECEWISE_BEZIER_KNOTS.);
#4709 = CARTESIAN_POINT('',(-6.319693078389E-02,0.382036181488,
    0.326801196917));
#4710 = CARTESIAN_POINT('',(-6.319693078389E-02,0.38103998679,
    0.326714041174));
#4711 = ORIENTED_EDGE('',*,*,#623,.F.);
#4712 = B_SPLINE_SURFACE_WITH_KNOTS('',3,1,(
    (#4713,#4714)
    ,(#4715,#4716)
    ,(#4717,#4718)
    ,(#4719,#4720
    )),.UNSPECIFIED.,.F.,.F.,.F.,(4,4),(2,2),(0.,1.),(0.,1.),
  .PIECEWISE_BEZIER_KNOTS.);
#4713 = CARTESIAN_POINT('',(-7.822901935619E-02,0.381692043123,
    0.330734716434));
#4714 = CARTESIAN_POINT('',(-7.822901935619E-02,0.380695848425,
    0.330647560691));
#4715 = CARTESIAN_POINT('',(-7.255208391058E-02,0.381688533984,
    0.330774826074));
#4716 = CARTESIAN_POINT('',(-7.255208391058E-02,0.380692339286,
    0.330687670331));
#4717 = CARTESIAN_POINT('',(-6.753626280241E-02,0.381802337373,
    0.329474047385));
#4718 = CARTESIAN_POINT('',(-6.753626280241E-02,0.380806142675,
    0.329386891642));
#4719 = CARTESIAN_POINT('',(-6.319693078389E-02,0.382036181488,
    0.326801196917));
#4720 = CARTESIAN_POINT('',(-6.319693078389E-02,0.38103998679,
    0.326714041174));
#4721 = ADVANCED_FACE('',(#4722),#4732,.F.);
#4722 = FACE_BOUND('',#4723,.T.);
#4723 = EDGE_LOOP('',(#4724,#4725,#4730,#4731));
#4724 = ORIENTED_EDGE('',*,*,#614,.T.);
#4725 = ORIENTED_EDGE('',*,*,#4726,.F.);
#4726 = EDGE_CURVE('',#4521,#617,#4727,.T.);
#4727 = B_SPLINE_CURVE_WITH_KNOTS('',1,(#4728,#4729),.UNSPECIFIED.,.F.,
  .F.,(2,2),(-0.,1.E-03),.PIECEWISE_BEZIER_KNOTS.);
#4728 = CARTESIAN_POINT('',(-6.314427936181E-02,0.382683198252,
    0.319405761465));
#4729 = CARTESIAN_POINT('',(-6.314427936181E-02,0.381687003554,
    0.319318605722));
#4730 = ORIENTED_EDGE('',*,*,#4520,.F.);
#4731 = ORIENTED_EDGE('',*,*,#4707,.T.);
#4732 = B_SPLINE_SURFACE_WITH_KNOTS('',1,1,(
    (#4733,#4734)
    ,(#4735,#4736
    )),.UNSPECIFIED.,.F.,.F.,.F.,(2,2),(2,2),(-8.715356744662E-05,
    7.395622863155E-03),(-1.643211775879E-03,0.),
  .PIECEWISE_BEZIER_KNOTS.);
#4733 = CARTESIAN_POINT('',(-6.314467928855E-02,0.38103998679,
    0.319318602896));
#4734 = CARTESIAN_POINT('',(-6.314366360513E-02,0.382683198252,
    0.319318610073));
#4735 = CARTESIAN_POINT('',(-6.319754654057E-02,0.38103998679,
    0.326801192566));
#4736 = CARTESIAN_POINT('',(-6.319653085715E-02,0.382683198252,
    0.326801199742));
#4737 = ADVANCED_FACE('',(#4738),#4748,.F.);
#4738 = FACE_BOUND('',#4739,.F.);
#4739 = EDGE_LOOP('',(#4740,#4741,#4742,#4747));
#4740 = ORIENTED_EDGE('',*,*,#4726,.F.);
#4741 = ORIENTED_EDGE('',*,*,#4527,.T.);
#4742 = ORIENTED_EDGE('',*,*,#4743,.T.);
#4743 = EDGE_CURVE('',#4528,#713,#4744,.T.);
#4744 = B_SPLINE_CURVE_WITH_KNOTS('',1,(#4745,#4746),.UNSPECIFIED.,.F.,
  .F.,(2,2),(-0.,1.E-03),.PIECEWISE_BEZIER_KNOTS.);
#4745 = CARTESIAN_POINT('',(-7.746758076919E-02,0.382232592669,
    0.324556206853));
#4746 = CARTESIAN_POINT('',(-7.746758076919E-02,0.381236397971,
    0.32446905111));
#4747 = ORIENTED_EDGE('',*,*,#721,.F.);
#4748 = B_SPLINE_SURFACE_WITH_KNOTS('',3,1,(
    (#4749,#4750)
    ,(#4751,#4752)
    ,(#4753,#4754)
    ,(#4755,#4756
    )),.UNSPECIFIED.,.F.,.F.,.F.,(4,4),(2,2),(12.,13.),(0.,1.),
  .PIECEWISE_BEZIER_KNOTS.);
#4749 = CARTESIAN_POINT('',(-6.314427936181E-02,0.382683198252,
    0.319405761465));
#4750 = CARTESIAN_POINT('',(-6.314427936181E-02,0.381687003554,
    0.319318605722));
#4751 = CARTESIAN_POINT('',(-6.747354601542E-02,0.382381380551,
    0.322855553579));
#4752 = CARTESIAN_POINT('',(-6.747354601542E-02,0.381385185853,
    0.322768397837));
#4753 = CARTESIAN_POINT('',(-7.224292864195E-02,0.382229363104,
    0.324593120945));
#4754 = CARTESIAN_POINT('',(-7.224292864195E-02,0.381233168406,
    0.324505965202));
#4755 = CARTESIAN_POINT('',(-7.746758076919E-02,0.382232592669,
    0.324556206853));
#4756 = CARTESIAN_POINT('',(-7.746758076919E-02,0.381236397971,
    0.32446905111));
#4757 = ADVANCED_FACE('',(#4758),#4768,.F.);
#4758 = FACE_BOUND('',#4759,.F.);
#4759 = EDGE_LOOP('',(#4760,#4761,#4762,#4767));
#4760 = ORIENTED_EDGE('',*,*,#4743,.F.);
#4761 = ORIENTED_EDGE('',*,*,#4536,.T.);
#4762 = ORIENTED_EDGE('',*,*,#4763,.T.);
#4763 = EDGE_CURVE('',#4537,#706,#4764,.T.);
#4764 = B_SPLINE_CURVE_WITH_KNOTS('',1,(#4765,#4766),.UNSPECIFIED.,.F.,
  .F.,(2,2),(-0.,1.E-03),.PIECEWISE_BEZIER_KNOTS.);
#4765 = CARTESIAN_POINT('',(-8.621924470136E-02,0.383167795965,
    0.313866784263));
#4766 = CARTESIAN_POINT('',(-8.621924470136E-02,0.382171601267,
    0.31377962852));
#4767 = ORIENTED_EDGE('',*,*,#712,.F.);
#4768 = B_SPLINE_SURFACE_WITH_KNOTS('',3,1,(
    (#4769,#4770)
    ,(#4771,#4772)
    ,(#4773,#4774)
    ,(#4775,#4776
    )),.UNSPECIFIED.,.F.,.F.,.F.,(4,4),(2,2),(11.,12.),(0.,1.),
  .PIECEWISE_BEZIER_KNOTS.);
#4769 = CARTESIAN_POINT('',(-7.746758076919E-02,0.382232592669,
    0.324556206853));
#4770 = CARTESIAN_POINT('',(-7.746758076919E-02,0.381236397971,
    0.32446905111));
#4771 = CARTESIAN_POINT('',(-8.334726390925E-02,0.382236227134,
    0.324514664726));
#4772 = CARTESIAN_POINT('',(-8.334726390925E-02,0.381240032436,
    0.324427508983));
#4773 = CARTESIAN_POINT('',(-8.62696838788E-02,0.38254796478,
    0.320951487132));
#4774 = CARTESIAN_POINT('',(-8.62696838788E-02,0.381551770081,
    0.320864331389));
#4775 = CARTESIAN_POINT('',(-8.621924470136E-02,0.383167795965,
    0.313866784263));
#4776 = CARTESIAN_POINT('',(-8.621924470136E-02,0.382171601267,
    0.31377962852));
#4777 = ADVANCED_FACE('',(#4778),#4788,.F.);
#4778 = FACE_BOUND('',#4779,.T.);
#4779 = EDGE_LOOP('',(#4780,#4781,#4786,#4787));
#4780 = ORIENTED_EDGE('',*,*,#705,.T.);
#4781 = ORIENTED_EDGE('',*,*,#4782,.F.);
#4782 = EDGE_CURVE('',#4546,#697,#4783,.T.);
#4783 = B_SPLINE_CURVE_WITH_KNOTS('',1,(#4784,#4785),.UNSPECIFIED.,.F.,
  .F.,(2,2),(-0.,1.E-03),.PIECEWISE_BEZIER_KNOTS.);
#4784 = CARTESIAN_POINT('',(-7.329294514133E-02,0.383317489993,
    0.312155773699));
#4785 = CARTESIAN_POINT('',(-7.329294514133E-02,0.382321295294,
    0.312068617956));
#4786 = ORIENTED_EDGE('',*,*,#4545,.F.);
#4787 = ORIENTED_EDGE('',*,*,#4763,.T.);
#4788 = B_SPLINE_SURFACE_WITH_KNOTS('',1,1,(
    (#4789,#4790)
    ,(#4791,#4792
    )),.UNSPECIFIED.,.F.,.F.,.F.,(2,2),(2,2),(-1.152277032329E-05,
    1.30390417188E-02),(-1.150189469024E-03,0.),
  .PIECEWISE_BEZIER_KNOTS.);
#4789 = CARTESIAN_POINT('',(-7.329466142088E-02,0.382171601267,
    0.312055750343));
#4790 = CARTESIAN_POINT('',(-7.328152351942E-02,0.383317489993,
    0.312154250285));
#4791 = CARTESIAN_POINT('',(-8.623066632327E-02,0.382171601267,
    0.313781151934));
#4792 = CARTESIAN_POINT('',(-8.621752842181E-02,0.383317489993,
    0.313879651876));
#4793 = ADVANCED_FACE('',(#4794),#4804,.F.);
#4794 = FACE_BOUND('',#4795,.F.);
#4795 = EDGE_LOOP('',(#4796,#4797,#4798,#4803));
#4796 = ORIENTED_EDGE('',*,*,#4782,.F.);
#4797 = ORIENTED_EDGE('',*,*,#4552,.T.);
#4798 = ORIENTED_EDGE('',*,*,#4799,.T.);
#4799 = EDGE_CURVE('',#4553,#688,#4800,.T.);
#4800 = B_SPLINE_CURVE_WITH_KNOTS('',1,(#4801,#4802),.UNSPECIFIED.,.F.,
  .F.,(2,2),(-0.,1.E-03),.PIECEWISE_BEZIER_KNOTS.);
#4801 = CARTESIAN_POINT('',(-5.873459657193E-02,0.384548215628,
    0.298088515312));
#4802 = CARTESIAN_POINT('',(-5.873459657193E-02,0.38355202093,
    0.298001359569));
#4803 = ORIENTED_EDGE('',*,*,#696,.F.);
#4804 = B_SPLINE_SURFACE_WITH_KNOTS('',3,1,(
    (#4805,#4806)
    ,(#4807,#4808)
    ,(#4809,#4810)
    ,(#4811,#4812
    )),.UNSPECIFIED.,.F.,.F.,.F.,(4,4),(2,2),(9.,10.),(0.,1.),
  .PIECEWISE_BEZIER_KNOTS.);
#4805 = CARTESIAN_POINT('',(-7.329294514133E-02,0.383317489993,
    0.312155773699));
#4806 = CARTESIAN_POINT('',(-7.329294514133E-02,0.382321295294,
    0.312068617956));
#4807 = CARTESIAN_POINT('',(-6.364511901325E-02,0.383428430156,
    0.310887721831));
#4808 = CARTESIAN_POINT('',(-6.364511901325E-02,0.382432235458,
    0.310800566088));
#4809 = CARTESIAN_POINT('',(-5.879233615664E-02,0.383838672034,
    0.306198635702));
#4810 = CARTESIAN_POINT('',(-5.879233615664E-02,0.382842477336,
    0.306111479959));
#4811 = CARTESIAN_POINT('',(-5.873459657193E-02,0.384548215628,
    0.298088515312));
#4812 = CARTESIAN_POINT('',(-5.873459657193E-02,0.38355202093,
    0.298001359569));
#4813 = ADVANCED_FACE('',(#4814),#4824,.F.);
#4814 = FACE_BOUND('',#4815,.F.);
#4815 = EDGE_LOOP('',(#4816,#4817,#4818,#4823));
#4816 = ORIENTED_EDGE('',*,*,#4799,.F.);
#4817 = ORIENTED_EDGE('',*,*,#4561,.T.);
#4818 = ORIENTED_EDGE('',*,*,#4819,.T.);
#4819 = EDGE_CURVE('',#4562,#679,#4820,.T.);
#4820 = B_SPLINE_CURVE_WITH_KNOTS('',1,(#4821,#4822),.UNSPECIFIED.,.F.,
  .F.,(2,2),(-0.,1.E-03),.PIECEWISE_BEZIER_KNOTS.);
#4821 = CARTESIAN_POINT('',(-6.241192726643E-02,0.385357941022,
    0.28883331171));
#4822 = CARTESIAN_POINT('',(-6.241192726643E-02,0.384361746324,
    0.288746155967));
#4823 = ORIENTED_EDGE('',*,*,#687,.F.);
#4824 = B_SPLINE_SURFACE_WITH_KNOTS('',3,1,(
    (#4825,#4826)
    ,(#4827,#4828)
    ,(#4829,#4830)
    ,(#4831,#4832
    )),.UNSPECIFIED.,.F.,.F.,.F.,(4,4),(2,2),(8.,9.),(0.,1.),
  .PIECEWISE_BEZIER_KNOTS.);
#4825 = CARTESIAN_POINT('',(-5.873459657193E-02,0.384548215628,
    0.298088515312));
#4826 = CARTESIAN_POINT('',(-5.873459657193E-02,0.38355202093,
    0.298001359569));
#4827 = CARTESIAN_POINT('',(-5.870694351412E-02,0.384888035357,
    0.294204358037));
#4828 = CARTESIAN_POINT('',(-5.870694351412E-02,0.383891840659,
    0.294117202294));
#4829 = CARTESIAN_POINT('',(-5.993272041229E-02,0.385157943822,
    0.291119290169));
#4830 = CARTESIAN_POINT('',(-5.993272041229E-02,0.384161749124,
    0.291032134426));
#4831 = CARTESIAN_POINT('',(-6.241192726643E-02,0.385357941022,
    0.28883331171));
#4832 = CARTESIAN_POINT('',(-6.241192726643E-02,0.384361746324,
    0.288746155967));
#4833 = ADVANCED_FACE('',(#4834),#4844,.F.);
#4834 = FACE_BOUND('',#4835,.F.);
#4835 = EDGE_LOOP('',(#4836,#4837,#4838,#4843));
#4836 = ORIENTED_EDGE('',*,*,#4819,.F.);
#4837 = ORIENTED_EDGE('',*,*,#4570,.T.);
#4838 = ORIENTED_EDGE('',*,*,#4839,.T.);
#4839 = EDGE_CURVE('',#4571,#670,#4840,.T.);
#4840 = B_SPLINE_CURVE_WITH_KNOTS('',1,(#4841,#4842),.UNSPECIFIED.,.F.,
  .F.,(2,2),(-0.,1.E-03),.PIECEWISE_BEZIER_KNOTS.);
#4841 = CARTESIAN_POINT('',(-7.246259339385E-02,0.385663210141,
    0.285344069716));
#4842 = CARTESIAN_POINT('',(-7.246259339385E-02,0.384667015443,
    0.285256913974));
#4843 = ORIENTED_EDGE('',*,*,#678,.F.);
#4844 = B_SPLINE_SURFACE_WITH_KNOTS('',3,1,(
    (#4845,#4846)
    ,(#4847,#4848)
    ,(#4849,#4850)
    ,(#4851,#4852
    )),.UNSPECIFIED.,.F.,.F.,.F.,(4,4),(2,2),(7.,8.),(0.,1.),
  .PIECEWISE_BEZIER_KNOTS.);
#4845 = CARTESIAN_POINT('',(-6.241192726643E-02,0.385357941022,
    0.28883331171));
#4846 = CARTESIAN_POINT('',(-6.241192726643E-02,0.384361746324,
    0.288746155967));
#4847 = CARTESIAN_POINT('',(-6.489113412036E-02,0.385557938222,
    0.28654733325));
#4848 = CARTESIAN_POINT('',(-6.489113412036E-02,0.384561743524,
    0.286460177508));
#4849 = CARTESIAN_POINT('',(-6.823608376266E-02,0.385660597568,
    0.285373931564));
#4850 = CARTESIAN_POINT('',(-6.823608376266E-02,0.38466440287,
    0.285286775821));
#4851 = CARTESIAN_POINT('',(-7.246259339385E-02,0.385663210141,
    0.285344069716));
#4852 = CARTESIAN_POINT('',(-7.246259339385E-02,0.384667015443,
    0.285256913974));
#4853 = ADVANCED_FACE('',(#4854),#4864,.F.);
#4854 = FACE_BOUND('',#4855,.F.);
#4855 = EDGE_LOOP('',(#4856,#4857,#4858,#4863));
#4856 = ORIENTED_EDGE('',*,*,#4839,.F.);
#4857 = ORIENTED_EDGE('',*,*,#4579,.T.);
#4858 = ORIENTED_EDGE('',*,*,#4859,.T.);
#4859 = EDGE_CURVE('',#4580,#663,#4860,.T.);
#4860 = B_SPLINE_CURVE_WITH_KNOTS('',1,(#4861,#4862),.UNSPECIFIED.,.F.,
  .F.,(2,2),(-0.,1.E-03),.PIECEWISE_BEZIER_KNOTS.);
#4861 = CARTESIAN_POINT('',(-8.58678341681E-02,0.384994541501,
    0.29298698724));
#4862 = CARTESIAN_POINT('',(-8.58678341681E-02,0.383998346803,
    0.292899831497));
#4863 = ORIENTED_EDGE('',*,*,#669,.F.);
#4864 = B_SPLINE_SURFACE_WITH_KNOTS('',3,1,(
    (#4865,#4866)
    ,(#4867,#4868)
    ,(#4869,#4870)
    ,(#4871,#4872
    )),.UNSPECIFIED.,.F.,.F.,.F.,(4,4),(2,2),(6.,7.),(0.,1.),
  .PIECEWISE_BEZIER_KNOTS.);
#4865 = CARTESIAN_POINT('',(-7.246259339385E-02,0.385663210141,
    0.285344069716));
#4866 = CARTESIAN_POINT('',(-7.246259339385E-02,0.384667015443,
    0.285256913974));
#4867 = CARTESIAN_POINT('',(-7.834227653392E-02,0.385666844606,
    0.285302527589));
#4868 = CARTESIAN_POINT('',(-7.834227653392E-02,0.384670649908,
    0.285215371847));
#4869 = CARTESIAN_POINT('',(-8.282108744313E-02,0.385443961486,
    0.287850093303));
#4870 = CARTESIAN_POINT('',(-8.282108744313E-02,0.384447766788,
    0.28776293756));
#4871 = CARTESIAN_POINT('',(-8.58678341681E-02,0.384994541501,
    0.29298698724));
#4872 = CARTESIAN_POINT('',(-8.58678341681E-02,0.383998346803,
    0.292899831497));
#4873 = ADVANCED_FACE('',(#4874),#4884,.F.);
#4874 = FACE_BOUND('',#4875,.T.);
#4875 = EDGE_LOOP('',(#4876,#4877,#4882,#4883));
#4876 = ORIENTED_EDGE('',*,*,#662,.T.);
#4877 = ORIENTED_EDGE('',*,*,#4878,.F.);
#4878 = EDGE_CURVE('',#4589,#656,#4879,.T.);
#4879 = B_SPLINE_CURVE_WITH_KNOTS('',1,(#4880,#4881),.UNSPECIFIED.,.F.,
  .F.,(2,2),(-0.,1.E-03),.PIECEWISE_BEZIER_KNOTS.);
#4880 = CARTESIAN_POINT('',(-8.607058186256E-02,0.384994666828,
    0.292985554752));
#4881 = CARTESIAN_POINT('',(-8.607058186256E-02,0.38399847213,
    0.29289839901));
#4882 = ORIENTED_EDGE('',*,*,#4588,.F.);
#4883 = ORIENTED_EDGE('',*,*,#4859,.T.);
#4884 = B_SPLINE_SURFACE_WITH_KNOTS('',1,1,(
    (#4885,#4886)
    ,(#4887,#4888
    )),.UNSPECIFIED.,.F.,.F.,.F.,(2,2),(2,2),(-3.709820234897E-17,1.E-03
    ),(0.,2.027527936582E-04),.PIECEWISE_BEZIER_KNOTS.);
#4885 = CARTESIAN_POINT('',(-8.607058186256E-02,0.384994666828,
    0.292985554752));
#4886 = CARTESIAN_POINT('',(-8.58678341681E-02,0.384994541501,
    0.29298698724));
#4887 = CARTESIAN_POINT('',(-8.607058186256E-02,0.38399847213,
    0.29289839901));
#4888 = CARTESIAN_POINT('',(-8.58678341681E-02,0.383998346803,
    0.292899831497));
#4889 = ADVANCED_FACE('',(#4890),#4900,.F.);
#4890 = FACE_BOUND('',#4891,.T.);
#4891 = EDGE_LOOP('',(#4892,#4893,#4898,#4899));
#4892 = ORIENTED_EDGE('',*,*,#655,.T.);
#4893 = ORIENTED_EDGE('',*,*,#4894,.F.);
#4894 = EDGE_CURVE('',#4596,#649,#4895,.T.);
#4895 = B_SPLINE_CURVE_WITH_KNOTS('',1,(#4896,#4897),.UNSPECIFIED.,.F.,
  .F.,(2,2),(-0.,1.E-03),.PIECEWISE_BEZIER_KNOTS.);
#4896 = CARTESIAN_POINT('',(-8.602279737867E-02,0.385581875319,
    0.286273730981));
#4897 = CARTESIAN_POINT('',(-8.602279737867E-02,0.384585680621,
    0.286186575239));
#4898 = ORIENTED_EDGE('',*,*,#4595,.F.);
#4899 = ORIENTED_EDGE('',*,*,#4878,.T.);
#4900 = B_SPLINE_SURFACE_WITH_KNOTS('',1,1,(
    (#4901,#4902)
    ,(#4903,#4904
    )),.UNSPECIFIED.,.F.,.F.,.F.,(2,2),(2,2),(-8.715356744662E-05,
    6.711993858558E-03),(-1.583403492124E-03,0.),
  .PIECEWISE_BEZIER_KNOTS.);
#4901 = CARTESIAN_POINT('',(-8.602316033739E-02,0.38399847213,
    0.286186572674));
#4902 = CARTESIAN_POINT('',(-8.602218162198E-02,0.385581875319,
    0.286186579589));
#4903 = CARTESIAN_POINT('',(-8.607119761925E-02,0.38399847213,
    0.292985550402));
#4904 = CARTESIAN_POINT('',(-8.607021890384E-02,0.385581875319,
    0.292985557317));
#4905 = ADVANCED_FACE('',(#4906),#4916,.F.);
#4906 = FACE_BOUND('',#4907,.T.);
#4907 = EDGE_LOOP('',(#4908,#4909,#4914,#4915));
#4908 = ORIENTED_EDGE('',*,*,#648,.T.);
#4909 = ORIENTED_EDGE('',*,*,#4910,.F.);
#4910 = EDGE_CURVE('',#4603,#642,#4911,.T.);
#4911 = B_SPLINE_CURVE_WITH_KNOTS('',1,(#4912,#4913),.UNSPECIFIED.,.F.,
  .F.,(2,2),(-0.,1.E-03),.PIECEWISE_BEZIER_KNOTS.);
#4912 = CARTESIAN_POINT('',(-9.366482586319E-02,0.38558659916,
    0.286219737235));
#4913 = CARTESIAN_POINT('',(-9.366482586319E-02,0.384590404462,
    0.286132581493));
#4914 = ORIENTED_EDGE('',*,*,#4602,.F.);
#4915 = ORIENTED_EDGE('',*,*,#4894,.T.);
#4916 = B_SPLINE_SURFACE_WITH_KNOTS('',1,1,(
    (#4917,#4918)
    ,(#4919,#4920
    )),.UNSPECIFIED.,.F.,.F.,.F.,(2,2),(2,2),(-2.292691380673E-17,1.E-03
    ),(0.,7.642220684954E-03),.PIECEWISE_BEZIER_KNOTS.);
#4917 = CARTESIAN_POINT('',(-9.366482586319E-02,0.38558659916,
    0.286219737235));
#4918 = CARTESIAN_POINT('',(-8.602279737867E-02,0.385581875319,
    0.286273730981));
#4919 = CARTESIAN_POINT('',(-9.366482586319E-02,0.384590404462,
    0.286132581493));
#4920 = CARTESIAN_POINT('',(-8.602279737867E-02,0.384585680621,
    0.286186575239));
#4921 = ADVANCED_FACE('',(#4922),#4932,.F.);
#4922 = FACE_BOUND('',#4923,.T.);
#4923 = EDGE_LOOP('',(#4924,#4925,#4930,#4931));
#4924 = ORIENTED_EDGE('',*,*,#641,.T.);
#4925 = ORIENTED_EDGE('',*,*,#4926,.F.);
#4926 = EDGE_CURVE('',#4610,#633,#4927,.T.);
#4927 = B_SPLINE_CURVE_WITH_KNOTS('',1,(#4928,#4929),.UNSPECIFIED.,.F.,
  .F.,(2,2),(-0.,9.999998715905E-04),.PIECEWISE_BEZIER_KNOTS.);
#4928 = CARTESIAN_POINT('',(-9.386370665497E-02,0.38314261567,
    0.314154596357));
#4929 = CARTESIAN_POINT('',(-9.386370665497E-02,0.382146421099,
    0.314067440625));
#4930 = ORIENTED_EDGE('',*,*,#4609,.F.);
#4931 = ORIENTED_EDGE('',*,*,#4910,.T.);
#4932 = B_SPLINE_SURFACE_WITH_KNOTS('',1,1,(
    (#4933,#4934)
    ,(#4935,#4936
    )),.UNSPECIFIED.,.F.,.F.,.F.,(2,2),(2,2),(0.,2.802272059958E-02),(
    -9.961948884035E-04,2.443983957192E-03),.PIECEWISE_BEZIER_KNOTS.);
#4933 = CARTESIAN_POINT('',(-9.386432241165E-02,0.382146420972,
    0.314154592006));
#4934 = CARTESIAN_POINT('',(-9.386219600732E-02,0.38558659916,
    0.31415460703));
#4935 = CARTESIAN_POINT('',(-9.366633651083E-02,0.382146420972,
    0.286132570819));
#4936 = CARTESIAN_POINT('',(-9.36642101065E-02,0.38558659916,
    0.286132585843));
#4937 = ADVANCED_FACE('',(#4938),#4944,.F.);
#4938 = FACE_BOUND('',#4939,.F.);
#4939 = EDGE_LOOP('',(#4940,#4941,#4942,#4943));
#4940 = ORIENTED_EDGE('',*,*,#4926,.F.);
#4941 = ORIENTED_EDGE('',*,*,#4616,.T.);
#4942 = ORIENTED_EDGE('',*,*,#4701,.T.);
#4943 = ORIENTED_EDGE('',*,*,#632,.F.);
#4944 = B_SPLINE_SURFACE_WITH_KNOTS('',3,1,(
    (#4945,#4946)
    ,(#4947,#4948)
    ,(#4949,#4950)
    ,(#4951,#4952
    )),.UNSPECIFIED.,.F.,.F.,.F.,(4,4),(2,2),(1.,2.),(0.,1.),
  .PIECEWISE_BEZIER_KNOTS.);
#4945 = CARTESIAN_POINT('',(-9.386370665497E-02,0.38314261567,
    0.314154596357));
#4946 = CARTESIAN_POINT('',(-9.386370665497E-02,0.382146420972,
    0.314067440614));
#4947 = CARTESIAN_POINT('',(-9.394202011469E-02,0.382180246197,
    0.32515452976));
#4948 = CARTESIAN_POINT('',(-9.394202011469E-02,0.381184051499,
    0.325067374017));
#4949 = CARTESIAN_POINT('',(-8.872511153989E-02,0.381698531173,
    0.330660557677));
#4950 = CARTESIAN_POINT('',(-8.872511153989E-02,0.380702336475,
    0.330573401934));
#4951 = CARTESIAN_POINT('',(-7.822901935619E-02,0.381692043123,
    0.330734716434));
#4952 = CARTESIAN_POINT('',(-7.822901935619E-02,0.380695848425,
    0.330647560691));
#4953 = ADVANCED_FACE('',(#4954),#4978,.T.);
#4954 = FACE_BOUND('',#4955,.T.);
#4955 = EDGE_LOOP('',(#4956,#4967,#4972,#4973));
#4956 = ORIENTED_EDGE('',*,*,#4957,.F.);
#4957 = EDGE_CURVE('',#4958,#4960,#4962,.T.);
#4958 = VERTEX_POINT('',#4959);
#4959 = CARTESIAN_POINT('',(-7.596837322017E-02,0.382793283373,
    0.306673771009));
#4960 = VERTEX_POINT('',#4961);
#4961 = CARTESIAN_POINT('',(-6.855685505599E-02,0.383022509625,
    0.304053701477));
#4962 = B_SPLINE_CURVE_WITH_KNOTS('',3,(#4963,#4964,#4965,#4966),
  .UNSPECIFIED.,.F.,.F.,(4,4),(0.,1.),.PIECEWISE_BEZIER_KNOTS.);
#4963 = CARTESIAN_POINT('',(-7.596837322017E-02,0.382793283373,
    0.306673771009));
#4964 = CARTESIAN_POINT('',(-7.239335501062E-02,0.382834572498,
    0.306201832678));
#4965 = CARTESIAN_POINT('',(-6.992299643873E-02,0.382909168919,
    0.305349191677));
#4966 = CARTESIAN_POINT('',(-6.855685505599E-02,0.383022509625,
    0.304053701477));
#4967 = ORIENTED_EDGE('',*,*,#4968,.F.);
#4968 = EDGE_CURVE('',#4637,#4958,#4969,.T.);
#4969 = B_SPLINE_CURVE_WITH_KNOTS('',1,(#4970,#4971),.UNSPECIFIED.,.F.,
  .F.,(2,2),(-0.,9.999998715905E-04),.PIECEWISE_BEZIER_KNOTS.);
#4970 = CARTESIAN_POINT('',(-7.596837322017E-02,0.383789477943,
    0.306760926741));
#4971 = CARTESIAN_POINT('',(-7.596837322017E-02,0.382793283373,
    0.306673771009));
#4972 = ORIENTED_EDGE('',*,*,#4636,.T.);
#4973 = ORIENTED_EDGE('',*,*,#4974,.T.);
#4974 = EDGE_CURVE('',#4626,#4960,#4975,.T.);
#4975 = B_SPLINE_CURVE_WITH_KNOTS('',1,(#4976,#4977),.UNSPECIFIED.,.F.,
  .F.,(2,2),(-0.,1.E-03),.PIECEWISE_BEZIER_KNOTS.);
#4976 = CARTESIAN_POINT('',(-6.855685505599E-02,0.384018704324,
    0.30414085722));
#4977 = CARTESIAN_POINT('',(-6.855685505599E-02,0.383022509625,
    0.304053701477));
#4978 = B_SPLINE_SURFACE_WITH_KNOTS('',3,1,(
    (#4979,#4980)
    ,(#4981,#4982)
    ,(#4983,#4984)
    ,(#4985,#4986
    )),.UNSPECIFIED.,.F.,.F.,.F.,(4,4),(2,2),(0.,1.),(0.,1.),
  .PIECEWISE_BEZIER_KNOTS.);
#4979 = CARTESIAN_POINT('',(-7.596837322017E-02,0.383789477943,
    0.306760926741));
#4980 = CARTESIAN_POINT('',(-7.596837322017E-02,0.382793283245,
    0.306673770998));
#4981 = CARTESIAN_POINT('',(-7.239335501062E-02,0.383830767196,
    0.306288988421));
#4982 = CARTESIAN_POINT('',(-7.239335501062E-02,0.382834572498,
    0.306201832678));
#4983 = CARTESIAN_POINT('',(-6.992299643873E-02,0.383905363617,
    0.30543634742));
#4984 = CARTESIAN_POINT('',(-6.992299643873E-02,0.382909168919,
    0.305349191677));
#4985 = CARTESIAN_POINT('',(-6.855685505599E-02,0.384018704324,
    0.30414085722));
#4986 = CARTESIAN_POINT('',(-6.855685505599E-02,0.383022509625,
    0.304053701477));
#4987 = ADVANCED_FACE('',(#4988),#5006,.T.);
#4988 = FACE_BOUND('',#4989,.T.);
#4989 = EDGE_LOOP('',(#4990,#4999,#5000,#5001));
#4990 = ORIENTED_EDGE('',*,*,#4991,.F.);
#4991 = EDGE_CURVE('',#4960,#4992,#4994,.T.);
#4992 = VERTEX_POINT('',#4993);
#4993 = CARTESIAN_POINT('',(-6.649022138128E-02,0.383502441098,
    0.298568059648));
#4994 = B_SPLINE_CURVE_WITH_KNOTS('',3,(#4995,#4996,#4997,#4998),
  .UNSPECIFIED.,.F.,.F.,(4,4),(1.,2.),.PIECEWISE_BEZIER_KNOTS.);
#4995 = CARTESIAN_POINT('',(-6.855685505599E-02,0.383022509625,
    0.304053701477));
#4996 = CARTESIAN_POINT('',(-6.720630964952E-02,0.383135859972,
    0.302758101087));
#4997 = CARTESIAN_POINT('',(-6.650703444043E-02,0.383295830703,
    0.300929627271));
#4998 = CARTESIAN_POINT('',(-6.649022138128E-02,0.383502441098,
    0.298568059648));
#4999 = ORIENTED_EDGE('',*,*,#4974,.F.);
#5000 = ORIENTED_EDGE('',*,*,#4625,.T.);
#5001 = ORIENTED_EDGE('',*,*,#5002,.T.);
#5002 = EDGE_CURVE('',#4628,#4992,#5003,.T.);
#5003 = B_SPLINE_CURVE_WITH_KNOTS('',1,(#5004,#5005),.UNSPECIFIED.,.F.,
  .F.,(2,2),(-0.,1.E-03),.PIECEWISE_BEZIER_KNOTS.);
#5004 = CARTESIAN_POINT('',(-6.649022138128E-02,0.384498635796,
    0.29865521539));
#5005 = CARTESIAN_POINT('',(-6.649022138128E-02,0.383502441098,
    0.298568059648));
#5006 = B_SPLINE_SURFACE_WITH_KNOTS('',3,1,(
    (#5007,#5008)
    ,(#5009,#5010)
    ,(#5011,#5012)
    ,(#5013,#5014
    )),.UNSPECIFIED.,.F.,.F.,.F.,(4,4),(2,2),(1.,2.),(0.,1.),
  .PIECEWISE_BEZIER_KNOTS.);
#5007 = CARTESIAN_POINT('',(-6.855685505599E-02,0.384018704324,
    0.30414085722));
#5008 = CARTESIAN_POINT('',(-6.855685505599E-02,0.383022509625,
    0.304053701477));
#5009 = CARTESIAN_POINT('',(-6.720630964952E-02,0.38413205467,
    0.302845256829));
#5010 = CARTESIAN_POINT('',(-6.720630964952E-02,0.383135859972,
    0.302758101087));
#5011 = CARTESIAN_POINT('',(-6.650703444043E-02,0.384292025401,
    0.301016783014));
#5012 = CARTESIAN_POINT('',(-6.650703444043E-02,0.383295830703,
    0.300929627271));
#5013 = CARTESIAN_POINT('',(-6.649022138128E-02,0.384498635796,
    0.29865521539));
#5014 = CARTESIAN_POINT('',(-6.649022138128E-02,0.383502441098,
    0.298568059648));
#5015 = ADVANCED_FACE('',(#5016),#5034,.T.);
#5016 = FACE_BOUND('',#5017,.T.);
#5017 = EDGE_LOOP('',(#5018,#5027,#5028,#5029));
#5018 = ORIENTED_EDGE('',*,*,#5019,.F.);
#5019 = EDGE_CURVE('',#4992,#5020,#5022,.T.);
#5020 = VERTEX_POINT('',#5021);
#5021 = CARTESIAN_POINT('',(-6.866879045672E-02,0.383946934974,
    0.293487471394));
#5022 = B_SPLINE_CURVE_WITH_KNOTS('',3,(#5023,#5024,#5025,#5026),
  .UNSPECIFIED.,.F.,.F.,(4,4),(2.,3.),.PIECEWISE_BEZIER_KNOTS.);
#5023 = CARTESIAN_POINT('',(-6.649022138128E-02,0.383502441098,
    0.298568059648));
#5024 = CARTESIAN_POINT('',(-6.64753993423E-02,0.383684584472,
    0.296486151348));
#5025 = CARTESIAN_POINT('',(-6.719646411677E-02,0.383831839698,
    0.294803016414));
#5026 = CARTESIAN_POINT('',(-6.866879045672E-02,0.383946934974,
    0.293487471394));
#5027 = ORIENTED_EDGE('',*,*,#5002,.F.);
#5028 = ORIENTED_EDGE('',*,*,#4686,.T.);
#5029 = ORIENTED_EDGE('',*,*,#5030,.T.);
#5030 = EDGE_CURVE('',#4678,#5020,#5031,.T.);
#5031 = B_SPLINE_CURVE_WITH_KNOTS('',1,(#5032,#5033),.UNSPECIFIED.,.F.,
  .F.,(2,2),(-0.,1.E-03),.PIECEWISE_BEZIER_KNOTS.);
#5032 = CARTESIAN_POINT('',(-6.866879045672E-02,0.384943129672,
    0.293574627136));
#5033 = CARTESIAN_POINT('',(-6.866879045672E-02,0.383946934974,
    0.293487471394));
#5034 = B_SPLINE_SURFACE_WITH_KNOTS('',3,1,(
    (#5035,#5036)
    ,(#5037,#5038)
    ,(#5039,#5040)
    ,(#5041,#5042
    )),.UNSPECIFIED.,.F.,.F.,.F.,(4,4),(2,2),(2.,3.),(0.,1.),
  .PIECEWISE_BEZIER_KNOTS.);
#5035 = CARTESIAN_POINT('',(-6.649022138128E-02,0.384498635796,
    0.29865521539));
#5036 = CARTESIAN_POINT('',(-6.649022138128E-02,0.383502441098,
    0.298568059648));
#5037 = CARTESIAN_POINT('',(-6.64753993423E-02,0.38468077917,
    0.296573307091));
#5038 = CARTESIAN_POINT('',(-6.64753993423E-02,0.383684584472,
    0.296486151348));
#5039 = CARTESIAN_POINT('',(-6.719646411677E-02,0.384828034396,
    0.294890172156));
#5040 = CARTESIAN_POINT('',(-6.719646411677E-02,0.383831839698,
    0.294803016414));
#5041 = CARTESIAN_POINT('',(-6.866879045672E-02,0.384943129672,
    0.293574627136));
#5042 = CARTESIAN_POINT('',(-6.866879045672E-02,0.383946934974,
    0.293487471394));
#5043 = ADVANCED_FACE('',(#5044),#5062,.T.);
#5044 = FACE_BOUND('',#5045,.T.);
#5045 = EDGE_LOOP('',(#5046,#5055,#5056,#5057));
#5046 = ORIENTED_EDGE('',*,*,#5047,.F.);
#5047 = EDGE_CURVE('',#5020,#5048,#5050,.T.);
#5048 = VERTEX_POINT('',#5049);
#5049 = CARTESIAN_POINT('',(-7.448774852621E-02,0.384121809661,
    0.291488644574));
#5050 = B_SPLINE_CURVE_WITH_KNOTS('',3,(#5051,#5052,#5053,#5054),
  .UNSPECIFIED.,.F.,.F.,(4,4),(3.,4.),.PIECEWISE_BEZIER_KNOTS.);
#5051 = CARTESIAN_POINT('',(-6.866879045672E-02,0.383946934974,
    0.293487471394));
#5052 = CARTESIAN_POINT('',(-7.01255208202E-02,0.384062020609,
    0.292172036566));
#5053 = CARTESIAN_POINT('',(-7.207037216871E-02,0.384120315385,
    0.291505724229));
#5054 = CARTESIAN_POINT('',(-7.448774852621E-02,0.384121809661,
    0.291488644574));
#5055 = ORIENTED_EDGE('',*,*,#5030,.F.);
#5056 = ORIENTED_EDGE('',*,*,#4677,.T.);
#5057 = ORIENTED_EDGE('',*,*,#5058,.T.);
#5058 = EDGE_CURVE('',#4669,#5048,#5059,.T.);
#5059 = B_SPLINE_CURVE_WITH_KNOTS('',1,(#5060,#5061),.UNSPECIFIED.,.F.,
  .F.,(2,2),(-0.,1.E-03),.PIECEWISE_BEZIER_KNOTS.);
#5060 = CARTESIAN_POINT('',(-7.448774852621E-02,0.385118004359,
    0.291575800317));
#5061 = CARTESIAN_POINT('',(-7.448774852621E-02,0.384121809661,
    0.291488644574));
#5062 = B_SPLINE_SURFACE_WITH_KNOTS('',3,1,(
    (#5063,#5064)
    ,(#5065,#5066)
    ,(#5067,#5068)
    ,(#5069,#5070
    )),.UNSPECIFIED.,.F.,.F.,.F.,(4,4),(2,2),(3.,4.),(0.,1.),
  .PIECEWISE_BEZIER_KNOTS.);
#5063 = CARTESIAN_POINT('',(-6.866879045672E-02,0.384943129672,
    0.293574627136));
#5064 = CARTESIAN_POINT('',(-6.866879045672E-02,0.383946934974,
    0.293487471394));
#5065 = CARTESIAN_POINT('',(-7.01255208202E-02,0.385058215307,
    0.292259192308));
#5066 = CARTESIAN_POINT('',(-7.01255208202E-02,0.384062020609,
    0.292172036566));
#5067 = CARTESIAN_POINT('',(-7.207037216871E-02,0.385116510083,
    0.291592879971));
#5068 = CARTESIAN_POINT('',(-7.207037216871E-02,0.384120315385,
    0.291505724229));
#5069 = CARTESIAN_POINT('',(-7.448774852621E-02,0.385118004359,
    0.291575800317));
#5070 = CARTESIAN_POINT('',(-7.448774852621E-02,0.384121809661,
    0.291488644574));
#5071 = ADVANCED_FACE('',(#5072),#5090,.T.);
#5072 = FACE_BOUND('',#5073,.T.);
#5073 = EDGE_LOOP('',(#5074,#5083,#5084,#5085));
#5074 = ORIENTED_EDGE('',*,*,#5075,.F.);
#5075 = EDGE_CURVE('',#5048,#5076,#5078,.T.);
#5076 = VERTEX_POINT('',#5077);
#5077 = CARTESIAN_POINT('',(-8.281002761229E-02,0.38381702281,
    0.294972374228));
#5078 = B_SPLINE_CURVE_WITH_KNOTS('',3,(#5079,#5080,#5081,#5082),
  .UNSPECIFIED.,.F.,.F.,(4,4),(4.,5.),.PIECEWISE_BEZIER_KNOTS.);
#5079 = CARTESIAN_POINT('',(-7.448774852621E-02,0.384121809661,
    0.291488644574));
#5080 = CARTESIAN_POINT('',(-7.784088347341E-02,0.384123882367,
    0.291464953441));
#5081 = CARTESIAN_POINT('',(-8.062537381976E-02,0.384022293176,
    0.292626123198));
#5082 = CARTESIAN_POINT('',(-8.281002761229E-02,0.38381702281,
    0.294972374228));
#5083 = ORIENTED_EDGE('',*,*,#5058,.F.);
#5084 = ORIENTED_EDGE('',*,*,#4668,.T.);
#5085 = ORIENTED_EDGE('',*,*,#5086,.T.);
#5086 = EDGE_CURVE('',#4660,#5076,#5087,.T.);
#5087 = B_SPLINE_CURVE_WITH_KNOTS('',1,(#5088,#5089),.UNSPECIFIED.,.F.,
  .F.,(2,2),(-0.,1.E-03),.PIECEWISE_BEZIER_KNOTS.);
#5088 = CARTESIAN_POINT('',(-8.281002761229E-02,0.384813217508,
    0.295059529971));
#5089 = CARTESIAN_POINT('',(-8.281002761229E-02,0.38381702281,
    0.294972374228));
#5090 = B_SPLINE_SURFACE_WITH_KNOTS('',3,1,(
    (#5091,#5092)
    ,(#5093,#5094)
    ,(#5095,#5096)
    ,(#5097,#5098
    )),.UNSPECIFIED.,.F.,.F.,.F.,(4,4),(2,2),(4.,5.),(0.,1.),
  .PIECEWISE_BEZIER_KNOTS.);
#5091 = CARTESIAN_POINT('',(-7.448774852621E-02,0.385118004359,
    0.291575800317));
#5092 = CARTESIAN_POINT('',(-7.448774852621E-02,0.384121809661,
    0.291488644574));
#5093 = CARTESIAN_POINT('',(-7.784088347341E-02,0.385120077065,
    0.291552109184));
#5094 = CARTESIAN_POINT('',(-7.784088347341E-02,0.384123882367,
    0.291464953441));
#5095 = CARTESIAN_POINT('',(-8.062537381976E-02,0.385018487875,
    0.29271327894));
#5096 = CARTESIAN_POINT('',(-8.062537381976E-02,0.384022293176,
    0.292626123198));
#5097 = CARTESIAN_POINT('',(-8.281002761229E-02,0.384813217508,
    0.295059529971));
#5098 = CARTESIAN_POINT('',(-8.281002761229E-02,0.38381702281,
    0.294972374228));
#5099 = ADVANCED_FACE('',(#5100),#5118,.T.);
#5100 = FACE_BOUND('',#5101,.T.);
#5101 = EDGE_LOOP('',(#5102,#5111,#5112,#5113));
#5102 = ORIENTED_EDGE('',*,*,#5103,.F.);
#5103 = EDGE_CURVE('',#5076,#5104,#5106,.T.);
#5104 = VERTEX_POINT('',#5105);
#5105 = CARTESIAN_POINT('',(-8.61482316489E-02,0.383044258331,
    0.303805112638));
#5106 = B_SPLINE_CURVE_WITH_KNOTS('',3,(#5107,#5108,#5109,#5110),
  .UNSPECIFIED.,.F.,.F.,(4,4),(5.,6.),.PIECEWISE_BEZIER_KNOTS.);
#5107 = CARTESIAN_POINT('',(-8.281002761229E-02,0.38381702281,
    0.294972374228));
#5108 = CARTESIAN_POINT('',(-8.501005615684E-02,0.383614480641,
    0.297287441808));
#5109 = CARTESIAN_POINT('',(-8.612279083571E-02,0.383356892481,
    0.300231687945));
#5110 = CARTESIAN_POINT('',(-8.61482316489E-02,0.383044258331,
    0.303805112638));
#5111 = ORIENTED_EDGE('',*,*,#5086,.F.);
#5112 = ORIENTED_EDGE('',*,*,#4659,.T.);
#5113 = ORIENTED_EDGE('',*,*,#5114,.T.);
#5114 = EDGE_CURVE('',#4653,#5104,#5115,.T.);
#5115 = B_SPLINE_CURVE_WITH_KNOTS('',1,(#5116,#5117),.UNSPECIFIED.,.F.,
  .F.,(2,2),(-0.,1.E-03),.PIECEWISE_BEZIER_KNOTS.);
#5116 = CARTESIAN_POINT('',(-8.61482316489E-02,0.384040453029,
    0.30389226838));
#5117 = CARTESIAN_POINT('',(-8.61482316489E-02,0.383044258331,
    0.303805112638));
#5118 = B_SPLINE_SURFACE_WITH_KNOTS('',3,1,(
    (#5119,#5120)
    ,(#5121,#5122)
    ,(#5123,#5124)
    ,(#5125,#5126
    )),.UNSPECIFIED.,.F.,.F.,.F.,(4,4),(2,2),(5.,6.),(0.,1.),
  .PIECEWISE_BEZIER_KNOTS.);
#5119 = CARTESIAN_POINT('',(-8.281002761229E-02,0.384813217508,
    0.295059529971));
#5120 = CARTESIAN_POINT('',(-8.281002761229E-02,0.38381702281,
    0.294972374228));
#5121 = CARTESIAN_POINT('',(-8.501005615684E-02,0.384610675339,
    0.297374597551));
#5122 = CARTESIAN_POINT('',(-8.501005615684E-02,0.383614480641,
    0.297287441808));
#5123 = CARTESIAN_POINT('',(-8.612279083571E-02,0.384353087179,
    0.300318843687));
#5124 = CARTESIAN_POINT('',(-8.612279083571E-02,0.383356892481,
    0.300231687945));
#5125 = CARTESIAN_POINT('',(-8.61482316489E-02,0.384040453029,
    0.30389226838));
#5126 = CARTESIAN_POINT('',(-8.61482316489E-02,0.383044258331,
    0.303805112638));
#5127 = ADVANCED_FACE('',(#5128),#5144,.T.);
#5128 = FACE_BOUND('',#5129,.T.);
#5129 = EDGE_LOOP('',(#5130,#5137,#5138,#5139));
#5130 = ORIENTED_EDGE('',*,*,#5131,.F.);
#5131 = EDGE_CURVE('',#5104,#5132,#5134,.T.);
#5132 = VERTEX_POINT('',#5133);
#5133 = CARTESIAN_POINT('',(-8.617787572687E-02,0.382679971581,
    0.307968929237));
#5134 = B_SPLINE_CURVE_WITH_KNOTS('',1,(#5135,#5136),.UNSPECIFIED.,.F.,
  .F.,(2,2),(0.,4.179826823819E-03),.PIECEWISE_BEZIER_KNOTS.);
#5135 = CARTESIAN_POINT('',(-8.61482316489E-02,0.383044258331,
    0.303805112638));
#5136 = CARTESIAN_POINT('',(-8.617787572687E-02,0.382679971581,
    0.307968929237));
#5137 = ORIENTED_EDGE('',*,*,#5114,.F.);
#5138 = ORIENTED_EDGE('',*,*,#4652,.T.);
#5139 = ORIENTED_EDGE('',*,*,#5140,.T.);
#5140 = EDGE_CURVE('',#4646,#5132,#5141,.T.);
#5141 = B_SPLINE_CURVE_WITH_KNOTS('',1,(#5142,#5143),.UNSPECIFIED.,.F.,
  .F.,(2,2),(-7.814559770062E-16,1.E-03),.PIECEWISE_BEZIER_KNOTS.);
#5142 = CARTESIAN_POINT('',(-8.617787572687E-02,0.383676166279,
    0.308056084979));
#5143 = CARTESIAN_POINT('',(-8.617787572687E-02,0.382679971581,
    0.307968929237));
#5144 = B_SPLINE_SURFACE_WITH_KNOTS('',1,1,(
    (#5145,#5146)
    ,(#5147,#5148
    )),.UNSPECIFIED.,.F.,.F.,.F.,(2,2),(2,2),(-4.163922116301E-03,
    8.715356744662E-05),(-1.360481707408E-03,0.),
  .PIECEWISE_BEZIER_KNOTS.);
#5145 = CARTESIAN_POINT('',(-8.617849148356E-02,0.382679971581,
    0.308056080629));
#5146 = CARTESIAN_POINT('',(-8.617765055804E-02,0.384040453029,
    0.30805608657));
#5147 = CARTESIAN_POINT('',(-8.614845681773E-02,0.382679971581,
    0.303805111047));
#5148 = CARTESIAN_POINT('',(-8.614761589221E-02,0.384040453029,
    0.303805116988));
#5149 = ADVANCED_FACE('',(#5150),#5160,.T.);
#5150 = FACE_BOUND('',#5151,.T.);
#5151 = EDGE_LOOP('',(#5152,#5157,#5158,#5159));
#5152 = ORIENTED_EDGE('',*,*,#5153,.F.);
#5153 = EDGE_CURVE('',#5132,#4958,#5154,.T.);
#5154 = B_SPLINE_CURVE_WITH_KNOTS('',1,(#5155,#5156),.UNSPECIFIED.,.F.,
  .F.,(2,2),(0.,1.029194907832E-02),.PIECEWISE_BEZIER_KNOTS.);
#5155 = CARTESIAN_POINT('',(-8.617787572687E-02,0.382679971581,
    0.307968929237));
#5156 = CARTESIAN_POINT('',(-7.596837322017E-02,0.382793283245,
    0.306673770998));
#5157 = ORIENTED_EDGE('',*,*,#5140,.F.);
#5158 = ORIENTED_EDGE('',*,*,#4645,.T.);
#5159 = ORIENTED_EDGE('',*,*,#4968,.T.);
#5160 = B_SPLINE_SURFACE_WITH_KNOTS('',1,1,(
    (#5161,#5162)
    ,(#5163,#5164
    )),.UNSPECIFIED.,.F.,.F.,.F.,(2,2),(2,2),(-1.030237171413E-02,
    8.63596266388E-18),(-9.999389345246E-04,1.137375496434E-04),
  .PIECEWISE_BEZIER_KNOTS.);
#5161 = CARTESIAN_POINT('',(-7.596962007835E-02,0.382679971581,
    0.306664016897));
#5162 = CARTESIAN_POINT('',(-7.595741129914E-02,0.383789477943,
    0.306759525488));
#5163 = CARTESIAN_POINT('',(-8.61888376479E-02,0.382679971581,
    0.307970330489));
#5164 = CARTESIAN_POINT('',(-8.61766288687E-02,0.383789477943,
    0.308065839081));
#5165 = ADVANCED_FACE('',(#5166),#5176,.T.);
#5166 = FACE_BOUND('',#5167,.T.);
#5167 = EDGE_LOOP('',(#5168,#5169,#5170,#5171,#5172,#5173,#5174,#5175));
#5168 = ORIENTED_EDGE('',*,*,#4957,.T.);
#5169 = ORIENTED_EDGE('',*,*,#4991,.T.);
#5170 = ORIENTED_EDGE('',*,*,#5019,.T.);
#5171 = ORIENTED_EDGE('',*,*,#5047,.T.);
#5172 = ORIENTED_EDGE('',*,*,#5075,.T.);
#5173 = ORIENTED_EDGE('',*,*,#5103,.T.);
#5174 = ORIENTED_EDGE('',*,*,#5131,.T.);
#5175 = ORIENTED_EDGE('',*,*,#5153,.T.);
#5176 = B_SPLINE_SURFACE_WITH_KNOTS('',1,1,(
    (#5177,#5178)
    ,(#5179,#5180
    )),.UNSPECIFIED.,.F.,.F.,.F.,(2,2),(2,2),(0.182158019712,
    0.198725038014),(0.513822124273,0.533524600658),
  .PIECEWISE_BEZIER_KNOTS.);
#5177 = CARTESIAN_POINT('',(-8.617787572687E-02,0.384123882495,
    0.291464953452));
#5178 = CARTESIAN_POINT('',(-6.647539934229E-02,0.384123882495,
    0.291464953452));
#5179 = CARTESIAN_POINT('',(-8.617787572687E-02,0.382679971709,
    0.307968929248));
#5180 = CARTESIAN_POINT('',(-6.647539934229E-02,0.382679971709,
    0.307968929248));
#5181 = ADVANCED_FACE('',(#5182),#5206,.F.);
#5182 = FACE_BOUND('',#5183,.F.);
#5183 = EDGE_LOOP('',(#5184,#5191,#5200,#5205));
#5184 = ORIENTED_EDGE('',*,*,#5185,.F.);
#5185 = EDGE_CURVE('',#5186,#437,#5188,.T.);
#5186 = VERTEX_POINT('',#5187);
#5187 = CARTESIAN_POINT('',(-0.116627855802,0.385146771524,
    0.291246990117));
#5188 = B_SPLINE_CURVE_WITH_KNOTS('',1,(#5189,#5190),.UNSPECIFIED.,.F.,
  .F.,(2,2),(-0.,1.E-03),.PIECEWISE_BEZIER_KNOTS.);
#5189 = CARTESIAN_POINT('',(-0.116627855802,0.385146771524,
    0.291246990117));
#5190 = CARTESIAN_POINT('',(-0.116627855802,0.384150576826,
    0.291159834374));
#5191 = ORIENTED_EDGE('',*,*,#5192,.T.);
#5192 = EDGE_CURVE('',#5186,#5193,#5195,.T.);
#5193 = VERTEX_POINT('',#5194);
#5194 = CARTESIAN_POINT('',(-0.104087364046,0.384771995981,
    0.295530694176));
#5195 = B_SPLINE_CURVE_WITH_KNOTS('',3,(#5196,#5197,#5198,#5199),
  .UNSPECIFIED.,.F.,.F.,(4,4),(0.,1.),.PIECEWISE_BEZIER_KNOTS.);
#5196 = CARTESIAN_POINT('',(-0.116627855802,0.385146771524,
    0.291246990117));
#5197 = CARTESIAN_POINT('',(-0.11213621457,0.385143995063,0.291278725216
    ));
#5198 = CARTESIAN_POINT('',(-0.107966447969,0.385019076309,
    0.292706553109));
#5199 = CARTESIAN_POINT('',(-0.104087364046,0.384771995981,
    0.295530694176));
#5200 = ORIENTED_EDGE('',*,*,#5201,.T.);
#5201 = EDGE_CURVE('',#5193,#428,#5202,.T.);
#5202 = B_SPLINE_CURVE_WITH_KNOTS('',1,(#5203,#5204),.UNSPECIFIED.,.F.,
  .F.,(2,2),(-0.,1.E-03),.PIECEWISE_BEZIER_KNOTS.);
#5203 = CARTESIAN_POINT('',(-0.104087364046,0.384771995981,
    0.295530694176));
#5204 = CARTESIAN_POINT('',(-0.104087364046,0.383775801283,
    0.295443538433));
#5205 = ORIENTED_EDGE('',*,*,#436,.F.);
#5206 = B_SPLINE_SURFACE_WITH_KNOTS('',3,1,(
    (#5207,#5208)
    ,(#5209,#5210)
    ,(#5211,#5212)
    ,(#5213,#5214
    )),.UNSPECIFIED.,.F.,.F.,.F.,(4,4),(2,2),(0.,1.),(0.,1.),
  .PIECEWISE_BEZIER_KNOTS.);
#5207 = CARTESIAN_POINT('',(-0.116627855802,0.385146771524,
    0.291246990117));
#5208 = CARTESIAN_POINT('',(-0.116627855802,0.384150576826,
    0.291159834374));
#5209 = CARTESIAN_POINT('',(-0.11213621457,0.385143995063,0.291278725216
    ));
#5210 = CARTESIAN_POINT('',(-0.11213621457,0.384147800365,0.291191569474
    ));
#5211 = CARTESIAN_POINT('',(-0.107966447969,0.385019076309,
    0.292706553109));
#5212 = CARTESIAN_POINT('',(-0.107966447969,0.384022881611,
    0.292619397366));
#5213 = CARTESIAN_POINT('',(-0.104087364046,0.384771995981,
    0.295530694176));
#5214 = CARTESIAN_POINT('',(-0.104087364046,0.383775801283,
    0.295443538433));
#5215 = ADVANCED_FACE('',(#5216),#5232,.F.);
#5216 = FACE_BOUND('',#5217,.T.);
#5217 = EDGE_LOOP('',(#5218,#5219,#5226,#5231));
#5218 = ORIENTED_EDGE('',*,*,#427,.T.);
#5219 = ORIENTED_EDGE('',*,*,#5220,.F.);
#5220 = EDGE_CURVE('',#5221,#430,#5223,.T.);
#5221 = VERTEX_POINT('',#5222);
#5222 = CARTESIAN_POINT('',(-0.104031394257,0.385459791112,
    0.287669159852));
#5223 = B_SPLINE_CURVE_WITH_KNOTS('',1,(#5224,#5225),.UNSPECIFIED.,.F.,
  .F.,(2,2),(-0.,1.E-03),.PIECEWISE_BEZIER_KNOTS.);
#5224 = CARTESIAN_POINT('',(-0.104031394257,0.385459791112,
    0.287669159852));
#5225 = CARTESIAN_POINT('',(-0.104031394257,0.384463596414,
    0.287582004109));
#5226 = ORIENTED_EDGE('',*,*,#5227,.F.);
#5227 = EDGE_CURVE('',#5193,#5221,#5228,.T.);
#5228 = B_SPLINE_CURVE_WITH_KNOTS('',1,(#5229,#5230),.UNSPECIFIED.,.F.,
  .F.,(2,2),(-7.891762584584E-03,0.),.PIECEWISE_BEZIER_KNOTS.);
#5229 = CARTESIAN_POINT('',(-0.104087364046,0.384771995981,
    0.295530694176));
#5230 = CARTESIAN_POINT('',(-0.104031394257,0.385459791112,
    0.287669159852));
#5231 = ORIENTED_EDGE('',*,*,#5201,.T.);
#5232 = B_SPLINE_SURFACE_WITH_KNOTS('',1,1,(
    (#5233,#5234)
    ,(#5235,#5236
    )),.UNSPECIFIED.,.F.,.F.,.F.,(2,2),(2,2),(-8.715356744662E-05,
    7.861733547257E-03),(-1.683990151092E-03,0.),
  .PIECEWISE_BEZIER_KNOTS.);
#5233 = CARTESIAN_POINT('',(-0.104031819389,0.383775801283,
    0.287582001105));
#5234 = CARTESIAN_POINT('',(-0.104030778501,0.385459791112,0.28758200846
    ));
#5235 = CARTESIAN_POINT('',(-0.104087979803,0.383775801283,
    0.295530689826));
#5236 = CARTESIAN_POINT('',(-0.104086938914,0.385459791112,0.29553069718
    ));
#5237 = ADVANCED_FACE('',(#5238),#5256,.F.);
#5238 = FACE_BOUND('',#5239,.F.);
#5239 = EDGE_LOOP('',(#5240,#5241,#5250,#5255));
#5240 = ORIENTED_EDGE('',*,*,#5220,.F.);
#5241 = ORIENTED_EDGE('',*,*,#5242,.T.);
#5242 = EDGE_CURVE('',#5221,#5243,#5245,.T.);
#5243 = VERTEX_POINT('',#5244);
#5244 = CARTESIAN_POINT('',(-0.115835004038,0.385690020347,0.28503762766
    ));
#5245 = B_SPLINE_CURVE_WITH_KNOTS('',3,(#5246,#5247,#5248,#5249),
  .UNSPECIFIED.,.F.,.F.,(4,4),(19.,20.),.PIECEWISE_BEZIER_KNOTS.);
#5246 = CARTESIAN_POINT('',(-0.104031394257,0.385459791112,
    0.287669159852));
#5247 = CARTESIAN_POINT('',(-0.10738817906,0.385608675581,0.285967402584
    ));
#5248 = CARTESIAN_POINT('',(-0.111312170853,0.385687224604,
    0.285069583142));
#5249 = CARTESIAN_POINT('',(-0.115835004038,0.385690020347,0.28503762766
    ));
#5250 = ORIENTED_EDGE('',*,*,#5251,.T.);
#5251 = EDGE_CURVE('',#5243,#597,#5252,.T.);
#5252 = B_SPLINE_CURVE_WITH_KNOTS('',1,(#5253,#5254),.UNSPECIFIED.,.F.,
  .F.,(2,2),(-0.,1.E-03),.PIECEWISE_BEZIER_KNOTS.);
#5253 = CARTESIAN_POINT('',(-0.115835004038,0.385690020347,0.28503762766
    ));
#5254 = CARTESIAN_POINT('',(-0.115835004038,0.384693825649,
    0.284950471917));
#5255 = ORIENTED_EDGE('',*,*,#605,.F.);
#5256 = B_SPLINE_SURFACE_WITH_KNOTS('',3,1,(
    (#5257,#5258)
    ,(#5259,#5260)
    ,(#5261,#5262)
    ,(#5263,#5264
    )),.UNSPECIFIED.,.F.,.F.,.F.,(4,4),(2,2),(19.,20.),(0.,1.),
  .PIECEWISE_BEZIER_KNOTS.);
#5257 = CARTESIAN_POINT('',(-0.104031394257,0.385459791112,
    0.287669159852));
#5258 = CARTESIAN_POINT('',(-0.104031394257,0.384463596414,
    0.287582004109));
#5259 = CARTESIAN_POINT('',(-0.10738817906,0.385608675581,0.285967402584
    ));
#5260 = CARTESIAN_POINT('',(-0.10738817906,0.384612480883,0.285880246841
    ));
#5261 = CARTESIAN_POINT('',(-0.111312170853,0.385687224604,
    0.285069583142));
#5262 = CARTESIAN_POINT('',(-0.111312170853,0.384691029906,0.2849824274)
  );
#5263 = CARTESIAN_POINT('',(-0.115835004038,0.385690020347,0.28503762766
    ));
#5264 = CARTESIAN_POINT('',(-0.115835004038,0.384693825649,
    0.284950471917));
#5265 = ADVANCED_FACE('',(#5266),#5284,.F.);
#5266 = FACE_BOUND('',#5267,.F.);
#5267 = EDGE_LOOP('',(#5268,#5269,#5278,#5283));
#5268 = ORIENTED_EDGE('',*,*,#5251,.F.);
#5269 = ORIENTED_EDGE('',*,*,#5270,.T.);
#5270 = EDGE_CURVE('',#5243,#5271,#5273,.T.);
#5271 = VERTEX_POINT('',#5272);
#5272 = CARTESIAN_POINT('',(-0.128554684823,0.385396107787,
    0.288397063587));
#5273 = B_SPLINE_CURVE_WITH_KNOTS('',3,(#5274,#5275,#5276,#5277),
  .UNSPECIFIED.,.F.,.F.,(4,4),(18.,19.),.PIECEWISE_BEZIER_KNOTS.);
#5274 = CARTESIAN_POINT('',(-0.115835004038,0.385690020347,0.28503762766
    ));
#5275 = CARTESIAN_POINT('',(-0.121028464212,0.38569323063,0.285000933951
    ));
#5276 = CARTESIAN_POINT('',(-0.125278755124,0.385595266204,
    0.286120672466));
#5277 = CARTESIAN_POINT('',(-0.128554684823,0.385396107787,
    0.288397063587));
#5278 = ORIENTED_EDGE('',*,*,#5279,.T.);
#5279 = EDGE_CURVE('',#5271,#588,#5280,.T.);
#5280 = B_SPLINE_CURVE_WITH_KNOTS('',1,(#5281,#5282),.UNSPECIFIED.,.F.,
  .F.,(2,2),(-0.,1.E-03),.PIECEWISE_BEZIER_KNOTS.);
#5281 = CARTESIAN_POINT('',(-0.128554684823,0.385396107787,
    0.288397063587));
#5282 = CARTESIAN_POINT('',(-0.128554684823,0.384399913089,
    0.288309907844));
#5283 = ORIENTED_EDGE('',*,*,#596,.F.);
#5284 = B_SPLINE_SURFACE_WITH_KNOTS('',3,1,(
    (#5285,#5286)
    ,(#5287,#5288)
    ,(#5289,#5290)
    ,(#5291,#5292
    )),.UNSPECIFIED.,.F.,.F.,.F.,(4,4),(2,2),(18.,19.),(0.,1.),
  .PIECEWISE_BEZIER_KNOTS.);
#5285 = CARTESIAN_POINT('',(-0.115835004038,0.385690020347,0.28503762766
    ));
#5286 = CARTESIAN_POINT('',(-0.115835004038,0.384693825649,
    0.284950471917));
#5287 = CARTESIAN_POINT('',(-0.121028464212,0.38569323063,0.285000933951
    ));
#5288 = CARTESIAN_POINT('',(-0.121028464212,0.384697035932,
    0.284913778208));
#5289 = CARTESIAN_POINT('',(-0.125278755124,0.385595266204,
    0.286120672466));
#5290 = CARTESIAN_POINT('',(-0.125278755124,0.384599071506,
    0.286033516723));
#5291 = CARTESIAN_POINT('',(-0.128554684823,0.385396107787,
    0.288397063587));
#5292 = CARTESIAN_POINT('',(-0.128554684823,0.384399913089,
    0.288309907844));
#5293 = ADVANCED_FACE('',(#5294),#5312,.F.);
#5294 = FACE_BOUND('',#5295,.F.);
#5295 = EDGE_LOOP('',(#5296,#5297,#5306,#5311));
#5296 = ORIENTED_EDGE('',*,*,#5279,.F.);
#5297 = ORIENTED_EDGE('',*,*,#5298,.T.);
#5298 = EDGE_CURVE('',#5271,#5299,#5301,.T.);
#5299 = VERTEX_POINT('',#5300);
#5300 = CARTESIAN_POINT('',(-0.133534227208,0.384578140077,
    0.297746477298));
#5301 = B_SPLINE_CURVE_WITH_KNOTS('',3,(#5302,#5303,#5304,#5305),
  .UNSPECIFIED.,.F.,.F.,(4,4),(17.,18.),.PIECEWISE_BEZIER_KNOTS.);
#5302 = CARTESIAN_POINT('',(-0.128554684823,0.385396107787,
    0.288397063587));
#5303 = CARTESIAN_POINT('',(-0.131845989274,0.385199677569,
    0.290642271259));
#5304 = CARTESIAN_POINT('',(-0.133505910477,0.384926115479,
    0.293769100249));
#5305 = CARTESIAN_POINT('',(-0.133534227208,0.384578140077,
    0.297746477298));
#5306 = ORIENTED_EDGE('',*,*,#5307,.T.);
#5307 = EDGE_CURVE('',#5299,#579,#5308,.T.);
#5308 = B_SPLINE_CURVE_WITH_KNOTS('',1,(#5309,#5310),.UNSPECIFIED.,.F.,
  .F.,(2,2),(-0.,1.E-03),.PIECEWISE_BEZIER_KNOTS.);
#5309 = CARTESIAN_POINT('',(-0.133534227208,0.384578140077,
    0.297746477298));
#5310 = CARTESIAN_POINT('',(-0.133534227208,0.383581945379,
    0.297659321555));
#5311 = ORIENTED_EDGE('',*,*,#587,.F.);
#5312 = B_SPLINE_SURFACE_WITH_KNOTS('',3,1,(
    (#5313,#5314)
    ,(#5315,#5316)
    ,(#5317,#5318)
    ,(#5319,#5320
    )),.UNSPECIFIED.,.F.,.F.,.F.,(4,4),(2,2),(17.,18.),(0.,1.),
  .PIECEWISE_BEZIER_KNOTS.);
#5313 = CARTESIAN_POINT('',(-0.128554684823,0.385396107787,
    0.288397063587));
#5314 = CARTESIAN_POINT('',(-0.128554684823,0.384399913089,
    0.288309907844));
#5315 = CARTESIAN_POINT('',(-0.131845989274,0.385199677569,
    0.290642271259));
#5316 = CARTESIAN_POINT('',(-0.131845989274,0.384203482871,
    0.290555115516));
#5317 = CARTESIAN_POINT('',(-0.133505910477,0.384926115479,
    0.293769100249));
#5318 = CARTESIAN_POINT('',(-0.133505910477,0.383929920781,
    0.293681944506));
#5319 = CARTESIAN_POINT('',(-0.133534227208,0.384578140077,
    0.297746477298));
#5320 = CARTESIAN_POINT('',(-0.133534227208,0.383581945379,
    0.297659321555));
#5321 = ADVANCED_FACE('',(#5322),#5340,.F.);
#5322 = FACE_BOUND('',#5323,.F.);
#5323 = EDGE_LOOP('',(#5324,#5325,#5334,#5339));
#5324 = ORIENTED_EDGE('',*,*,#5307,.F.);
#5325 = ORIENTED_EDGE('',*,*,#5326,.T.);
#5326 = EDGE_CURVE('',#5299,#5327,#5329,.T.);
#5327 = VERTEX_POINT('',#5328);
#5328 = CARTESIAN_POINT('',(-0.131027589913,0.383948572177,
    0.304942471319));
#5329 = B_SPLINE_CURVE_WITH_KNOTS('',3,(#5330,#5331,#5332,#5333),
  .UNSPECIFIED.,.F.,.F.,(4,4),(16.,17.),.PIECEWISE_BEZIER_KNOTS.);
#5330 = CARTESIAN_POINT('',(-0.133534227208,0.384578140077,
    0.297746477298));
#5331 = CARTESIAN_POINT('',(-0.133554579858,0.384328032757,
    0.300605217053));
#5332 = CARTESIAN_POINT('',(-0.132713835434,0.384118173576,
    0.303003918457));
#5333 = CARTESIAN_POINT('',(-0.131027589913,0.383948572177,
    0.304942471319));
#5334 = ORIENTED_EDGE('',*,*,#5335,.T.);
#5335 = EDGE_CURVE('',#5327,#570,#5336,.T.);
#5336 = B_SPLINE_CURVE_WITH_KNOTS('',1,(#5337,#5338),.UNSPECIFIED.,.F.,
  .F.,(2,2),(-0.,1.E-03),.PIECEWISE_BEZIER_KNOTS.);
#5337 = CARTESIAN_POINT('',(-0.131027589913,0.383948572177,
    0.304942471319));
#5338 = CARTESIAN_POINT('',(-0.131027589913,0.382952377479,
    0.304855315576));
#5339 = ORIENTED_EDGE('',*,*,#578,.F.);
#5340 = B_SPLINE_SURFACE_WITH_KNOTS('',3,1,(
    (#5341,#5342)
    ,(#5343,#5344)
    ,(#5345,#5346)
    ,(#5347,#5348
    )),.UNSPECIFIED.,.F.,.F.,.F.,(4,4),(2,2),(16.,17.),(0.,1.),
  .PIECEWISE_BEZIER_KNOTS.);
#5341 = CARTESIAN_POINT('',(-0.133534227208,0.384578140077,
    0.297746477298));
#5342 = CARTESIAN_POINT('',(-0.133534227208,0.383581945379,
    0.297659321555));
#5343 = CARTESIAN_POINT('',(-0.133554579858,0.384328032757,
    0.300605217053));
#5344 = CARTESIAN_POINT('',(-0.133554579858,0.383331838058,0.30051806131
    ));
#5345 = CARTESIAN_POINT('',(-0.132713835434,0.384118173576,
    0.303003918457));
#5346 = CARTESIAN_POINT('',(-0.132713835434,0.383121978878,
    0.302916762714));
#5347 = CARTESIAN_POINT('',(-0.131027589913,0.383948572177,
    0.304942471319));
#5348 = CARTESIAN_POINT('',(-0.131027589913,0.382952377479,
    0.304855315576));
#5349 = ADVANCED_FACE('',(#5350),#5368,.F.);
#5350 = FACE_BOUND('',#5351,.F.);
#5351 = EDGE_LOOP('',(#5352,#5353,#5362,#5367));
#5352 = ORIENTED_EDGE('',*,*,#5335,.F.);
#5353 = ORIENTED_EDGE('',*,*,#5354,.T.);
#5354 = EDGE_CURVE('',#5327,#5355,#5357,.T.);
#5355 = VERTEX_POINT('',#5356);
#5356 = CARTESIAN_POINT('',(-0.121210974393,0.38345042042,0.310636371966
    ));
#5357 = B_SPLINE_CURVE_WITH_KNOTS('',3,(#5358,#5359,#5360,#5361),
  .UNSPECIFIED.,.F.,.F.,(4,4),(15.,16.),.PIECEWISE_BEZIER_KNOTS.);
#5358 = CARTESIAN_POINT('',(-0.131027589913,0.383948572177,
    0.304942471319));
#5359 = CARTESIAN_POINT('',(-0.129325748415,0.383778961138,
    0.306881134372));
#5360 = CARTESIAN_POINT('',(-0.126064088042,0.383611104607,
    0.308799743299));
#5361 = CARTESIAN_POINT('',(-0.121210974393,0.38345042042,0.310636371966
    ));
#5362 = ORIENTED_EDGE('',*,*,#5363,.T.);
#5363 = EDGE_CURVE('',#5355,#561,#5364,.T.);
#5364 = B_SPLINE_CURVE_WITH_KNOTS('',1,(#5365,#5366),.UNSPECIFIED.,.F.,
  .F.,(2,2),(-0.,1.E-03),.PIECEWISE_BEZIER_KNOTS.);
#5365 = CARTESIAN_POINT('',(-0.121210974393,0.38345042042,0.310636371966
    ));
#5366 = CARTESIAN_POINT('',(-0.121210974393,0.382454225721,
    0.310549216223));
#5367 = ORIENTED_EDGE('',*,*,#569,.F.);
#5368 = B_SPLINE_SURFACE_WITH_KNOTS('',3,1,(
    (#5369,#5370)
    ,(#5371,#5372)
    ,(#5373,#5374)
    ,(#5375,#5376
    )),.UNSPECIFIED.,.F.,.F.,.F.,(4,4),(2,2),(15.,16.),(0.,1.),
  .PIECEWISE_BEZIER_KNOTS.);
#5369 = CARTESIAN_POINT('',(-0.131027589913,0.383948572177,
    0.304942471319));
#5370 = CARTESIAN_POINT('',(-0.131027589913,0.382952377479,
    0.304855315576));
#5371 = CARTESIAN_POINT('',(-0.129325748415,0.383778961138,
    0.306881134372));
#5372 = CARTESIAN_POINT('',(-0.129325748415,0.38278276644,0.306793978629
    ));
#5373 = CARTESIAN_POINT('',(-0.126064088042,0.383611104607,
    0.308799743299));
#5374 = CARTESIAN_POINT('',(-0.126064088042,0.382614909909,
    0.308712587556));
#5375 = CARTESIAN_POINT('',(-0.121210974393,0.38345042042,0.310636371966
    ));
#5376 = CARTESIAN_POINT('',(-0.121210974393,0.382454225721,
    0.310549216223));
#5377 = ADVANCED_FACE('',(#5378),#5396,.F.);
#5378 = FACE_BOUND('',#5379,.F.);
#5379 = EDGE_LOOP('',(#5380,#5381,#5390,#5395));
#5380 = ORIENTED_EDGE('',*,*,#5363,.F.);
#5381 = ORIENTED_EDGE('',*,*,#5382,.T.);
#5382 = EDGE_CURVE('',#5355,#5383,#5385,.T.);
#5383 = VERTEX_POINT('',#5384);
#5384 = CARTESIAN_POINT('',(-0.113813836515,0.383119604606,
    0.314417614017));
#5385 = B_SPLINE_CURVE_WITH_KNOTS('',3,(#5386,#5387,#5388,#5389),
  .UNSPECIFIED.,.F.,.F.,(4,4),(14.,15.),.PIECEWISE_BEZIER_KNOTS.);
#5386 = CARTESIAN_POINT('',(-0.121210974393,0.38345042042,0.310636371966
    ));
#5387 = CARTESIAN_POINT('',(-0.117384982949,0.383317558083,
    0.312154995424));
#5388 = CARTESIAN_POINT('',(-0.11492966764,0.383207292572,0.31341533598)
  );
#5389 = CARTESIAN_POINT('',(-0.113813836515,0.383119604606,
    0.314417614017));
#5390 = ORIENTED_EDGE('',*,*,#5391,.T.);
#5391 = EDGE_CURVE('',#5383,#552,#5392,.T.);
#5392 = B_SPLINE_CURVE_WITH_KNOTS('',1,(#5393,#5394),.UNSPECIFIED.,.F.,
  .F.,(2,2),(-0.,1.E-03),.PIECEWISE_BEZIER_KNOTS.);
#5393 = CARTESIAN_POINT('',(-0.113813836515,0.383119604606,
    0.314417614017));
#5394 = CARTESIAN_POINT('',(-0.113813836515,0.382123409908,
    0.314330458275));
#5395 = ORIENTED_EDGE('',*,*,#560,.F.);
#5396 = B_SPLINE_SURFACE_WITH_KNOTS('',3,1,(
    (#5397,#5398)
    ,(#5399,#5400)
    ,(#5401,#5402)
    ,(#5403,#5404
    )),.UNSPECIFIED.,.F.,.F.,.F.,(4,4),(2,2),(14.,15.),(0.,1.),
  .PIECEWISE_BEZIER_KNOTS.);
#5397 = CARTESIAN_POINT('',(-0.121210974393,0.38345042042,0.310636371966
    ));
#5398 = CARTESIAN_POINT('',(-0.121210974393,0.382454225721,
    0.310549216223));
#5399 = CARTESIAN_POINT('',(-0.117384982949,0.383317558083,
    0.312154995424));
#5400 = CARTESIAN_POINT('',(-0.117384982949,0.382321363385,
    0.312067839681));
#5401 = CARTESIAN_POINT('',(-0.11492966764,0.383207292572,0.31341533598)
  );
#5402 = CARTESIAN_POINT('',(-0.11492966764,0.382211097874,0.313328180237
    ));
#5403 = CARTESIAN_POINT('',(-0.113813836515,0.383119604606,
    0.314417614017));
#5404 = CARTESIAN_POINT('',(-0.113813836515,0.382123409908,
    0.314330458275));
#5405 = ADVANCED_FACE('',(#5406),#5424,.F.);
#5406 = FACE_BOUND('',#5407,.F.);
#5407 = EDGE_LOOP('',(#5408,#5409,#5418,#5423));
#5408 = ORIENTED_EDGE('',*,*,#5391,.F.);
#5409 = ORIENTED_EDGE('',*,*,#5410,.T.);
#5410 = EDGE_CURVE('',#5383,#5411,#5413,.T.);
#5411 = VERTEX_POINT('',#5412);
#5412 = CARTESIAN_POINT('',(-0.11217382621,0.382765160555,0.318468928054
    ));
#5413 = B_SPLINE_CURVE_WITH_KNOTS('',3,(#5414,#5415,#5416,#5417),
  .UNSPECIFIED.,.F.,.F.,(4,4),(13.,14.),.PIECEWISE_BEZIER_KNOTS.);
#5414 = CARTESIAN_POINT('',(-0.113813836515,0.383119604606,
    0.314417614017));
#5415 = CARTESIAN_POINT('',(-0.112713380142,0.383034644838,
    0.315388708605));
#5416 = CARTESIAN_POINT('',(-0.11216143764,0.382917399794,0.316728825595
    ));
#5417 = CARTESIAN_POINT('',(-0.11217382621,0.382765160555,0.318468928054
    ));
#5418 = ORIENTED_EDGE('',*,*,#5419,.T.);
#5419 = EDGE_CURVE('',#5411,#543,#5420,.T.);
#5420 = B_SPLINE_CURVE_WITH_KNOTS('',1,(#5421,#5422),.UNSPECIFIED.,.F.,
  .F.,(2,2),(-0.,1.E-03),.PIECEWISE_BEZIER_KNOTS.);
#5421 = CARTESIAN_POINT('',(-0.11217382621,0.382765160555,0.318468928054
    ));
#5422 = CARTESIAN_POINT('',(-0.11217382621,0.381768965857,0.318381772312
    ));
#5423 = ORIENTED_EDGE('',*,*,#551,.F.);
#5424 = B_SPLINE_SURFACE_WITH_KNOTS('',3,1,(
    (#5425,#5426)
    ,(#5427,#5428)
    ,(#5429,#5430)
    ,(#5431,#5432
    )),.UNSPECIFIED.,.F.,.F.,.F.,(4,4),(2,2),(13.,14.),(0.,1.),
  .PIECEWISE_BEZIER_KNOTS.);
#5425 = CARTESIAN_POINT('',(-0.113813836515,0.383119604606,
    0.314417614017));
#5426 = CARTESIAN_POINT('',(-0.113813836515,0.382123409908,
    0.314330458275));
#5427 = CARTESIAN_POINT('',(-0.112713380142,0.383034644838,
    0.315388708605));
#5428 = CARTESIAN_POINT('',(-0.112713380142,0.38203845014,0.315301552862
    ));
#5429 = CARTESIAN_POINT('',(-0.11216143764,0.382917399794,0.316728825595
    ));
#5430 = CARTESIAN_POINT('',(-0.11216143764,0.381921205096,0.316641669852
    ));
#5431 = CARTESIAN_POINT('',(-0.11217382621,0.382765160555,0.318468928054
    ));
#5432 = CARTESIAN_POINT('',(-0.11217382621,0.381768965857,0.318381772312
    ));
#5433 = ADVANCED_FACE('',(#5434),#5452,.F.);
#5434 = FACE_BOUND('',#5435,.F.);
#5435 = EDGE_LOOP('',(#5436,#5437,#5446,#5451));
#5436 = ORIENTED_EDGE('',*,*,#5419,.F.);
#5437 = ORIENTED_EDGE('',*,*,#5438,.T.);
#5438 = EDGE_CURVE('',#5411,#5439,#5441,.T.);
#5439 = VERTEX_POINT('',#5440);
#5440 = CARTESIAN_POINT('',(-0.114527713235,0.382396873123,
    0.322678472663));
#5441 = B_SPLINE_CURVE_WITH_KNOTS('',3,(#5442,#5443,#5444,#5445),
  .UNSPECIFIED.,.F.,.F.,(4,4),(12.,13.),.PIECEWISE_BEZIER_KNOTS.);
#5442 = CARTESIAN_POINT('',(-0.11217382621,0.382765160555,0.318468928054
    ));
#5443 = CARTESIAN_POINT('',(-0.11218621478,0.382612921317,0.320209030513
    ));
#5444 = CARTESIAN_POINT('',(-0.11297618993,0.382488349681,0.321632890825
    ));
#5445 = CARTESIAN_POINT('',(-0.114527713235,0.382396873123,
    0.322678472663));
#5446 = ORIENTED_EDGE('',*,*,#5447,.T.);
#5447 = EDGE_CURVE('',#5439,#534,#5448,.T.);
#5448 = B_SPLINE_CURVE_WITH_KNOTS('',1,(#5449,#5450),.UNSPECIFIED.,.F.,
  .F.,(2,2),(-0.,1.E-03),.PIECEWISE_BEZIER_KNOTS.);
#5449 = CARTESIAN_POINT('',(-0.114527713235,0.382396873123,
    0.322678472663));
#5450 = CARTESIAN_POINT('',(-0.114527713235,0.381400678425,0.32259131692
    ));
#5451 = ORIENTED_EDGE('',*,*,#542,.F.);
#5452 = B_SPLINE_SURFACE_WITH_KNOTS('',3,1,(
    (#5453,#5454)
    ,(#5455,#5456)
    ,(#5457,#5458)
    ,(#5459,#5460
    )),.UNSPECIFIED.,.F.,.F.,.F.,(4,4),(2,2),(12.,13.),(0.,1.),
  .PIECEWISE_BEZIER_KNOTS.);
#5453 = CARTESIAN_POINT('',(-0.11217382621,0.382765160555,0.318468928054
    ));
#5454 = CARTESIAN_POINT('',(-0.11217382621,0.381768965857,0.318381772312
    ));
#5455 = CARTESIAN_POINT('',(-0.11218621478,0.382612921317,0.320209030513
    ));
#5456 = CARTESIAN_POINT('',(-0.11218621478,0.381616726619,0.320121874771
    ));
#5457 = CARTESIAN_POINT('',(-0.11297618993,0.382488349681,0.321632890825
    ));
#5458 = CARTESIAN_POINT('',(-0.11297618993,0.381492154983,0.321545735082
    ));
#5459 = CARTESIAN_POINT('',(-0.114527713235,0.382396873123,
    0.322678472663));
#5460 = CARTESIAN_POINT('',(-0.114527713235,0.381400678425,0.32259131692
    ));
#5461 = ADVANCED_FACE('',(#5462),#5480,.F.);
#5462 = FACE_BOUND('',#5463,.F.);
#5463 = EDGE_LOOP('',(#5464,#5465,#5474,#5479));
#5464 = ORIENTED_EDGE('',*,*,#5447,.F.);
#5465 = ORIENTED_EDGE('',*,*,#5466,.T.);
#5466 = EDGE_CURVE('',#5439,#5467,#5469,.T.);
#5467 = VERTEX_POINT('',#5468);
#5468 = CARTESIAN_POINT('',(-0.120559263836,0.382259229346,
    0.324251748241));
#5469 = B_SPLINE_CURVE_WITH_KNOTS('',3,(#5470,#5471,#5472,#5473),
  .UNSPECIFIED.,.F.,.F.,(4,4),(11.,12.),.PIECEWISE_BEZIER_KNOTS.);
#5470 = CARTESIAN_POINT('',(-0.114527713235,0.382396873123,
    0.322678472663));
#5471 = CARTESIAN_POINT('',(-0.116079457765,0.382302678008,
    0.323755127759));
#5472 = CARTESIAN_POINT('',(-0.118095099549,0.382257706148,
    0.324269158469));
#5473 = CARTESIAN_POINT('',(-0.120559263836,0.382259229346,
    0.324251748241));
#5474 = ORIENTED_EDGE('',*,*,#5475,.T.);
#5475 = EDGE_CURVE('',#5467,#525,#5476,.T.);
#5476 = B_SPLINE_CURVE_WITH_KNOTS('',1,(#5477,#5478),.UNSPECIFIED.,.F.,
  .F.,(2,2),(-0.,1.E-03),.PIECEWISE_BEZIER_KNOTS.);
#5477 = CARTESIAN_POINT('',(-0.120559263836,0.382259229346,
    0.324251748241));
#5478 = CARTESIAN_POINT('',(-0.120559263836,0.381263034648,
    0.324164592498));
#5479 = ORIENTED_EDGE('',*,*,#533,.F.);
#5480 = B_SPLINE_SURFACE_WITH_KNOTS('',3,1,(
    (#5481,#5482)
    ,(#5483,#5484)
    ,(#5485,#5486)
    ,(#5487,#5488
    )),.UNSPECIFIED.,.F.,.F.,.F.,(4,4),(2,2),(11.,12.),(0.,1.),
  .PIECEWISE_BEZIER_KNOTS.);
#5481 = CARTESIAN_POINT('',(-0.114527713235,0.382396873123,
    0.322678472663));
#5482 = CARTESIAN_POINT('',(-0.114527713235,0.381400678425,0.32259131692
    ));
#5483 = CARTESIAN_POINT('',(-0.116079457765,0.382302678008,
    0.323755127759));
#5484 = CARTESIAN_POINT('',(-0.116079457765,0.38130648331,0.323667972017
    ));
#5485 = CARTESIAN_POINT('',(-0.118095099549,0.382257706148,
    0.324269158469));
#5486 = CARTESIAN_POINT('',(-0.118095099549,0.38126151145,0.324182002726
    ));
#5487 = CARTESIAN_POINT('',(-0.120559263836,0.382259229346,
    0.324251748241));
#5488 = CARTESIAN_POINT('',(-0.120559263836,0.381263034648,
    0.324164592498));
#5489 = ADVANCED_FACE('',(#5490),#5508,.F.);
#5490 = FACE_BOUND('',#5491,.F.);
#5491 = EDGE_LOOP('',(#5492,#5493,#5502,#5507));
#5492 = ORIENTED_EDGE('',*,*,#5475,.F.);
#5493 = ORIENTED_EDGE('',*,*,#5494,.T.);
#5494 = EDGE_CURVE('',#5467,#5495,#5497,.T.);
#5495 = VERTEX_POINT('',#5496);
#5496 = CARTESIAN_POINT('',(-0.131610063479,0.382540648436,
    0.321035113326));
#5497 = B_SPLINE_CURVE_WITH_KNOTS('',3,(#5498,#5499,#5500,#5501),
  .UNSPECIFIED.,.F.,.F.,(4,4),(10.,11.),.PIECEWISE_BEZIER_KNOTS.);
#5498 = CARTESIAN_POINT('',(-0.120559263836,0.382259229346,
    0.324251748241));
#5499 = CARTESIAN_POINT('',(-0.124692197608,0.382261784076,
    0.324222547541));
#5500 = CARTESIAN_POINT('',(-0.12836532643,0.382356490198,0.323140051611
    ));
#5501 = CARTESIAN_POINT('',(-0.131610063479,0.382540648436,
    0.321035113326));
#5502 = ORIENTED_EDGE('',*,*,#5503,.T.);
#5503 = EDGE_CURVE('',#5495,#518,#5504,.T.);
#5504 = B_SPLINE_CURVE_WITH_KNOTS('',1,(#5505,#5506),.UNSPECIFIED.,.F.,
  .F.,(2,2),(-0.,1.E-03),.PIECEWISE_BEZIER_KNOTS.);
#5505 = CARTESIAN_POINT('',(-0.131610063479,0.382540648436,
    0.321035113326));
#5506 = CARTESIAN_POINT('',(-0.131610063479,0.381544453737,
    0.320947957584));
#5507 = ORIENTED_EDGE('',*,*,#524,.F.);
#5508 = B_SPLINE_SURFACE_WITH_KNOTS('',3,1,(
    (#5509,#5510)
    ,(#5511,#5512)
    ,(#5513,#5514)
    ,(#5515,#5516
    )),.UNSPECIFIED.,.F.,.F.,.F.,(4,4),(2,2),(10.,11.),(0.,1.),
  .PIECEWISE_BEZIER_KNOTS.);
#5509 = CARTESIAN_POINT('',(-0.120559263836,0.382259229346,
    0.324251748241));
#5510 = CARTESIAN_POINT('',(-0.120559263836,0.381263034648,
    0.324164592498));
#5511 = CARTESIAN_POINT('',(-0.124692197608,0.382261784076,
    0.324222547541));
#5512 = CARTESIAN_POINT('',(-0.124692197608,0.381265589378,
    0.324135391799));
#5513 = CARTESIAN_POINT('',(-0.12836532643,0.382356490198,0.323140051611
    ));
#5514 = CARTESIAN_POINT('',(-0.12836532643,0.3813602955,0.323052895869)
  );
#5515 = CARTESIAN_POINT('',(-0.131610063479,0.382540648436,
    0.321035113326));
#5516 = CARTESIAN_POINT('',(-0.131610063479,0.381544453737,
    0.320947957584));
#5517 = ADVANCED_FACE('',(#5518),#5534,.F.);
#5518 = FACE_BOUND('',#5519,.T.);
#5519 = EDGE_LOOP('',(#5520,#5521,#5528,#5533));
#5520 = ORIENTED_EDGE('',*,*,#517,.T.);
#5521 = ORIENTED_EDGE('',*,*,#5522,.F.);
#5522 = EDGE_CURVE('',#5523,#509,#5525,.T.);
#5523 = VERTEX_POINT('',#5524);
#5524 = CARTESIAN_POINT('',(-0.131662714902,0.381893631672,
    0.328430548778));
#5525 = B_SPLINE_CURVE_WITH_KNOTS('',1,(#5526,#5527),.UNSPECIFIED.,.F.,
  .F.,(2,2),(-0.,1.E-03),.PIECEWISE_BEZIER_KNOTS.);
#5526 = CARTESIAN_POINT('',(-0.131662714902,0.381893631672,
    0.328430548778));
#5527 = CARTESIAN_POINT('',(-0.131662714902,0.380897436974,
    0.328343393035));
#5528 = ORIENTED_EDGE('',*,*,#5529,.F.);
#5529 = EDGE_CURVE('',#5495,#5523,#5530,.T.);
#5530 = B_SPLINE_CURVE_WITH_KNOTS('',1,(#5531,#5532),.UNSPECIFIED.,.F.,
  .F.,(2,2),(-7.423871522359E-03,0.),.PIECEWISE_BEZIER_KNOTS.);
#5531 = CARTESIAN_POINT('',(-0.131610063479,0.382540648436,
    0.321035113326));
#5532 = CARTESIAN_POINT('',(-0.131662714902,0.381893631672,
    0.328430548778));
#5533 = ORIENTED_EDGE('',*,*,#5503,.T.);
#5534 = B_SPLINE_SURFACE_WITH_KNOTS('',1,1,(
    (#5535,#5536)
    ,(#5537,#5538
    )),.UNSPECIFIED.,.F.,.F.,.F.,(2,2),(2,2),(0.,7.482776430185E-03),(
    -9.961948884035E-04,6.470168874389E-04),.PIECEWISE_BEZIER_KNOTS.);
#5535 = CARTESIAN_POINT('',(-0.131663330658,0.380897436974,
    0.328430544427));
#5536 = CARTESIAN_POINT('',(-0.131662314975,0.382540648436,
    0.328430551603));
#5537 = CARTESIAN_POINT('',(-0.131610463406,0.380897436974,
    0.320947954758));
#5538 = CARTESIAN_POINT('',(-0.131609447723,0.382540648436,
    0.320947961934));
#5539 = ADVANCED_FACE('',(#5540),#5558,.F.);
#5540 = FACE_BOUND('',#5541,.F.);
#5541 = EDGE_LOOP('',(#5542,#5543,#5552,#5557));
#5542 = ORIENTED_EDGE('',*,*,#5522,.F.);
#5543 = ORIENTED_EDGE('',*,*,#5544,.T.);
#5544 = EDGE_CURVE('',#5523,#5545,#5547,.T.);
#5545 = VERTEX_POINT('',#5546);
#5546 = CARTESIAN_POINT('',(-0.121351894376,0.381718699081,
    0.330430037439));
#5547 = B_SPLINE_CURVE_WITH_KNOTS('',3,(#5548,#5549,#5550,#5551),
  .UNSPECIFIED.,.F.,.F.,(4,4),(8.,9.),.PIECEWISE_BEZIER_KNOTS.);
#5548 = CARTESIAN_POINT('',(-0.131662714902,0.381893631672,
    0.328430548778));
#5549 = CARTESIAN_POINT('',(-0.128490427123,0.381777485583,
    0.329758104651));
#5550 = CARTESIAN_POINT('',(-0.125063736782,0.381720993518,
    0.330403811905));
#5551 = CARTESIAN_POINT('',(-0.121351894376,0.381718699081,
    0.330430037439));
#5552 = ORIENTED_EDGE('',*,*,#5553,.T.);
#5553 = EDGE_CURVE('',#5545,#500,#5554,.T.);
#5554 = B_SPLINE_CURVE_WITH_KNOTS('',1,(#5555,#5556),.UNSPECIFIED.,.F.,
  .F.,(2,2),(-0.,1.E-03),.PIECEWISE_BEZIER_KNOTS.);
#5555 = CARTESIAN_POINT('',(-0.121351894376,0.381718699081,
    0.330430037439));
#5556 = CARTESIAN_POINT('',(-0.121351894376,0.380722504383,
    0.330342881696));
#5557 = ORIENTED_EDGE('',*,*,#508,.F.);
#5558 = B_SPLINE_SURFACE_WITH_KNOTS('',3,1,(
    (#5559,#5560)
    ,(#5561,#5562)
    ,(#5563,#5564)
    ,(#5565,#5566
    )),.UNSPECIFIED.,.F.,.F.,.F.,(4,4),(2,2),(8.,9.),(0.,1.),
  .PIECEWISE_BEZIER_KNOTS.);
#5559 = CARTESIAN_POINT('',(-0.131662714902,0.381893631672,
    0.328430548778));
#5560 = CARTESIAN_POINT('',(-0.131662714902,0.380897436974,
    0.328343393035));
#5561 = CARTESIAN_POINT('',(-0.128490427123,0.381777485583,
    0.329758104651));
#5562 = CARTESIAN_POINT('',(-0.128490427123,0.380781290884,
    0.329670948908));
#5563 = CARTESIAN_POINT('',(-0.125063736782,0.381720993518,
    0.330403811905));
#5564 = CARTESIAN_POINT('',(-0.125063736782,0.38072479882,0.330316656163
    ));
#5565 = CARTESIAN_POINT('',(-0.121351894376,0.381718699081,
    0.330430037439));
#5566 = CARTESIAN_POINT('',(-0.121351894376,0.380722504383,
    0.330342881696));
#5567 = ADVANCED_FACE('',(#5568),#5586,.F.);
#5568 = FACE_BOUND('',#5569,.F.);
#5569 = EDGE_LOOP('',(#5570,#5571,#5580,#5585));
#5570 = ORIENTED_EDGE('',*,*,#5553,.F.);
#5571 = ORIENTED_EDGE('',*,*,#5572,.T.);
#5572 = EDGE_CURVE('',#5545,#5573,#5575,.T.);
#5573 = VERTEX_POINT('',#5574);
#5574 = CARTESIAN_POINT('',(-0.10925605265,0.38201299726,0.327066193859)
  );
#5575 = B_SPLINE_CURVE_WITH_KNOTS('',3,(#5576,#5577,#5578,#5579),
  .UNSPECIFIED.,.F.,.F.,(4,4),(7.,8.),.PIECEWISE_BEZIER_KNOTS.);
#5576 = CARTESIAN_POINT('',(-0.121351894376,0.381718699081,
    0.330430037439));
#5577 = CARTESIAN_POINT('',(-0.116579525567,0.381715749091,
    0.330463755983));
#5578 = CARTESIAN_POINT('',(-0.112547578325,0.381813848484,
    0.329342474789));
#5579 = CARTESIAN_POINT('',(-0.10925605265,0.38201299726,0.327066193859)
  );
#5580 = ORIENTED_EDGE('',*,*,#5581,.T.);
#5581 = EDGE_CURVE('',#5573,#491,#5582,.T.);
#5582 = B_SPLINE_CURVE_WITH_KNOTS('',1,(#5583,#5584),.UNSPECIFIED.,.F.,
  .F.,(2,2),(-0.,1.E-03),.PIECEWISE_BEZIER_KNOTS.);
#5583 = CARTESIAN_POINT('',(-0.10925605265,0.38201299726,0.327066193859)
  );
#5584 = CARTESIAN_POINT('',(-0.10925605265,0.381016802562,0.326979038116
    ));
#5585 = ORIENTED_EDGE('',*,*,#499,.F.);
#5586 = B_SPLINE_SURFACE_WITH_KNOTS('',3,1,(
    (#5587,#5588)
    ,(#5589,#5590)
    ,(#5591,#5592)
    ,(#5593,#5594
    )),.UNSPECIFIED.,.F.,.F.,.F.,(4,4),(2,2),(7.,8.),(0.,1.),
  .PIECEWISE_BEZIER_KNOTS.);
#5587 = CARTESIAN_POINT('',(-0.121351894376,0.381718699081,
    0.330430037439));
#5588 = CARTESIAN_POINT('',(-0.121351894376,0.380722504383,
    0.330342881696));
#5589 = CARTESIAN_POINT('',(-0.116579525567,0.381715749091,
    0.330463755983));
#5590 = CARTESIAN_POINT('',(-0.116579525567,0.380719554393,0.33037660024
    ));
#5591 = CARTESIAN_POINT('',(-0.112547578325,0.381813848484,
    0.329342474789));
#5592 = CARTESIAN_POINT('',(-0.112547578325,0.380817653786,
    0.329255319047));
#5593 = CARTESIAN_POINT('',(-0.10925605265,0.38201299726,0.327066193859)
  );
#5594 = CARTESIAN_POINT('',(-0.10925605265,0.381016802562,0.326979038116
    ));
#5595 = ADVANCED_FACE('',(#5596),#5614,.F.);
#5596 = FACE_BOUND('',#5597,.F.);
#5597 = EDGE_LOOP('',(#5598,#5599,#5608,#5613));
#5598 = ORIENTED_EDGE('',*,*,#5581,.F.);
#5599 = ORIENTED_EDGE('',*,*,#5600,.T.);
#5600 = EDGE_CURVE('',#5573,#5601,#5603,.T.);
#5601 = VERTEX_POINT('',#5602);
#5602 = CARTESIAN_POINT('',(-0.10429299114,0.38282010038,0.31784096299)
  );
#5603 = B_SPLINE_CURVE_WITH_KNOTS('',3,(#5604,#5605,#5606,#5607),
  .UNSPECIFIED.,.F.,.F.,(4,4),(6.,7.),.PIECEWISE_BEZIER_KNOTS.);
#5604 = CARTESIAN_POINT('',(-0.10925605265,0.38201299726,0.327066193859)
  );
#5605 = CARTESIAN_POINT('',(-0.105979901727,0.382214874235,0.32475872948
    ));
#5606 = CARTESIAN_POINT('',(-0.104320422973,0.382482999209,
    0.321694047006));
#5607 = CARTESIAN_POINT('',(-0.10429299114,0.38282010038,0.31784096299)
  );
#5608 = ORIENTED_EDGE('',*,*,#5609,.T.);
#5609 = EDGE_CURVE('',#5601,#482,#5610,.T.);
#5610 = B_SPLINE_CURVE_WITH_KNOTS('',1,(#5611,#5612),.UNSPECIFIED.,.F.,
  .F.,(2,2),(-0.,1.E-03),.PIECEWISE_BEZIER_KNOTS.);
#5611 = CARTESIAN_POINT('',(-0.10429299114,0.38282010038,0.31784096299)
  );
#5612 = CARTESIAN_POINT('',(-0.10429299114,0.381823905682,0.317753807247
    ));
#5613 = ORIENTED_EDGE('',*,*,#490,.F.);
#5614 = B_SPLINE_SURFACE_WITH_KNOTS('',3,1,(
    (#5615,#5616)
    ,(#5617,#5618)
    ,(#5619,#5620)
    ,(#5621,#5622
    )),.UNSPECIFIED.,.F.,.F.,.F.,(4,4),(2,2),(6.,7.),(0.,1.),
  .PIECEWISE_BEZIER_KNOTS.);
#5615 = CARTESIAN_POINT('',(-0.10925605265,0.38201299726,0.327066193859)
  );
#5616 = CARTESIAN_POINT('',(-0.10925605265,0.381016802562,0.326979038116
    ));
#5617 = CARTESIAN_POINT('',(-0.105979901727,0.382214874235,0.32475872948
    ));
#5618 = CARTESIAN_POINT('',(-0.105979901727,0.381218679537,
    0.324671573737));
#5619 = CARTESIAN_POINT('',(-0.104320422973,0.382482999209,
    0.321694047006));
#5620 = CARTESIAN_POINT('',(-0.104320422973,0.38148680451,0.321606891264
    ));
#5621 = CARTESIAN_POINT('',(-0.10429299114,0.38282010038,0.31784096299)
  );
#5622 = CARTESIAN_POINT('',(-0.10429299114,0.381823905682,0.317753807247
    ));
#5623 = ADVANCED_FACE('',(#5624),#5642,.F.);
#5624 = FACE_BOUND('',#5625,.F.);
#5625 = EDGE_LOOP('',(#5626,#5627,#5636,#5641));
#5626 = ORIENTED_EDGE('',*,*,#5609,.F.);
#5627 = ORIENTED_EDGE('',*,*,#5628,.T.);
#5628 = EDGE_CURVE('',#5601,#5629,#5631,.T.);
#5629 = VERTEX_POINT('',#5630);
#5630 = CARTESIAN_POINT('',(-0.106411941267,0.383422241689,
    0.310958456334));
#5631 = B_SPLINE_CURVE_WITH_KNOTS('',3,(#5632,#5633,#5634,#5635),
  .UNSPECIFIED.,.F.,.F.,(4,4),(5.,6.),.PIECEWISE_BEZIER_KNOTS.);
#5632 = CARTESIAN_POINT('',(-0.10429299114,0.38282010038,0.31784096299)
  );
#5633 = CARTESIAN_POINT('',(-0.104273965836,0.383053896353,
    0.315168662784));
#5634 = CARTESIAN_POINT('',(-0.104975010145,0.383255513095,
    0.312864172877));
#5635 = CARTESIAN_POINT('',(-0.106411941267,0.383422241689,
    0.310958456334));
#5636 = ORIENTED_EDGE('',*,*,#5637,.T.);
#5637 = EDGE_CURVE('',#5629,#473,#5638,.T.);
#5638 = B_SPLINE_CURVE_WITH_KNOTS('',1,(#5639,#5640),.UNSPECIFIED.,.F.,
  .F.,(2,2),(-0.,1.E-03),.PIECEWISE_BEZIER_KNOTS.);
#5639 = CARTESIAN_POINT('',(-0.106411941267,0.383422241689,
    0.310958456334));
#5640 = CARTESIAN_POINT('',(-0.106411941267,0.38242604699,0.310871300592
    ));
#5641 = ORIENTED_EDGE('',*,*,#481,.F.);
#5642 = B_SPLINE_SURFACE_WITH_KNOTS('',3,1,(
    (#5643,#5644)
    ,(#5645,#5646)
    ,(#5647,#5648)
    ,(#5649,#5650
    )),.UNSPECIFIED.,.F.,.F.,.F.,(4,4),(2,2),(5.,6.),(0.,1.),
  .PIECEWISE_BEZIER_KNOTS.);
#5643 = CARTESIAN_POINT('',(-0.10429299114,0.38282010038,0.31784096299)
  );
#5644 = CARTESIAN_POINT('',(-0.10429299114,0.381823905682,0.317753807247
    ));
#5645 = CARTESIAN_POINT('',(-0.104273965836,0.383053896353,
    0.315168662784));
#5646 = CARTESIAN_POINT('',(-0.104273965836,0.382057701655,
    0.315081507042));
#5647 = CARTESIAN_POINT('',(-0.104975010145,0.383255513095,
    0.312864172877));
#5648 = CARTESIAN_POINT('',(-0.104975010145,0.382259318397,
    0.312777017134));
#5649 = CARTESIAN_POINT('',(-0.106411941267,0.383422241689,
    0.310958456334));
#5650 = CARTESIAN_POINT('',(-0.106411941267,0.38242604699,0.310871300592
    ));
#5651 = ADVANCED_FACE('',(#5652),#5670,.F.);
#5652 = FACE_BOUND('',#5653,.F.);
#5653 = EDGE_LOOP('',(#5654,#5655,#5664,#5669));
#5654 = ORIENTED_EDGE('',*,*,#5637,.F.);
#5655 = ORIENTED_EDGE('',*,*,#5656,.T.);
#5656 = EDGE_CURVE('',#5629,#5657,#5659,.T.);
#5657 = VERTEX_POINT('',#5658);
#5658 = CARTESIAN_POINT('',(-0.11577538857,0.383930988104,0.305143458202
    ));
#5659 = B_SPLINE_CURVE_WITH_KNOTS('',3,(#5660,#5661,#5662,#5663),
  .UNSPECIFIED.,.F.,.F.,(4,4),(4.,5.),.PIECEWISE_BEZIER_KNOTS.);
#5660 = CARTESIAN_POINT('',(-0.106411941267,0.383422241689,
    0.310958456334));
#5661 = CARTESIAN_POINT('',(-0.107833276413,0.383588960641,
    0.309052849983));
#5662 = CARTESIAN_POINT('',(-0.110969947749,0.383759458606,
    0.307104049328));
#5663 = CARTESIAN_POINT('',(-0.11577538857,0.383930988104,0.305143458202
    ));
#5664 = ORIENTED_EDGE('',*,*,#5665,.T.);
#5665 = EDGE_CURVE('',#5657,#464,#5666,.T.);
#5666 = B_SPLINE_CURVE_WITH_KNOTS('',1,(#5667,#5668),.UNSPECIFIED.,.F.,
  .F.,(2,2),(-0.,1.E-03),.PIECEWISE_BEZIER_KNOTS.);
#5667 = CARTESIAN_POINT('',(-0.11577538857,0.383930988104,0.305143458202
    ));
#5668 = CARTESIAN_POINT('',(-0.11577538857,0.382934793405,0.30505630246)
  );
#5669 = ORIENTED_EDGE('',*,*,#472,.F.);
#5670 = B_SPLINE_SURFACE_WITH_KNOTS('',3,1,(
    (#5671,#5672)
    ,(#5673,#5674)
    ,(#5675,#5676)
    ,(#5677,#5678
    )),.UNSPECIFIED.,.F.,.F.,.F.,(4,4),(2,2),(4.,5.),(0.,1.),
  .PIECEWISE_BEZIER_KNOTS.);
#5671 = CARTESIAN_POINT('',(-0.106411941267,0.383422241689,
    0.310958456334));
#5672 = CARTESIAN_POINT('',(-0.106411941267,0.38242604699,0.310871300592
    ));
#5673 = CARTESIAN_POINT('',(-0.107833276413,0.383588960641,
    0.309052849983));
#5674 = CARTESIAN_POINT('',(-0.107833276413,0.382592765943,0.30896569424
    ));
#5675 = CARTESIAN_POINT('',(-0.110969947749,0.383759458606,
    0.307104049328));
#5676 = CARTESIAN_POINT('',(-0.110969947749,0.382763263908,
    0.307016893585));
#5677 = CARTESIAN_POINT('',(-0.11577538857,0.383930988104,0.305143458202
    ));
#5678 = CARTESIAN_POINT('',(-0.11577538857,0.382934793405,0.30505630246)
  );
#5679 = ADVANCED_FACE('',(#5680),#5698,.F.);
#5680 = FACE_BOUND('',#5681,.F.);
#5681 = EDGE_LOOP('',(#5682,#5683,#5692,#5697));
#5682 = ORIENTED_EDGE('',*,*,#5665,.F.);
#5683 = ORIENTED_EDGE('',*,*,#5684,.T.);
#5684 = EDGE_CURVE('',#5657,#5685,#5687,.T.);
#5685 = VERTEX_POINT('',#5686);
#5686 = CARTESIAN_POINT('',(-0.123748471456,0.384275753404,
    0.301202772781));
#5687 = B_SPLINE_CURVE_WITH_KNOTS('',3,(#5688,#5689,#5690,#5691),
  .UNSPECIFIED.,.F.,.F.,(4,4),(3.,4.),.PIECEWISE_BEZIER_KNOTS.);
#5688 = CARTESIAN_POINT('',(-0.11577538857,0.383930988104,0.305143458202
    ));
#5689 = CARTESIAN_POINT('',(-0.119788531733,0.384063966126,
    0.303623512449));
#5690 = CARTESIAN_POINT('',(-0.122446152287,0.384179794079,
    0.302299592889));
#5691 = CARTESIAN_POINT('',(-0.123748471456,0.384275753404,
    0.301202772781));
#5692 = ORIENTED_EDGE('',*,*,#5693,.T.);
#5693 = EDGE_CURVE('',#5685,#455,#5694,.T.);
#5694 = B_SPLINE_CURVE_WITH_KNOTS('',1,(#5695,#5696),.UNSPECIFIED.,.F.,
  .F.,(2,2),(-0.,1.E-03),.PIECEWISE_BEZIER_KNOTS.);
#5695 = CARTESIAN_POINT('',(-0.123748471456,0.384275753404,
    0.301202772781));
#5696 = CARTESIAN_POINT('',(-0.123748471456,0.383279558706,
    0.301115617038));
#5697 = ORIENTED_EDGE('',*,*,#463,.F.);
#5698 = B_SPLINE_SURFACE_WITH_KNOTS('',3,1,(
    (#5699,#5700)
    ,(#5701,#5702)
    ,(#5703,#5704)
    ,(#5705,#5706
    )),.UNSPECIFIED.,.F.,.F.,.F.,(4,4),(2,2),(3.,4.),(0.,1.),
  .PIECEWISE_BEZIER_KNOTS.);
#5699 = CARTESIAN_POINT('',(-0.11577538857,0.383930988104,0.305143458202
    ));
#5700 = CARTESIAN_POINT('',(-0.11577538857,0.382934793405,0.30505630246)
  );
#5701 = CARTESIAN_POINT('',(-0.119788531733,0.384063966126,
    0.303623512449));
#5702 = CARTESIAN_POINT('',(-0.119788531733,0.383067771428,
    0.303536356706));
#5703 = CARTESIAN_POINT('',(-0.122446152287,0.384179794079,
    0.302299592889));
#5704 = CARTESIAN_POINT('',(-0.122446152287,0.383183599381,
    0.302212437146));
#5705 = CARTESIAN_POINT('',(-0.123748471456,0.384275753404,
    0.301202772781));
#5706 = CARTESIAN_POINT('',(-0.123748471456,0.383279558706,
    0.301115617038));
#5707 = ADVANCED_FACE('',(#5708),#5726,.F.);
#5708 = FACE_BOUND('',#5709,.F.);
#5709 = EDGE_LOOP('',(#5710,#5711,#5720,#5725));
#5710 = ORIENTED_EDGE('',*,*,#5693,.F.);
#5711 = ORIENTED_EDGE('',*,*,#5712,.T.);
#5712 = EDGE_CURVE('',#5685,#5713,#5715,.T.);
#5713 = VERTEX_POINT('',#5714);
#5714 = CARTESIAN_POINT('',(-0.125684141642,0.384638536298,
    0.297056145334));
#5715 = B_SPLINE_CURVE_WITH_KNOTS('',3,(#5716,#5717,#5718,#5719),
  .UNSPECIFIED.,.F.,.F.,(4,4),(2.,3.),.PIECEWISE_BEZIER_KNOTS.);
#5716 = CARTESIAN_POINT('',(-0.123748471456,0.384275753404,
    0.301202772781));
#5717 = CARTESIAN_POINT('',(-0.125050790626,0.38437171273,0.300105952673
    ));
#5718 = CARTESIAN_POINT('',(-0.125696087763,0.384491734175,
    0.298734101277));
#5719 = CARTESIAN_POINT('',(-0.125684141642,0.384638536298,
    0.297056145334));
#5720 = ORIENTED_EDGE('',*,*,#5721,.T.);
#5721 = EDGE_CURVE('',#5713,#446,#5722,.T.);
#5722 = B_SPLINE_CURVE_WITH_KNOTS('',1,(#5723,#5724),.UNSPECIFIED.,.F.,
  .F.,(2,2),(-0.,9.999998715905E-04),.PIECEWISE_BEZIER_KNOTS.);
#5723 = CARTESIAN_POINT('',(-0.125684141642,0.384638536298,
    0.297056145334));
#5724 = CARTESIAN_POINT('',(-0.125684141642,0.383642341728,
    0.296968989603));
#5725 = ORIENTED_EDGE('',*,*,#454,.F.);
#5726 = B_SPLINE_SURFACE_WITH_KNOTS('',3,1,(
    (#5727,#5728)
    ,(#5729,#5730)
    ,(#5731,#5732)
    ,(#5733,#5734
    )),.UNSPECIFIED.,.F.,.F.,.F.,(4,4),(2,2),(2.,3.),(0.,1.),
  .PIECEWISE_BEZIER_KNOTS.);
#5727 = CARTESIAN_POINT('',(-0.123748471456,0.384275753404,
    0.301202772781));
#5728 = CARTESIAN_POINT('',(-0.123748471456,0.383279558706,
    0.301115617038));
#5729 = CARTESIAN_POINT('',(-0.125050790626,0.38437171273,0.300105952673
    ));
#5730 = CARTESIAN_POINT('',(-0.125050790626,0.383375518032,
    0.300018796931));
#5731 = CARTESIAN_POINT('',(-0.125696087763,0.384491734175,
    0.298734101277));
#5732 = CARTESIAN_POINT('',(-0.125696087763,0.383495539477,
    0.298646945535));
#5733 = CARTESIAN_POINT('',(-0.125684141642,0.384638536298,
    0.297056145334));
#5734 = CARTESIAN_POINT('',(-0.125684141642,0.3836423416,0.296968989592)
  );
#5735 = ADVANCED_FACE('',(#5736),#5748,.F.);
#5736 = FACE_BOUND('',#5737,.F.);
#5737 = EDGE_LOOP('',(#5738,#5739,#5746,#5747));
#5738 = ORIENTED_EDGE('',*,*,#5721,.F.);
#5739 = ORIENTED_EDGE('',*,*,#5740,.T.);
#5740 = EDGE_CURVE('',#5713,#5186,#5741,.T.);
#5741 = B_SPLINE_CURVE_WITH_KNOTS('',3,(#5742,#5743,#5744,#5745),
  .UNSPECIFIED.,.F.,.F.,(4,4),(1.,2.),.PIECEWISE_BEZIER_KNOTS.);
#5742 = CARTESIAN_POINT('',(-0.125684141642,0.384638536298,
    0.297056145334));
#5743 = CARTESIAN_POINT('',(-0.125656267359,0.384981074585,
    0.293140914801));
#5744 = CARTESIAN_POINT('',(-0.122632306754,0.385150483113,
    0.291204566459));
#5745 = CARTESIAN_POINT('',(-0.116627855802,0.385146771524,
    0.291246990117));
#5746 = ORIENTED_EDGE('',*,*,#5185,.T.);
#5747 = ORIENTED_EDGE('',*,*,#445,.F.);
#5748 = B_SPLINE_SURFACE_WITH_KNOTS('',3,1,(
    (#5749,#5750)
    ,(#5751,#5752)
    ,(#5753,#5754)
    ,(#5755,#5756
    )),.UNSPECIFIED.,.F.,.F.,.F.,(4,4),(2,2),(1.,2.),(0.,1.),
  .PIECEWISE_BEZIER_KNOTS.);
#5749 = CARTESIAN_POINT('',(-0.125684141642,0.384638536298,
    0.297056145334));
#5750 = CARTESIAN_POINT('',(-0.125684141642,0.3836423416,0.296968989592)
  );
#5751 = CARTESIAN_POINT('',(-0.125656267359,0.384981074585,
    0.293140914801));
#5752 = CARTESIAN_POINT('',(-0.125656267359,0.383984879887,
    0.293053759058));
#5753 = CARTESIAN_POINT('',(-0.122632306754,0.385150483113,
    0.291204566459));
#5754 = CARTESIAN_POINT('',(-0.122632306754,0.384154288415,
    0.291117410716));
#5755 = CARTESIAN_POINT('',(-0.116627855802,0.385146771524,
    0.291246990117));
#5756 = CARTESIAN_POINT('',(-0.116627855802,0.384150576826,
    0.291159834374));
#5757 = ADVANCED_FACE('',(#5758),#5781,.F.);
#5758 = FACE_BOUND('',#5759,.T.);
#5759 = EDGE_LOOP('',(#5760,#5761,#5762,#5763,#5764,#5765,#5766,#5767,
    #5768,#5769,#5770,#5771,#5772,#5773,#5774,#5775,#5776,#5777,#5778,
    #5779,#5780));
#5760 = ORIENTED_EDGE('',*,*,#5192,.T.);
#5761 = ORIENTED_EDGE('',*,*,#5227,.T.);
#5762 = ORIENTED_EDGE('',*,*,#5242,.T.);
#5763 = ORIENTED_EDGE('',*,*,#5270,.T.);
#5764 = ORIENTED_EDGE('',*,*,#5298,.T.);
#5765 = ORIENTED_EDGE('',*,*,#5326,.T.);
#5766 = ORIENTED_EDGE('',*,*,#5354,.T.);
#5767 = ORIENTED_EDGE('',*,*,#5382,.T.);
#5768 = ORIENTED_EDGE('',*,*,#5410,.T.);
#5769 = ORIENTED_EDGE('',*,*,#5438,.T.);
#5770 = ORIENTED_EDGE('',*,*,#5466,.T.);
#5771 = ORIENTED_EDGE('',*,*,#5494,.T.);
#5772 = ORIENTED_EDGE('',*,*,#5529,.T.);
#5773 = ORIENTED_EDGE('',*,*,#5544,.T.);
#5774 = ORIENTED_EDGE('',*,*,#5572,.T.);
#5775 = ORIENTED_EDGE('',*,*,#5600,.T.);
#5776 = ORIENTED_EDGE('',*,*,#5628,.T.);
#5777 = ORIENTED_EDGE('',*,*,#5656,.T.);
#5778 = ORIENTED_EDGE('',*,*,#5684,.T.);
#5779 = ORIENTED_EDGE('',*,*,#5712,.T.);
#5780 = ORIENTED_EDGE('',*,*,#5740,.T.);
#5781 = B_SPLINE_SURFACE_WITH_KNOTS('',1,1,(
    (#5782,#5783)
    ,(#5784,#5785
    )),.UNSPECIFIED.,.F.,.F.,.F.,(2,2),(2,2),(-3.826768617317E-02,
    7.368796452621E-03),(-2.342667892503E-02,6.096506676112E-03),
  .PIECEWISE_BEZIER_KNOTS.);
#5782 = CARTESIAN_POINT('',(-0.133554579858,0.381715749091,
    0.330463755983));
#5783 = CARTESIAN_POINT('',(-0.104031394257,0.381715749091,
    0.330463755983));
#5784 = CARTESIAN_POINT('',(-0.133554579858,0.38569323063,0.285000933951
    ));
#5785 = CARTESIAN_POINT('',(-0.104031394257,0.38569323063,0.285000933951
    ));
#5786 = ADVANCED_FACE('',(#5787),#5809,.F.);
#5787 = FACE_BOUND('',#5788,.T.);
#5788 = EDGE_LOOP('',(#5789,#5790,#5797,#5804));
#5789 = ORIENTED_EDGE('',*,*,#310,.T.);
#5790 = ORIENTED_EDGE('',*,*,#5791,.F.);
#5791 = EDGE_CURVE('',#5792,#313,#5794,.T.);
#5792 = VERTEX_POINT('',#5793);
#5793 = CARTESIAN_POINT('',(-0.171641839402,0.381836783516,
    0.329080326175));
#5794 = B_SPLINE_CURVE_WITH_KNOTS('',1,(#5795,#5796),.UNSPECIFIED.,.F.,
  .F.,(2,2),(-0.,9.999998715906E-04),.PIECEWISE_BEZIER_KNOTS.);
#5795 = CARTESIAN_POINT('',(-0.171641839402,0.381836783516,
    0.329080326175));
#5796 = CARTESIAN_POINT('',(-0.171641839402,0.380840588945,
    0.328993170444));
#5797 = ORIENTED_EDGE('',*,*,#5798,.F.);
#5798 = EDGE_CURVE('',#5799,#5792,#5801,.T.);
#5799 = VERTEX_POINT('',#5800);
#5800 = CARTESIAN_POINT('',(-0.179564595464,0.381841680885,
    0.329024348985));
#5801 = B_SPLINE_CURVE_WITH_KNOTS('',1,(#5802,#5803),.UNSPECIFIED.,.F.,
  .F.,(2,2),(-7.922955322041E-03,0.),.PIECEWISE_BEZIER_KNOTS.);
#5802 = CARTESIAN_POINT('',(-0.179564595464,0.381841680885,
    0.329024348985));
#5803 = CARTESIAN_POINT('',(-0.171641839402,0.381836783516,
    0.329080326175));
#5804 = ORIENTED_EDGE('',*,*,#5805,.T.);
#5805 = EDGE_CURVE('',#5799,#311,#5806,.T.);
#5806 = B_SPLINE_CURVE_WITH_KNOTS('',1,(#5807,#5808),.UNSPECIFIED.,.F.,
  .F.,(2,2),(-0.,1.E-03),.PIECEWISE_BEZIER_KNOTS.);
#5807 = CARTESIAN_POINT('',(-0.179564595464,0.381841680885,
    0.329024348985));
#5808 = CARTESIAN_POINT('',(-0.179564595464,0.380845486187,
    0.328937193243));
#5809 = B_SPLINE_SURFACE_WITH_KNOTS('',1,1,(
    (#5810,#5811)
    ,(#5812,#5813)),.UNSPECIFIED.,.F.,.F.,.F.,(2,2),(2,2),(-1.E-03,0.),(
    -7.922955322041E-03,1.158515185762E-18),.PIECEWISE_BEZIER_KNOTS.);
#5810 = CARTESIAN_POINT('',(-0.179564595464,0.380845486187,
    0.328937193243));
#5811 = CARTESIAN_POINT('',(-0.171641839402,0.380840588818,
    0.328993170432));
#5812 = CARTESIAN_POINT('',(-0.179564595464,0.381841680885,
    0.329024348985));
#5813 = CARTESIAN_POINT('',(-0.171641839402,0.381836783516,
    0.329080326175));
#5814 = ADVANCED_FACE('',(#5815),#5831,.F.);
#5815 = FACE_BOUND('',#5816,.T.);
#5816 = EDGE_LOOP('',(#5817,#5818,#5825,#5830));
#5817 = ORIENTED_EDGE('',*,*,#420,.T.);
#5818 = ORIENTED_EDGE('',*,*,#5819,.F.);
#5819 = EDGE_CURVE('',#5820,#412,#5822,.T.);
#5820 = VERTEX_POINT('',#5821);
#5821 = CARTESIAN_POINT('',(-0.159509381199,0.384689350659,
    0.296475334525));
#5822 = B_SPLINE_CURVE_WITH_KNOTS('',1,(#5823,#5824),.UNSPECIFIED.,.F.,
  .F.,(2,2),(-0.,9.999998715905E-04),.PIECEWISE_BEZIER_KNOTS.);
#5823 = CARTESIAN_POINT('',(-0.159509381199,0.384689350659,
    0.296475334525));
#5824 = CARTESIAN_POINT('',(-0.159509381199,0.383693156089,
    0.296388178793));
#5825 = ORIENTED_EDGE('',*,*,#5826,.F.);
#5826 = EDGE_CURVE('',#5792,#5820,#5827,.T.);
#5827 = B_SPLINE_CURVE_WITH_KNOTS('',1,(#5828,#5829),.UNSPECIFIED.,.F.,
  .F.,(2,2),(-3.490586142583E-02,3.103674689282E-17),
  .PIECEWISE_BEZIER_KNOTS.);
#5828 = CARTESIAN_POINT('',(-0.171641839402,0.381836783516,
    0.329080326175));
#5829 = CARTESIAN_POINT('',(-0.159509381199,0.384689350659,
    0.296475334525));
#5830 = ORIENTED_EDGE('',*,*,#5791,.T.);
#5831 = B_SPLINE_SURFACE_WITH_KNOTS('',1,1,(
    (#5832,#5833)
    ,(#5834,#5835
    )),.UNSPECIFIED.,.F.,.F.,.F.,(2,2),(2,2),(-8.175924631455E-05,
    3.47890003937E-02),(-3.850529030768E-03,2.537541034012E-18),
  .PIECEWISE_BEZIER_KNOTS.);
#5832 = CARTESIAN_POINT('',(-0.159590481518,0.380840588818,
    0.296358230237));
#5833 = CARTESIAN_POINT('',(-0.159481058743,0.384689350659,
    0.296398637635));
#5834 = CARTESIAN_POINT('',(-0.171670161859,0.380840588818,
    0.329069867322));
#5835 = CARTESIAN_POINT('',(-0.171560739083,0.384689350659,0.32911027472
    ));
#5836 = ADVANCED_FACE('',(#5837),#5855,.F.);
#5837 = FACE_BOUND('',#5838,.F.);
#5838 = EDGE_LOOP('',(#5839,#5840,#5849,#5854));
#5839 = ORIENTED_EDGE('',*,*,#5819,.F.);
#5840 = ORIENTED_EDGE('',*,*,#5841,.T.);
#5841 = EDGE_CURVE('',#5820,#5842,#5844,.T.);
#5842 = VERTEX_POINT('',#5843);
#5843 = CARTESIAN_POINT('',(-0.158548624245,0.384995969265,
    0.292970667827));
#5844 = B_SPLINE_CURVE_WITH_KNOTS('',3,(#5845,#5846,#5847,#5848),
  .UNSPECIFIED.,.F.,.F.,(4,4),(12.,13.),.PIECEWISE_BEZIER_KNOTS.);
#5845 = CARTESIAN_POINT('',(-0.159509381199,0.384689350659,
    0.296475334525));
#5846 = CARTESIAN_POINT('',(-0.159030661906,0.384822270778,
    0.294956050613));
#5847 = CARTESIAN_POINT('',(-0.158710335846,0.384925383166,
    0.293777470628));
#5848 = CARTESIAN_POINT('',(-0.158548624245,0.384995969265,
    0.292970667827));
#5849 = ORIENTED_EDGE('',*,*,#5850,.T.);
#5850 = EDGE_CURVE('',#5842,#405,#5851,.T.);
#5851 = B_SPLINE_CURVE_WITH_KNOTS('',1,(#5852,#5853),.UNSPECIFIED.,.F.,
  .F.,(2,2),(-0.,9.999998715905E-04),.PIECEWISE_BEZIER_KNOTS.);
#5852 = CARTESIAN_POINT('',(-0.158548624245,0.384995969265,
    0.292970667827));
#5853 = CARTESIAN_POINT('',(-0.158548624245,0.383999774695,
    0.292883512096));
#5854 = ORIENTED_EDGE('',*,*,#411,.F.);
#5855 = B_SPLINE_SURFACE_WITH_KNOTS('',3,1,(
    (#5856,#5857)
    ,(#5858,#5859)
    ,(#5860,#5861)
    ,(#5862,#5863
    )),.UNSPECIFIED.,.F.,.F.,.F.,(4,4),(2,2),(12.,13.),(0.,1.),
  .PIECEWISE_BEZIER_KNOTS.);
#5856 = CARTESIAN_POINT('',(-0.159509381199,0.384689350659,
    0.296475334525));
#5857 = CARTESIAN_POINT('',(-0.159509381199,0.383693155961,
    0.296388178782));
#5858 = CARTESIAN_POINT('',(-0.159030661906,0.384822270778,
    0.294956050613));
#5859 = CARTESIAN_POINT('',(-0.159030661906,0.38382607608,0.29486889487)
  );
#5860 = CARTESIAN_POINT('',(-0.158710335846,0.384925383166,
    0.293777470628));
#5861 = CARTESIAN_POINT('',(-0.158710335846,0.383929188468,
    0.293690314885));
#5862 = CARTESIAN_POINT('',(-0.158548624245,0.384995969265,
    0.292970667827));
#5863 = CARTESIAN_POINT('',(-0.158548624245,0.383999774567,
    0.292883512084));
#5864 = ADVANCED_FACE('',(#5865),#5881,.F.);
#5865 = FACE_BOUND('',#5866,.T.);
#5866 = EDGE_LOOP('',(#5867,#5868,#5875,#5880));
#5867 = ORIENTED_EDGE('',*,*,#404,.T.);
#5868 = ORIENTED_EDGE('',*,*,#5869,.F.);
#5869 = EDGE_CURVE('',#5870,#398,#5872,.T.);
#5870 = VERTEX_POINT('',#5871);
#5871 = CARTESIAN_POINT('',(-0.15834587655,0.384995843938,0.292972100314
    ));
#5872 = B_SPLINE_CURVE_WITH_KNOTS('',1,(#5873,#5874),.UNSPECIFIED.,.F.,
  .F.,(2,2),(-0.,9.999998715906E-04),.PIECEWISE_BEZIER_KNOTS.);
#5873 = CARTESIAN_POINT('',(-0.15834587655,0.384995843938,0.292972100314
    ));
#5874 = CARTESIAN_POINT('',(-0.15834587655,0.383999649368,0.292884944583
    ));
#5875 = ORIENTED_EDGE('',*,*,#5876,.F.);
#5876 = EDGE_CURVE('',#5842,#5870,#5877,.T.);
#5877 = B_SPLINE_CURVE_WITH_KNOTS('',1,(#5878,#5879),.UNSPECIFIED.,.F.,
  .F.,(2,2),(-2.027527934504E-04,0.),.PIECEWISE_BEZIER_KNOTS.);
#5878 = CARTESIAN_POINT('',(-0.158548624245,0.384995969265,
    0.292970667827));
#5879 = CARTESIAN_POINT('',(-0.15834587655,0.384995843938,0.292972100314
    ));
#5880 = ORIENTED_EDGE('',*,*,#5850,.T.);
#5881 = B_SPLINE_SURFACE_WITH_KNOTS('',1,1,(
    (#5882,#5883)
    ,(#5884,#5885)),.UNSPECIFIED.,.F.,.F.,.F.,(2,2),(2,2),(-1.E-03,0.),(
    -2.027527934504E-04,1.798839957557E-22),.PIECEWISE_BEZIER_KNOTS.);
#5882 = CARTESIAN_POINT('',(-0.158548624245,0.383999774567,
    0.292883512084));
#5883 = CARTESIAN_POINT('',(-0.15834587655,0.38399964924,0.292884944572)
  );
#5884 = CARTESIAN_POINT('',(-0.158548624245,0.384995969265,
    0.292970667827));
#5885 = CARTESIAN_POINT('',(-0.15834587655,0.384995843938,0.292972100314
    ));
#5886 = ADVANCED_FACE('',(#5887),#5903,.F.);
#5887 = FACE_BOUND('',#5888,.T.);
#5888 = EDGE_LOOP('',(#5889,#5890,#5897,#5902));
#5889 = ORIENTED_EDGE('',*,*,#397,.T.);
#5890 = ORIENTED_EDGE('',*,*,#5891,.F.);
#5891 = EDGE_CURVE('',#5892,#391,#5894,.T.);
#5892 = VERTEX_POINT('',#5893);
#5893 = CARTESIAN_POINT('',(-0.157435558773,0.384682631358,
    0.296552136486));
#5894 = B_SPLINE_CURVE_WITH_KNOTS('',1,(#5895,#5896),.UNSPECIFIED.,.F.,
  .F.,(2,2),(-0.,9.999998715905E-04),.PIECEWISE_BEZIER_KNOTS.);
#5895 = CARTESIAN_POINT('',(-0.157435558773,0.384682631358,
    0.296552136486));
#5896 = CARTESIAN_POINT('',(-0.157435558773,0.383686436788,
    0.296464980755));
#5897 = ORIENTED_EDGE('',*,*,#5898,.F.);
#5898 = EDGE_CURVE('',#5870,#5892,#5899,.T.);
#5899 = B_SPLINE_CURVE_WITH_KNOTS('',1,(#5900,#5901),.UNSPECIFIED.,.F.,
  .F.,(2,2),(-3.707214529686E-03,0.),.PIECEWISE_BEZIER_KNOTS.);
#5900 = CARTESIAN_POINT('',(-0.15834587655,0.384995843938,0.292972100314
    ));
#5901 = CARTESIAN_POINT('',(-0.157435558773,0.384682631358,
    0.296552136486));
#5902 = ORIENTED_EDGE('',*,*,#5869,.T.);
#5903 = B_SPLINE_SURFACE_WITH_KNOTS('',1,1,(
    (#5904,#5905)
    ,(#5906,#5907
    )),.UNSPECIFIED.,.F.,.F.,.F.,(2,2),(2,2),(0.,3.778460180515E-03),(
    -9.964229130848E-04,3.132843332369E-04),.PIECEWISE_BEZIER_KNOTS.);
#5904 = CARTESIAN_POINT('',(-0.157414882133,0.383686436661,
    0.296546918847));
#5905 = CARTESIAN_POINT('',(-0.157442059695,0.384995843938,
    0.296553776959));
#5906 = CARTESIAN_POINT('',(-0.158339375631,0.383686436661,
    0.292883304088));
#5907 = CARTESIAN_POINT('',(-0.158366553193,0.384995843938,
    0.292890162199));
#5908 = ADVANCED_FACE('',(#5909),#5925,.F.);
#5909 = FACE_BOUND('',#5910,.T.);
#5910 = EDGE_LOOP('',(#5911,#5912,#5919,#5924));
#5911 = ORIENTED_EDGE('',*,*,#390,.T.);
#5912 = ORIENTED_EDGE('',*,*,#5913,.F.);
#5913 = EDGE_CURVE('',#5914,#384,#5916,.T.);
#5914 = VERTEX_POINT('',#5915);
#5915 = CARTESIAN_POINT('',(-0.146282781615,0.381821108077,
    0.329259497259));
#5916 = B_SPLINE_CURVE_WITH_KNOTS('',1,(#5917,#5918),.UNSPECIFIED.,.F.,
  .F.,(2,2),(-0.,9.999998715905E-04),.PIECEWISE_BEZIER_KNOTS.);
#5917 = CARTESIAN_POINT('',(-0.146282781615,0.381821108077,
    0.329259497259));
#5918 = CARTESIAN_POINT('',(-0.146282781615,0.380824913507,
    0.329172341527));
#5919 = ORIENTED_EDGE('',*,*,#5920,.F.);
#5920 = EDGE_CURVE('',#5892,#5914,#5921,.T.);
#5921 = B_SPLINE_CURVE_WITH_KNOTS('',1,(#5922,#5923),.UNSPECIFIED.,.F.,
  .F.,(2,2),(-3.467483529186E-02,0.),.PIECEWISE_BEZIER_KNOTS.);
#5922 = CARTESIAN_POINT('',(-0.157435558773,0.384682631358,
    0.296552136486));
#5923 = CARTESIAN_POINT('',(-0.146282781615,0.381821108077,
    0.329259497259));
#5924 = ORIENTED_EDGE('',*,*,#5891,.T.);
#5925 = B_SPLINE_SURFACE_WITH_KNOTS('',1,1,(
    (#5926,#5927)
    ,(#5928,#5929
    )),.UNSPECIFIED.,.F.,.F.,.F.,(2,2),(2,2),(0.,3.463902446955E-02),(
    -9.965863493595E-04,2.862648281601E-03),.PIECEWISE_BEZIER_KNOTS.);
#5926 = CARTESIAN_POINT('',(-0.146256318733,0.380824913379,0.32925054231
    ));
#5927 = CARTESIAN_POINT('',(-0.146358795021,0.384682631358,
    0.329285219936));
#5928 = CARTESIAN_POINT('',(-0.157359545371,0.380824913379,
    0.296439258055));
#5929 = CARTESIAN_POINT('',(-0.157462021659,0.384682631358,
    0.296473935681));
#5930 = ADVANCED_FACE('',(#5931),#5947,.F.);
#5931 = FACE_BOUND('',#5932,.T.);
#5932 = EDGE_LOOP('',(#5933,#5934,#5941,#5946));
#5933 = ORIENTED_EDGE('',*,*,#383,.T.);
#5934 = ORIENTED_EDGE('',*,*,#5935,.F.);
#5935 = EDGE_CURVE('',#5936,#377,#5938,.T.);
#5936 = VERTEX_POINT('',#5937);
#5937 = CARTESIAN_POINT('',(-0.137736186493,0.381815825088,
    0.329319882101));
#5938 = B_SPLINE_CURVE_WITH_KNOTS('',1,(#5939,#5940),.UNSPECIFIED.,.F.,
  .F.,(2,2),(-0.,9.999998715905E-04),.PIECEWISE_BEZIER_KNOTS.);
#5939 = CARTESIAN_POINT('',(-0.137736186493,0.381815825088,
    0.329319882101));
#5940 = CARTESIAN_POINT('',(-0.137736186493,0.380819630518,0.32923272637
    ));
#5941 = ORIENTED_EDGE('',*,*,#5942,.F.);
#5942 = EDGE_CURVE('',#5914,#5936,#5943,.T.);
#5943 = B_SPLINE_CURVE_WITH_KNOTS('',1,(#5944,#5945),.UNSPECIFIED.,.F.,
  .F.,(2,2),(-8.546810072159E-03,0.),.PIECEWISE_BEZIER_KNOTS.);
#5944 = CARTESIAN_POINT('',(-0.146282781615,0.381821108077,
    0.329259497259));
#5945 = CARTESIAN_POINT('',(-0.137736186493,0.381815825088,
    0.329319882101));
#5946 = ORIENTED_EDGE('',*,*,#5913,.T.);
#5947 = B_SPLINE_SURFACE_WITH_KNOTS('',1,1,(
    (#5948,#5949)
    ,(#5950,#5951
    )),.UNSPECIFIED.,.F.,.F.,.F.,(2,2),(2,2),(-1.E-03,3.753530693914E-18
    ),(-8.546810072159E-03,2.026530756469E-23),
  .PIECEWISE_BEZIER_KNOTS.);
#5948 = CARTESIAN_POINT('',(-0.146282781615,0.380824913379,
    0.329172341516));
#5949 = CARTESIAN_POINT('',(-0.137736186493,0.38081963039,0.329232726358
    ));
#5950 = CARTESIAN_POINT('',(-0.146282781615,0.381821108077,
    0.329259497259));
#5951 = CARTESIAN_POINT('',(-0.137736186493,0.381815825088,
    0.329319882101));
#5952 = ADVANCED_FACE('',(#5953),#5969,.F.);
#5953 = FACE_BOUND('',#5954,.T.);
#5954 = EDGE_LOOP('',(#5955,#5956,#5963,#5968));
#5955 = ORIENTED_EDGE('',*,*,#376,.T.);
#5956 = ORIENTED_EDGE('',*,*,#5957,.F.);
#5957 = EDGE_CURVE('',#5958,#370,#5960,.T.);
#5958 = VERTEX_POINT('',#5959);
#5959 = CARTESIAN_POINT('',(-0.154520989836,0.385616060683,
    0.285882990486));
#5960 = B_SPLINE_CURVE_WITH_KNOTS('',1,(#5961,#5962),.UNSPECIFIED.,.F.,
  .F.,(2,2),(-0.,9.999998715905E-04),.PIECEWISE_BEZIER_KNOTS.);
#5961 = CARTESIAN_POINT('',(-0.154520989836,0.385616060683,
    0.285882990486));
#5962 = CARTESIAN_POINT('',(-0.154520989836,0.384619866113,
    0.285795834754));
#5963 = ORIENTED_EDGE('',*,*,#5964,.F.);
#5964 = EDGE_CURVE('',#5936,#5958,#5965,.T.);
#5965 = B_SPLINE_CURVE_WITH_KNOTS('',1,(#5966,#5967),.UNSPECIFIED.,.F.,
  .F.,(2,2),(-4.672188959154E-02,0.),.PIECEWISE_BEZIER_KNOTS.);
#5966 = CARTESIAN_POINT('',(-0.137736186493,0.381815825088,
    0.329319882101));
#5967 = CARTESIAN_POINT('',(-0.154520989836,0.385616060683,
    0.285882990486));
#5968 = ORIENTED_EDGE('',*,*,#5935,.T.);
#5969 = B_SPLINE_SURFACE_WITH_KNOTS('',1,1,(
    (#5970,#5971)
    ,(#5972,#5973
    )),.UNSPECIFIED.,.F.,.F.,.F.,(2,2),(2,2),(-8.137726857127E-05,
    4.65669303738E-02),(-4.798783127514E-03,0.),
  .PIECEWISE_BEZIER_KNOTS.);
#5970 = CARTESIAN_POINT('',(-0.154409836507,0.38081963039,0.285753209345
    ));
#5971 = CARTESIAN_POINT('',(-0.154550127597,0.385616060683,
    0.285807008575));
#5972 = CARTESIAN_POINT('',(-0.137707048732,0.38081963039,0.329308708269
    ));
#5973 = CARTESIAN_POINT('',(-0.137847339823,0.385616060683,
    0.329362507499));
#5974 = ADVANCED_FACE('',(#5975),#5991,.F.);
#5975 = FACE_BOUND('',#5976,.T.);
#5976 = EDGE_LOOP('',(#5977,#5978,#5985,#5990));
#5977 = ORIENTED_EDGE('',*,*,#369,.T.);
#5978 = ORIENTED_EDGE('',*,*,#5979,.F.);
#5979 = EDGE_CURVE('',#5980,#361,#5982,.T.);
#5980 = VERTEX_POINT('',#5981);
#5981 = CARTESIAN_POINT('',(-0.151111663875,0.386304501667,
    0.278014074036));
#5982 = B_SPLINE_CURVE_WITH_KNOTS('',1,(#5983,#5984),.UNSPECIFIED.,.F.,
  .F.,(2,2),(-0.,9.999998715905E-04),.PIECEWISE_BEZIER_KNOTS.);
#5983 = CARTESIAN_POINT('',(-0.151111663875,0.386304501667,
    0.278014074036));
#5984 = CARTESIAN_POINT('',(-0.151111663875,0.385308307096,
    0.277926918305));
#5985 = ORIENTED_EDGE('',*,*,#5986,.F.);
#5986 = EDGE_CURVE('',#5958,#5980,#5987,.T.);
#5987 = B_SPLINE_CURVE_WITH_KNOTS('',1,(#5988,#5989),.UNSPECIFIED.,.F.,
  .F.,(2,2),(-8.603330784243E-03,0.),.PIECEWISE_BEZIER_KNOTS.);
#5988 = CARTESIAN_POINT('',(-0.154520989836,0.385616060683,
    0.285882990486));
#5989 = CARTESIAN_POINT('',(-0.151111663875,0.386304501667,
    0.278014074036));
#5990 = ORIENTED_EDGE('',*,*,#5957,.T.);
#5991 = B_SPLINE_SURFACE_WITH_KNOTS('',1,1,(
    (#5992,#5993)
    ,(#5994,#5995
    )),.UNSPECIFIED.,.F.,.F.,.F.,(2,2),(2,2),(-8.006805520021E-05,
    8.575708924317E-03),(-1.685641363428E-03,0.),
  .PIECEWISE_BEZIER_KNOTS.);
#5992 = CARTESIAN_POINT('',(-0.1511335207,0.384619865985,0.27791752043)
  );
#5993 = CARTESIAN_POINT('',(-0.151080036394,0.386304501667,
    0.277940517283));
#5994 = CARTESIAN_POINT('',(-0.154552617316,0.384619865985,
    0.285869391496));
#5995 = CARTESIAN_POINT('',(-0.15449913301,0.386304501667,0.285892388349
    ));
#5996 = ADVANCED_FACE('',(#5997),#6015,.F.);
#5997 = FACE_BOUND('',#5998,.F.);
#5998 = EDGE_LOOP('',(#5999,#6000,#6009,#6014));
#5999 = ORIENTED_EDGE('',*,*,#5979,.F.);
#6000 = ORIENTED_EDGE('',*,*,#6001,.T.);
#6001 = EDGE_CURVE('',#5980,#6002,#6004,.T.);
#6002 = VERTEX_POINT('',#6003);
#6003 = CARTESIAN_POINT('',(-0.143238902453,0.386835218033,
    0.271947958213));
#6004 = B_SPLINE_CURVE_WITH_KNOTS('',3,(#6005,#6006,#6007,#6008),
  .UNSPECIFIED.,.F.,.F.,(4,4),(5.,6.),.PIECEWISE_BEZIER_KNOTS.);
#6005 = CARTESIAN_POINT('',(-0.151111663875,0.386304501667,
    0.278014074036));
#6006 = CARTESIAN_POINT('',(-0.149351308854,0.386662281206,
    0.273924635191));
#6007 = CARTESIAN_POINT('',(-0.146732401189,0.386837377503,
    0.271923275358));
#6008 = CARTESIAN_POINT('',(-0.143238902453,0.386835218033,
    0.271947958213));
#6009 = ORIENTED_EDGE('',*,*,#6010,.T.);
#6010 = EDGE_CURVE('',#6002,#352,#6011,.T.);
#6011 = B_SPLINE_CURVE_WITH_KNOTS('',1,(#6012,#6013),.UNSPECIFIED.,.F.,
  .F.,(2,2),(-0.,9.999998715905E-04),.PIECEWISE_BEZIER_KNOTS.);
#6012 = CARTESIAN_POINT('',(-0.143238902453,0.386835218033,
    0.271947958213));
#6013 = CARTESIAN_POINT('',(-0.143238902453,0.385839023463,
    0.271860802481));
#6014 = ORIENTED_EDGE('',*,*,#360,.F.);
#6015 = B_SPLINE_SURFACE_WITH_KNOTS('',3,1,(
    (#6016,#6017)
    ,(#6018,#6019)
    ,(#6020,#6021)
    ,(#6022,#6023
    )),.UNSPECIFIED.,.F.,.F.,.F.,(4,4),(2,2),(5.,6.),(0.,1.),
  .PIECEWISE_BEZIER_KNOTS.);
#6016 = CARTESIAN_POINT('',(-0.151111663875,0.386304501667,
    0.278014074036));
#6017 = CARTESIAN_POINT('',(-0.151111663875,0.385308306968,
    0.277926918294));
#6018 = CARTESIAN_POINT('',(-0.149351308854,0.386662281206,
    0.273924635191));
#6019 = CARTESIAN_POINT('',(-0.149351308854,0.385666086508,
    0.273837479448));
#6020 = CARTESIAN_POINT('',(-0.146732401189,0.386837377503,
    0.271923275358));
#6021 = CARTESIAN_POINT('',(-0.146732401189,0.385841182805,
    0.271836119615));
#6022 = CARTESIAN_POINT('',(-0.143238902453,0.386835218033,
    0.271947958213));
#6023 = CARTESIAN_POINT('',(-0.143238902453,0.385839023335,0.27186080247
    ));
#6024 = ADVANCED_FACE('',(#6025),#6043,.F.);
#6025 = FACE_BOUND('',#6026,.F.);
#6026 = EDGE_LOOP('',(#6027,#6028,#6037,#6042));
#6027 = ORIENTED_EDGE('',*,*,#6010,.F.);
#6028 = ORIENTED_EDGE('',*,*,#6029,.T.);
#6029 = EDGE_CURVE('',#6002,#6030,#6032,.T.);
#6030 = VERTEX_POINT('',#6031);
#6031 = CARTESIAN_POINT('',(-0.138909415272,0.386756418357,
    0.272848642629));
#6032 = B_SPLINE_CURVE_WITH_KNOTS('',3,(#6033,#6034,#6035,#6036),
  .UNSPECIFIED.,.F.,.F.,(4,4),(4.,5.),.PIECEWISE_BEZIER_KNOTS.);
#6033 = CARTESIAN_POINT('',(-0.143238902453,0.386835218033,
    0.271947958213));
#6034 = CARTESIAN_POINT('',(-0.141835264568,0.386834350389,
    0.271957875432));
#6035 = CARTESIAN_POINT('',(-0.140402425751,0.386808996443,
    0.272247672357));
#6036 = CARTESIAN_POINT('',(-0.138909415272,0.386756418357,
    0.272848642629));
#6037 = ORIENTED_EDGE('',*,*,#6038,.T.);
#6038 = EDGE_CURVE('',#6030,#345,#6039,.T.);
#6039 = B_SPLINE_CURVE_WITH_KNOTS('',1,(#6040,#6041),.UNSPECIFIED.,.F.,
  .F.,(2,2),(-0.,9.999998715905E-04),.PIECEWISE_BEZIER_KNOTS.);
#6040 = CARTESIAN_POINT('',(-0.138909415272,0.386756418357,
    0.272848642629));
#6041 = CARTESIAN_POINT('',(-0.138909415272,0.385760223787,
    0.272761486898));
#6042 = ORIENTED_EDGE('',*,*,#351,.F.);
#6043 = B_SPLINE_SURFACE_WITH_KNOTS('',3,1,(
    (#6044,#6045)
    ,(#6046,#6047)
    ,(#6048,#6049)
    ,(#6050,#6051
    )),.UNSPECIFIED.,.F.,.F.,.F.,(4,4),(2,2),(4.,5.),(0.,1.),
  .PIECEWISE_BEZIER_KNOTS.);
#6044 = CARTESIAN_POINT('',(-0.143238902453,0.386835218033,
    0.271947958213));
#6045 = CARTESIAN_POINT('',(-0.143238902453,0.385839023335,0.27186080247
    ));
#6046 = CARTESIAN_POINT('',(-0.141835264568,0.386834350389,
    0.271957875432));
#6047 = CARTESIAN_POINT('',(-0.141835264568,0.38583815569,0.271870719689
    ));
#6048 = CARTESIAN_POINT('',(-0.140402425751,0.386808996443,
    0.272247672357));
#6049 = CARTESIAN_POINT('',(-0.140402425751,0.385812801745,
    0.272160516614));
#6050 = CARTESIAN_POINT('',(-0.138909415272,0.386756418357,
    0.272848642629));
#6051 = CARTESIAN_POINT('',(-0.138909415272,0.385760223659,
    0.272761486886));
#6052 = ADVANCED_FACE('',(#6053),#6069,.F.);
#6053 = FACE_BOUND('',#6054,.T.);
#6054 = EDGE_LOOP('',(#6055,#6056,#6063,#6068));
#6055 = ORIENTED_EDGE('',*,*,#344,.T.);
#6056 = ORIENTED_EDGE('',*,*,#6057,.F.);
#6057 = EDGE_CURVE('',#6058,#336,#6060,.T.);
#6058 = VERTEX_POINT('',#6059);
#6059 = CARTESIAN_POINT('',(-0.138861188339,0.387349063964,
    0.266074672342));
#6060 = B_SPLINE_CURVE_WITH_KNOTS('',1,(#6061,#6062),.UNSPECIFIED.,.F.,
  .F.,(2,2),(-0.,9.999998715905E-04),.PIECEWISE_BEZIER_KNOTS.);
#6061 = CARTESIAN_POINT('',(-0.138861188339,0.387349063964,
    0.266074672342));
#6062 = CARTESIAN_POINT('',(-0.138861188339,0.386352869394,0.26598751661
    ));
#6063 = ORIENTED_EDGE('',*,*,#6064,.F.);
#6064 = EDGE_CURVE('',#6030,#6058,#6065,.T.);
#6065 = B_SPLINE_CURVE_WITH_KNOTS('',1,(#6066,#6067),.UNSPECIFIED.,.F.,
  .F.,(2,2),(-6.800016772865E-03,-5.034841435541E-18),
  .PIECEWISE_BEZIER_KNOTS.);
#6066 = CARTESIAN_POINT('',(-0.138909415272,0.386756418357,
    0.272848642629));
#6067 = CARTESIAN_POINT('',(-0.138861188339,0.387349063964,
    0.266074672342));
#6068 = ORIENTED_EDGE('',*,*,#6038,.T.);
#6069 = B_SPLINE_SURFACE_WITH_KNOTS('',1,1,(
    (#6070,#6071)
    ,(#6072,#6073
    )),.UNSPECIFIED.,.F.,.F.,.F.,(2,2),(2,2),(-8.71535674466E-05,
    6.774141950187E-03),(-1.588840608856E-03,-4.388043926355E-19),
  .PIECEWISE_BEZIER_KNOTS.);
#6070 = CARTESIAN_POINT('',(-0.138861554658,0.385760223659,
    0.265987514011));
#6071 = CARTESIAN_POINT('',(-0.138860572582,0.387349063964,
    0.265987520949));
#6072 = CARTESIAN_POINT('',(-0.138910031028,0.385760223659,
    0.272848638279));
#6073 = CARTESIAN_POINT('',(-0.138909048952,0.387349063964,
    0.272848645217));
#6074 = ADVANCED_FACE('',(#6075),#6093,.F.);
#6075 = FACE_BOUND('',#6076,.F.);
#6076 = EDGE_LOOP('',(#6077,#6078,#6087,#6092));
#6077 = ORIENTED_EDGE('',*,*,#6057,.F.);
#6078 = ORIENTED_EDGE('',*,*,#6079,.T.);
#6079 = EDGE_CURVE('',#6058,#6080,#6082,.T.);
#6080 = VERTEX_POINT('',#6081);
#6081 = CARTESIAN_POINT('',(-0.143785092423,0.387406481516,
    0.265418386721));
#6082 = B_SPLINE_CURVE_WITH_KNOTS('',3,(#6083,#6084,#6085,#6086),
  .UNSPECIFIED.,.F.,.F.,(4,4),(2.,3.),.PIECEWISE_BEZIER_KNOTS.);
#6083 = CARTESIAN_POINT('',(-0.138861188339,0.387349063964,
    0.266074672342));
#6084 = CARTESIAN_POINT('',(-0.140215162376,0.387385243939,0.26566113334
    ));
#6085 = CARTESIAN_POINT('',(-0.141866787314,0.387405295736,
    0.265431940253));
#6086 = CARTESIAN_POINT('',(-0.143785092423,0.387406481516,
    0.265418386721));
#6087 = ORIENTED_EDGE('',*,*,#6088,.T.);
#6088 = EDGE_CURVE('',#6080,#327,#6089,.T.);
#6089 = B_SPLINE_CURVE_WITH_KNOTS('',1,(#6090,#6091),.UNSPECIFIED.,.F.,
  .F.,(2,2),(-0.,9.999998715905E-04),.PIECEWISE_BEZIER_KNOTS.);
#6090 = CARTESIAN_POINT('',(-0.143785092423,0.387406481516,
    0.265418386721));
#6091 = CARTESIAN_POINT('',(-0.143785092423,0.386410286946,
    0.265331230989));
#6092 = ORIENTED_EDGE('',*,*,#335,.F.);
#6093 = B_SPLINE_SURFACE_WITH_KNOTS('',3,1,(
    (#6094,#6095)
    ,(#6096,#6097)
    ,(#6098,#6099)
    ,(#6100,#6101
    )),.UNSPECIFIED.,.F.,.F.,.F.,(4,4),(2,2),(2.,3.),(0.,1.),
  .PIECEWISE_BEZIER_KNOTS.);
#6094 = CARTESIAN_POINT('',(-0.138861188339,0.387349063964,
    0.266074672342));
#6095 = CARTESIAN_POINT('',(-0.138861188339,0.386352869266,
    0.265987516599));
#6096 = CARTESIAN_POINT('',(-0.140215162376,0.387385243939,0.26566113334
    ));
#6097 = CARTESIAN_POINT('',(-0.140215162376,0.386389049241,
    0.265573977598));
#6098 = CARTESIAN_POINT('',(-0.141866787314,0.387405295736,
    0.265431940253));
#6099 = CARTESIAN_POINT('',(-0.141866787314,0.386409101037,0.26534478451
    ));
#6100 = CARTESIAN_POINT('',(-0.143785092423,0.387406481516,
    0.265418386721));
#6101 = CARTESIAN_POINT('',(-0.143785092423,0.386410286818,
    0.265331230978));
#6102 = ADVANCED_FACE('',(#6103),#6121,.F.);
#6103 = FACE_BOUND('',#6104,.F.);
#6104 = EDGE_LOOP('',(#6105,#6106,#6115,#6120));
#6105 = ORIENTED_EDGE('',*,*,#6088,.F.);
#6106 = ORIENTED_EDGE('',*,*,#6107,.T.);
#6107 = EDGE_CURVE('',#6080,#6108,#6110,.T.);
#6108 = VERTEX_POINT('',#6109);
#6109 = CARTESIAN_POINT('',(-0.159433168327,0.386200897735,
    0.279198272392));
#6110 = B_SPLINE_CURVE_WITH_KNOTS('',3,(#6111,#6112,#6113,#6114),
  .UNSPECIFIED.,.F.,.F.,(4,4),(1.,2.),.PIECEWISE_BEZIER_KNOTS.);
#6111 = CARTESIAN_POINT('',(-0.143785092423,0.387406481516,
    0.265418386721));
#6112 = CARTESIAN_POINT('',(-0.150475766341,0.387410617287,
    0.265371114645));
#6113 = CARTESIAN_POINT('',(-0.155686592984,0.387008752813,
    0.269964446599));
#6114 = CARTESIAN_POINT('',(-0.159433168327,0.386200897735,
    0.279198272392));
#6115 = ORIENTED_EDGE('',*,*,#6116,.T.);
#6116 = EDGE_CURVE('',#6108,#320,#6117,.T.);
#6117 = B_SPLINE_CURVE_WITH_KNOTS('',1,(#6118,#6119),.UNSPECIFIED.,.F.,
  .F.,(2,2),(-0.,9.999998715905E-04),.PIECEWISE_BEZIER_KNOTS.);
#6118 = CARTESIAN_POINT('',(-0.159433168327,0.386200897735,
    0.279198272392));
#6119 = CARTESIAN_POINT('',(-0.159433168327,0.385204703165,
    0.279111116661));
#6120 = ORIENTED_EDGE('',*,*,#326,.F.);
#6121 = B_SPLINE_SURFACE_WITH_KNOTS('',3,1,(
    (#6122,#6123)
    ,(#6124,#6125)
    ,(#6126,#6127)
    ,(#6128,#6129
    )),.UNSPECIFIED.,.F.,.F.,.F.,(4,4),(2,2),(1.,2.),(0.,1.),
  .PIECEWISE_BEZIER_KNOTS.);
#6122 = CARTESIAN_POINT('',(-0.143785092423,0.387406481516,
    0.265418386721));
#6123 = CARTESIAN_POINT('',(-0.143785092423,0.386410286818,
    0.265331230978));
#6124 = CARTESIAN_POINT('',(-0.150475766341,0.387410617287,
    0.265371114645));
#6125 = CARTESIAN_POINT('',(-0.150475766341,0.386414422589,
    0.265283958903));
#6126 = CARTESIAN_POINT('',(-0.155686592984,0.387008752813,
    0.269964446599));
#6127 = CARTESIAN_POINT('',(-0.155686592984,0.386012558115,
    0.269877290857));
#6128 = CARTESIAN_POINT('',(-0.159433168327,0.386200897735,
    0.279198272392));
#6129 = CARTESIAN_POINT('',(-0.159433168327,0.385204703037,
    0.279111116649));
#6130 = ADVANCED_FACE('',(#6131),#6141,.F.);
#6131 = FACE_BOUND('',#6132,.T.);
#6132 = EDGE_LOOP('',(#6133,#6134,#6135,#6140));
#6133 = ORIENTED_EDGE('',*,*,#319,.T.);
#6134 = ORIENTED_EDGE('',*,*,#5805,.F.);
#6135 = ORIENTED_EDGE('',*,*,#6136,.F.);
#6136 = EDGE_CURVE('',#6108,#5799,#6137,.T.);
#6137 = B_SPLINE_CURVE_WITH_KNOTS('',1,(#6138,#6139),.UNSPECIFIED.,.F.,
  .F.,(2,2),(-5.39158143662E-02,0.),.PIECEWISE_BEZIER_KNOTS.);
#6138 = CARTESIAN_POINT('',(-0.159433168327,0.386200897735,
    0.279198272392));
#6139 = CARTESIAN_POINT('',(-0.179564595464,0.381841680885,
    0.329024348985));
#6140 = ORIENTED_EDGE('',*,*,#6116,.T.);
#6141 = B_SPLINE_SURFACE_WITH_KNOTS('',1,1,(
    (#6142,#6143)
    ,(#6144,#6145
    )),.UNSPECIFIED.,.F.,.F.,.F.,(2,2),(2,2),(0.,5.382000679878E-02),(
    -9.967226181357E-04,4.3615269585E-03),.PIECEWISE_BEZIER_KNOTS.);
#6142 = CARTESIAN_POINT('',(-0.179594701605,0.380845486187,0.32901227748
    ));
#6143 = CARTESIAN_POINT('',(-0.179432854952,0.386200897735,
    0.329077172303));
#6144 = CARTESIAN_POINT('',(-0.159564908835,0.380845486187,
    0.279058293321));
#6145 = CARTESIAN_POINT('',(-0.159403062181,0.386200897735,
    0.279123188143));
#6146 = ADVANCED_FACE('',(#6147),#6164,.T.);
#6147 = FACE_BOUND('',#6148,.T.);
#6148 = EDGE_LOOP('',(#6149,#6150,#6151,#6152,#6153,#6154,#6155,#6156,
    #6157,#6158,#6159,#6160,#6161,#6162,#6163));
#6149 = ORIENTED_EDGE('',*,*,#5798,.T.);
#6150 = ORIENTED_EDGE('',*,*,#5826,.T.);
#6151 = ORIENTED_EDGE('',*,*,#5841,.T.);
#6152 = ORIENTED_EDGE('',*,*,#5876,.T.);
#6153 = ORIENTED_EDGE('',*,*,#5898,.T.);
#6154 = ORIENTED_EDGE('',*,*,#5920,.T.);
#6155 = ORIENTED_EDGE('',*,*,#5942,.T.);
#6156 = ORIENTED_EDGE('',*,*,#5964,.T.);
#6157 = ORIENTED_EDGE('',*,*,#5986,.T.);
#6158 = ORIENTED_EDGE('',*,*,#6001,.T.);
#6159 = ORIENTED_EDGE('',*,*,#6029,.T.);
#6160 = ORIENTED_EDGE('',*,*,#6064,.T.);
#6161 = ORIENTED_EDGE('',*,*,#6079,.T.);
#6162 = ORIENTED_EDGE('',*,*,#6107,.T.);
#6163 = ORIENTED_EDGE('',*,*,#6136,.T.);
#6164 = B_SPLINE_SURFACE_WITH_KNOTS('',1,1,(
    (#6165,#6166)
    ,(#6167,#6168
    )),.UNSPECIFIED.,.F.,.F.,.F.,(2,2),(2,2),(-3.470007637295E-03,
    6.072303372128E-02),(-2.6851428123E-02,1.497698084721E-02),
  .PIECEWISE_BEZIER_KNOTS.);
#6165 = CARTESIAN_POINT('',(-0.179564595464,0.387410617287,
    0.265371114645));
#6166 = CARTESIAN_POINT('',(-0.137736186493,0.387410617287,
    0.265371114645));
#6167 = CARTESIAN_POINT('',(-0.179564595464,0.381815825088,
    0.329319882101));
#6168 = CARTESIAN_POINT('',(-0.137736186493,0.381815825088,
    0.329319882101));
#6169 = ADVANCED_FACE('',(#6170),#6192,.F.);
#6170 = FACE_BOUND('',#6171,.T.);
#6171 = EDGE_LOOP('',(#6172,#6173,#6180,#6187));
#6172 = ORIENTED_EDGE('',*,*,#1217,.T.);
#6173 = ORIENTED_EDGE('',*,*,#6174,.F.);
#6174 = EDGE_CURVE('',#6175,#1220,#6177,.T.);
#6175 = VERTEX_POINT('',#6176);
#6176 = CARTESIAN_POINT('',(-0.22035348809,0.385058641552,0.292254320309
    ));
#6177 = B_SPLINE_CURVE_WITH_KNOTS('',1,(#6178,#6179),.UNSPECIFIED.,.F.,
  .F.,(2,2),(-0.,9.999998715905E-04),.PIECEWISE_BEZIER_KNOTS.);
#6178 = CARTESIAN_POINT('',(-0.22035348809,0.385058641552,0.292254320309
    ));
#6179 = CARTESIAN_POINT('',(-0.22035348809,0.384062446982,0.292167164578
    ));
#6180 = ORIENTED_EDGE('',*,*,#6181,.F.);
#6181 = EDGE_CURVE('',#6182,#6175,#6184,.T.);
#6182 = VERTEX_POINT('',#6183);
#6183 = CARTESIAN_POINT('',(-0.220304155035,0.385664879948,
    0.285324983731));
#6184 = B_SPLINE_CURVE_WITH_KNOTS('',1,(#6185,#6186),.UNSPECIFIED.,.F.,
  .F.,(2,2),(-6.955980460136E-03,0.),.PIECEWISE_BEZIER_KNOTS.);
#6185 = CARTESIAN_POINT('',(-0.220304155035,0.385664879948,
    0.285324983731));
#6186 = CARTESIAN_POINT('',(-0.22035348809,0.385058641552,0.292254320309
    ));
#6187 = ORIENTED_EDGE('',*,*,#6188,.T.);
#6188 = EDGE_CURVE('',#6182,#1218,#6189,.T.);
#6189 = B_SPLINE_CURVE_WITH_KNOTS('',1,(#6190,#6191),.UNSPECIFIED.,.F.,
  .F.,(2,2),(-0.,1.E-03),.PIECEWISE_BEZIER_KNOTS.);
#6190 = CARTESIAN_POINT('',(-0.220304155035,0.385664879948,
    0.285324983731));
#6191 = CARTESIAN_POINT('',(-0.220304155035,0.38466868525,0.285237827988
    ));
#6192 = B_SPLINE_SURFACE_WITH_KNOTS('',1,1,(
    (#6193,#6194)
    ,(#6195,#6196
    )),.UNSPECIFIED.,.F.,.F.,.F.,(2,2),(2,2),(0.,7.016665745669E-03),(
    -9.961948884035E-04,6.062385121899E-04),.PIECEWISE_BEZIER_KNOTS.);
#6193 = CARTESIAN_POINT('',(-0.220354103847,0.384062446854,
    0.292254315959));
#6194 = CARTESIAN_POINT('',(-0.220353113369,0.385664879948,
    0.292254322957));
#6195 = CARTESIAN_POINT('',(-0.220304529756,0.384062446854,0.28523782534
    ));
#6196 = CARTESIAN_POINT('',(-0.220303539278,0.385664879948,
    0.285237832339));
#6197 = ADVANCED_FACE('',(#6198),#6214,.F.);
#6198 = FACE_BOUND('',#6199,.T.);
#6199 = EDGE_LOOP('',(#6200,#6201,#6208,#6213));
#6200 = ORIENTED_EDGE('',*,*,#1296,.T.);
#6201 = ORIENTED_EDGE('',*,*,#6202,.F.);
#6202 = EDGE_CURVE('',#6203,#1290,#6205,.T.);
#6203 = VERTEX_POINT('',#6204);
#6204 = CARTESIAN_POINT('',(-0.195415521668,0.385043226406,
    0.292430516227));
#6205 = B_SPLINE_CURVE_WITH_KNOTS('',1,(#6206,#6207),.UNSPECIFIED.,.F.,
  .F.,(2,2),(-0.,9.999998715906E-04),.PIECEWISE_BEZIER_KNOTS.);
#6206 = CARTESIAN_POINT('',(-0.195415521668,0.385043226406,
    0.292430516227));
#6207 = CARTESIAN_POINT('',(-0.195415521668,0.384047031836,
    0.292343360496));
#6208 = ORIENTED_EDGE('',*,*,#6209,.F.);
#6209 = EDGE_CURVE('',#6175,#6203,#6210,.T.);
#6210 = B_SPLINE_CURVE_WITH_KNOTS('',1,(#6211,#6212),.UNSPECIFIED.,.F.,
  .F.,(2,2),(-2.493859362272E-02,0.),.PIECEWISE_BEZIER_KNOTS.);
#6211 = CARTESIAN_POINT('',(-0.22035348809,0.385058641552,0.292254320309
    ));
#6212 = CARTESIAN_POINT('',(-0.195415521668,0.385043226406,
    0.292430516227));
#6213 = ORIENTED_EDGE('',*,*,#6174,.T.);
#6214 = B_SPLINE_SURFACE_WITH_KNOTS('',1,1,(
    (#6215,#6216)
    ,(#6217,#6218)),.UNSPECIFIED.,.F.,.F.,.F.,(2,2),(2,2),(-1.E-03,0.),(
    -2.493859362272E-02,0.),.PIECEWISE_BEZIER_KNOTS.);
#6215 = CARTESIAN_POINT('',(-0.22035348809,0.384062446854,0.292167164567
    ));
#6216 = CARTESIAN_POINT('',(-0.195415521668,0.384047031708,
    0.292343360485));
#6217 = CARTESIAN_POINT('',(-0.22035348809,0.385058641552,0.292254320309
    ));
#6218 = CARTESIAN_POINT('',(-0.195415521668,0.385043226406,
    0.292430516227));
#6219 = ADVANCED_FACE('',(#6220),#6236,.F.);
#6220 = FACE_BOUND('',#6221,.T.);
#6221 = EDGE_LOOP('',(#6222,#6223,#6230,#6235));
#6222 = ORIENTED_EDGE('',*,*,#1289,.T.);
#6223 = ORIENTED_EDGE('',*,*,#6224,.F.);
#6224 = EDGE_CURVE('',#6225,#1283,#6227,.T.);
#6225 = VERTEX_POINT('',#6226);
#6226 = CARTESIAN_POINT('',(-0.195561087365,0.383254415353,
    0.312876720123));
#6227 = B_SPLINE_CURVE_WITH_KNOTS('',1,(#6228,#6229),.UNSPECIFIED.,.F.,
  .F.,(2,2),(-0.,9.999998715905E-04),.PIECEWISE_BEZIER_KNOTS.);
#6228 = CARTESIAN_POINT('',(-0.195561087365,0.383254415353,
    0.312876720123));
#6229 = CARTESIAN_POINT('',(-0.195561087365,0.382258220783,
    0.312789564391));
#6230 = ORIENTED_EDGE('',*,*,#6231,.F.);
#6231 = EDGE_CURVE('',#6203,#6225,#6232,.T.);
#6232 = B_SPLINE_CURVE_WITH_KNOTS('',1,(#6233,#6234),.UNSPECIFIED.,.F.,
  .F.,(2,2),(-2.052482126799E-02,0.),.PIECEWISE_BEZIER_KNOTS.);
#6233 = CARTESIAN_POINT('',(-0.195415521668,0.385043226406,
    0.292430516227));
#6234 = CARTESIAN_POINT('',(-0.195561087365,0.383254415353,
    0.312876720123));
#6235 = ORIENTED_EDGE('',*,*,#6202,.T.);
#6236 = B_SPLINE_SURFACE_WITH_KNOTS('',1,1,(
    (#6237,#6238)
    ,(#6239,#6240
    )),.UNSPECIFIED.,.F.,.F.,.F.,(2,2),(2,2),(0.,2.053387561121E-02),(
    -9.961948884035E-04,1.78881139471E-03),.PIECEWISE_BEZIER_KNOTS.);
#6237 = CARTESIAN_POINT('',(-0.195561703121,0.382258220655,
    0.312876715772));
#6238 = CARTESIAN_POINT('',(-0.195559981685,0.385043226406,
    0.312876727935));
#6239 = CARTESIAN_POINT('',(-0.195416627348,0.382258220655,
    0.292343352661));
#6240 = CARTESIAN_POINT('',(-0.195414905912,0.385043226406,
    0.292343364824));
#6241 = ADVANCED_FACE('',(#6242),#6258,.F.);
#6242 = FACE_BOUND('',#6243,.T.);
#6243 = EDGE_LOOP('',(#6244,#6245,#6252,#6257));
#6244 = ORIENTED_EDGE('',*,*,#1282,.T.);
#6245 = ORIENTED_EDGE('',*,*,#6246,.F.);
#6246 = EDGE_CURVE('',#6247,#1276,#6249,.T.);
#6247 = VERTEX_POINT('',#6248);
#6248 = CARTESIAN_POINT('',(-0.217379858487,0.383267902401,
    0.312722562468));
#6249 = B_SPLINE_CURVE_WITH_KNOTS('',1,(#6250,#6251),.UNSPECIFIED.,.F.,
  .F.,(2,2),(-0.,9.999998715906E-04),.PIECEWISE_BEZIER_KNOTS.);
#6250 = CARTESIAN_POINT('',(-0.217379858487,0.383267902401,
    0.312722562468));
#6251 = CARTESIAN_POINT('',(-0.217379858487,0.38227170783,0.312635406737
    ));
#6252 = ORIENTED_EDGE('',*,*,#6253,.F.);
#6253 = EDGE_CURVE('',#6225,#6247,#6254,.T.);
#6254 = B_SPLINE_CURVE_WITH_KNOTS('',1,(#6255,#6256),.UNSPECIFIED.,.F.,
  .F.,(2,2),(-2.181931987358E-02,0.),.PIECEWISE_BEZIER_KNOTS.);
#6255 = CARTESIAN_POINT('',(-0.195561087365,0.383254415353,
    0.312876720123));
#6256 = CARTESIAN_POINT('',(-0.217379858487,0.383267902401,
    0.312722562468));
#6257 = ORIENTED_EDGE('',*,*,#6224,.T.);
#6258 = B_SPLINE_SURFACE_WITH_KNOTS('',1,1,(
    (#6259,#6260)
    ,(#6261,#6262
    )),.UNSPECIFIED.,.F.,.F.,.F.,(2,2),(2,2),(-9.535830039027E-18,1.E-03
    ),(-1.957248806277E-17,2.181931987358E-02),
  .PIECEWISE_BEZIER_KNOTS.);
#6259 = CARTESIAN_POINT('',(-0.217379858487,0.383267902401,
    0.312722562468));
#6260 = CARTESIAN_POINT('',(-0.195561087365,0.383254415353,
    0.312876720123));
#6261 = CARTESIAN_POINT('',(-0.217379858487,0.382271707703,
    0.312635406725));
#6262 = CARTESIAN_POINT('',(-0.195561087365,0.382258220655,0.31278956438
    ));
#6263 = ADVANCED_FACE('',(#6264),#6280,.F.);
#6264 = FACE_BOUND('',#6265,.T.);
#6265 = EDGE_LOOP('',(#6266,#6267,#6274,#6279));
#6266 = ORIENTED_EDGE('',*,*,#1275,.T.);
#6267 = ORIENTED_EDGE('',*,*,#6268,.F.);
#6268 = EDGE_CURVE('',#6269,#1269,#6271,.T.);
#6269 = VERTEX_POINT('',#6270);
#6270 = CARTESIAN_POINT('',(-0.217429412766,0.382658945446,
    0.319682972305));
#6271 = B_SPLINE_CURVE_WITH_KNOTS('',1,(#6272,#6273),.UNSPECIFIED.,.F.,
  .F.,(2,2),(-0.,9.999998715906E-04),.PIECEWISE_BEZIER_KNOTS.);
#6272 = CARTESIAN_POINT('',(-0.217429412766,0.382658945446,
    0.319682972305));
#6273 = CARTESIAN_POINT('',(-0.217429412766,0.381662750876,
    0.319595816573));
#6274 = ORIENTED_EDGE('',*,*,#6275,.F.);
#6275 = EDGE_CURVE('',#6247,#6269,#6276,.T.);
#6276 = B_SPLINE_CURVE_WITH_KNOTS('',1,(#6277,#6278),.UNSPECIFIED.,.F.,
  .F.,(2,2),(-6.987173197589E-03,0.),.PIECEWISE_BEZIER_KNOTS.);
#6277 = CARTESIAN_POINT('',(-0.217379858487,0.383267902401,
    0.312722562468));
#6278 = CARTESIAN_POINT('',(-0.217429412766,0.382658945446,
    0.319682972305));
#6279 = ORIENTED_EDGE('',*,*,#6246,.T.);
#6280 = B_SPLINE_SURFACE_WITH_KNOTS('',1,1,(
    (#6281,#6282)
    ,(#6283,#6284
    )),.UNSPECIFIED.,.F.,.F.,.F.,(2,2),(2,2),(0.,7.047739802467E-03),(
    -9.961948884035E-04,6.089570705373E-04),.PIECEWISE_BEZIER_KNOTS.);
#6281 = CARTESIAN_POINT('',(-0.217430028523,0.381662750748,
    0.319682967954));
#6282 = CARTESIAN_POINT('',(-0.217429036365,0.383267902401,
    0.319682974964));
#6283 = CARTESIAN_POINT('',(-0.217380234888,0.381662750748,
    0.312635404055));
#6284 = CARTESIAN_POINT('',(-0.21737924273,0.383267902401,0.312635411065
    ));
#6285 = ADVANCED_FACE('',(#6286),#6302,.F.);
#6286 = FACE_BOUND('',#6287,.T.);
#6287 = EDGE_LOOP('',(#6288,#6289,#6296,#6301));
#6288 = ORIENTED_EDGE('',*,*,#1268,.T.);
#6289 = ORIENTED_EDGE('',*,*,#6290,.F.);
#6290 = EDGE_CURVE('',#6291,#1262,#6293,.T.);
#6291 = VERTEX_POINT('',#6292);
#6292 = CARTESIAN_POINT('',(-0.195610641644,0.382645458399,
    0.319837129959));
#6293 = B_SPLINE_CURVE_WITH_KNOTS('',1,(#6294,#6295),.UNSPECIFIED.,.F.,
  .F.,(2,2),(-0.,9.999998715906E-04),.PIECEWISE_BEZIER_KNOTS.);
#6294 = CARTESIAN_POINT('',(-0.195610641644,0.382645458399,
    0.319837129959));
#6295 = CARTESIAN_POINT('',(-0.195610641644,0.381649263829,
    0.319749974228));
#6296 = ORIENTED_EDGE('',*,*,#6297,.F.);
#6297 = EDGE_CURVE('',#6269,#6291,#6298,.T.);
#6298 = B_SPLINE_CURVE_WITH_KNOTS('',1,(#6299,#6300),.UNSPECIFIED.,.F.,
  .F.,(2,2),(-2.181931987358E-02,0.),.PIECEWISE_BEZIER_KNOTS.);
#6299 = CARTESIAN_POINT('',(-0.217429412766,0.382658945446,
    0.319682972305));
#6300 = CARTESIAN_POINT('',(-0.195610641644,0.382645458399,
    0.319837129959));
#6301 = ORIENTED_EDGE('',*,*,#6268,.T.);
#6302 = B_SPLINE_SURFACE_WITH_KNOTS('',1,1,(
    (#6303,#6304)
    ,(#6305,#6306)),.UNSPECIFIED.,.F.,.F.,.F.,(2,2),(2,2),(-1.E-03,0.),(
    -2.181931987358E-02,9.0618757166E-23),.PIECEWISE_BEZIER_KNOTS.);
#6303 = CARTESIAN_POINT('',(-0.217429412766,0.381662750748,
    0.319595816562));
#6304 = CARTESIAN_POINT('',(-0.195610641644,0.381649263701,
    0.319749974216));
#6305 = CARTESIAN_POINT('',(-0.217429412766,0.382658945446,
    0.319682972305));
#6306 = CARTESIAN_POINT('',(-0.195610641644,0.382645458399,
    0.319837129959));
#6307 = ADVANCED_FACE('',(#6308),#6324,.F.);
#6308 = FACE_BOUND('',#6309,.T.);
#6309 = EDGE_LOOP('',(#6310,#6311,#6318,#6323));
#6310 = ORIENTED_EDGE('',*,*,#1261,.T.);
#6311 = ORIENTED_EDGE('',*,*,#6312,.F.);
#6312 = EDGE_CURVE('',#6313,#1255,#6315,.T.);
#6313 = VERTEX_POINT('',#6314);
#6314 = CARTESIAN_POINT('',(-0.195749128158,0.380943641197,
    0.339288989592));
#6315 = B_SPLINE_CURVE_WITH_KNOTS('',1,(#6316,#6317),.UNSPECIFIED.,.F.,
  .F.,(2,2),(-0.,9.999998715905E-04),.PIECEWISE_BEZIER_KNOTS.);
#6316 = CARTESIAN_POINT('',(-0.195749128158,0.380943641197,
    0.339288989592));
#6317 = CARTESIAN_POINT('',(-0.195749128158,0.379947446627,
    0.339201833861));
#6318 = ORIENTED_EDGE('',*,*,#6319,.F.);
#6319 = EDGE_CURVE('',#6291,#6313,#6320,.T.);
#6320 = B_SPLINE_CURVE_WITH_KNOTS('',1,(#6321,#6322),.UNSPECIFIED.,.F.,
  .F.,(2,2),(-1.952665366864E-02,0.),.PIECEWISE_BEZIER_KNOTS.);
#6321 = CARTESIAN_POINT('',(-0.195610641644,0.382645458399,
    0.319837129959));
#6322 = CARTESIAN_POINT('',(-0.195749128158,0.380943641197,
    0.339288989592));
#6323 = ORIENTED_EDGE('',*,*,#6290,.T.);
#6324 = B_SPLINE_SURFACE_WITH_KNOTS('',1,1,(
    (#6325,#6326)
    ,(#6327,#6328
    )),.UNSPECIFIED.,.F.,.F.,.F.,(2,2),(2,2),(0.,1.953950615096E-02),(
    -9.961948884035E-04,1.701817527517E-03),.PIECEWISE_BEZIER_KNOTS.);
#6325 = CARTESIAN_POINT('',(-0.195749743915,0.379947446499,
    0.339288985242));
#6326 = CARTESIAN_POINT('',(-0.19574807625,0.382645458399,0.339288997025
    ));
#6327 = CARTESIAN_POINT('',(-0.195611693552,0.379947446499,
    0.319749966773));
#6328 = CARTESIAN_POINT('',(-0.195610025888,0.382645458399,
    0.319749978556));
#6329 = ADVANCED_FACE('',(#6330),#6346,.F.);
#6330 = FACE_BOUND('',#6331,.T.);
#6331 = EDGE_LOOP('',(#6332,#6333,#6340,#6345));
#6332 = ORIENTED_EDGE('',*,*,#1254,.T.);
#6333 = ORIENTED_EDGE('',*,*,#6334,.F.);
#6334 = EDGE_CURVE('',#6335,#1248,#6337,.T.);
#6335 = VERTEX_POINT('',#6336);
#6336 = CARTESIAN_POINT('',(-0.219299052671,0.380958198339,
    0.339122600702));
#6337 = B_SPLINE_CURVE_WITH_KNOTS('',1,(#6338,#6339),.UNSPECIFIED.,.F.,
  .F.,(2,2),(-0.,9.999998715905E-04),.PIECEWISE_BEZIER_KNOTS.);
#6338 = CARTESIAN_POINT('',(-0.219299052671,0.380958198339,
    0.339122600702));
#6339 = CARTESIAN_POINT('',(-0.219299052671,0.379962003768,0.33903544497
    ));
#6340 = ORIENTED_EDGE('',*,*,#6341,.F.);
#6341 = EDGE_CURVE('',#6313,#6335,#6342,.T.);
#6342 = B_SPLINE_CURVE_WITH_KNOTS('',1,(#6343,#6344),.UNSPECIFIED.,.F.,
  .F.,(2,2),(-2.355051680436E-02,0.),.PIECEWISE_BEZIER_KNOTS.);
#6343 = CARTESIAN_POINT('',(-0.195749128158,0.380943641197,
    0.339288989592));
#6344 = CARTESIAN_POINT('',(-0.219299052671,0.380958198339,
    0.339122600702));
#6345 = ORIENTED_EDGE('',*,*,#6312,.T.);
#6346 = B_SPLINE_SURFACE_WITH_KNOTS('',1,1,(
    (#6347,#6348)
    ,(#6349,#6350
    )),.UNSPECIFIED.,.F.,.F.,.F.,(2,2),(2,2),(-2.501998191914E-17,1.E-03
    ),(0.,2.355051680436E-02),.PIECEWISE_BEZIER_KNOTS.);
#6347 = CARTESIAN_POINT('',(-0.219299052671,0.380958198339,
    0.339122600702));
#6348 = CARTESIAN_POINT('',(-0.195749128158,0.380943641197,
    0.339288989592));
#6349 = CARTESIAN_POINT('',(-0.219299052671,0.37996200364,0.339035444959
    ));
#6350 = CARTESIAN_POINT('',(-0.195749128158,0.379947446499,0.33920183385
    ));
#6351 = ADVANCED_FACE('',(#6352),#6368,.F.);
#6352 = FACE_BOUND('',#6353,.T.);
#6353 = EDGE_LOOP('',(#6354,#6355,#6362,#6367));
#6354 = ORIENTED_EDGE('',*,*,#1247,.T.);
#6355 = ORIENTED_EDGE('',*,*,#6356,.F.);
#6356 = EDGE_CURVE('',#6357,#1241,#6359,.T.);
#6357 = VERTEX_POINT('',#6358);
#6358 = CARTESIAN_POINT('',(-0.219348828175,0.380346522826,
    0.346114083797));
#6359 = B_SPLINE_CURVE_WITH_KNOTS('',1,(#6360,#6361),.UNSPECIFIED.,.F.,
  .F.,(2,2),(-0.,9.999998715905E-04),.PIECEWISE_BEZIER_KNOTS.);
#6360 = CARTESIAN_POINT('',(-0.219348828175,0.380346522826,
    0.346114083797));
#6361 = CARTESIAN_POINT('',(-0.219348828175,0.379350328256,
    0.346026928065));
#6362 = ORIENTED_EDGE('',*,*,#6363,.F.);
#6363 = EDGE_CURVE('',#6335,#6357,#6364,.T.);
#6364 = B_SPLINE_CURVE_WITH_KNOTS('',1,(#6365,#6366),.UNSPECIFIED.,.F.,
  .F.,(2,2),(-7.018365935043E-03,0.),.PIECEWISE_BEZIER_KNOTS.);
#6365 = CARTESIAN_POINT('',(-0.219299052671,0.380958198339,
    0.339122600702));
#6366 = CARTESIAN_POINT('',(-0.219348828175,0.380346522826,
    0.346114083797));
#6367 = ORIENTED_EDGE('',*,*,#6334,.T.);
#6368 = B_SPLINE_SURFACE_WITH_KNOTS('',1,1,(
    (#6369,#6370)
    ,(#6371,#6372
    )),.UNSPECIFIED.,.F.,.F.,.F.,(2,2),(2,2),(0.,7.078813848074E-03),(
    -9.961948884035E-04,6.116756288848E-04),.PIECEWISE_BEZIER_KNOTS.);
#6369 = CARTESIAN_POINT('',(-0.219349443932,0.379350328128,
    0.346114079446));
#6370 = CARTESIAN_POINT('',(-0.219348450093,0.380958198339,
    0.346114086468));
#6371 = CARTESIAN_POINT('',(-0.219299430753,0.379350328128,
    0.339035442277));
#6372 = CARTESIAN_POINT('',(-0.219298436914,0.380958198339,
    0.339035449298));
#6373 = ADVANCED_FACE('',(#6374),#6390,.F.);
#6374 = FACE_BOUND('',#6375,.T.);
#6375 = EDGE_LOOP('',(#6376,#6377,#6384,#6389));
#6376 = ORIENTED_EDGE('',*,*,#1240,.T.);
#6377 = ORIENTED_EDGE('',*,*,#6378,.F.);
#6378 = EDGE_CURVE('',#6379,#1234,#6381,.T.);
#6379 = VERTEX_POINT('',#6380);
#6380 = CARTESIAN_POINT('',(-0.18792293553,0.380327097237,0.346336119303
    ));
#6381 = B_SPLINE_CURVE_WITH_KNOTS('',1,(#6382,#6383),.UNSPECIFIED.,.F.,
  .F.,(2,2),(-0.,9.999998715905E-04),.PIECEWISE_BEZIER_KNOTS.);
#6382 = CARTESIAN_POINT('',(-0.18792293553,0.380327097237,0.346336119303
    ));
#6383 = CARTESIAN_POINT('',(-0.18792293553,0.379330902667,0.346248963571
    ));
#6384 = ORIENTED_EDGE('',*,*,#6385,.F.);
#6385 = EDGE_CURVE('',#6357,#6379,#6386,.T.);
#6386 = B_SPLINE_CURVE_WITH_KNOTS('',1,(#6387,#6388),.UNSPECIFIED.,.F.,
  .F.,(2,2),(-3.142668302063E-02,0.),.PIECEWISE_BEZIER_KNOTS.);
#6387 = CARTESIAN_POINT('',(-0.219348828175,0.380346522826,
    0.346114083797));
#6388 = CARTESIAN_POINT('',(-0.18792293553,0.380327097237,0.346336119303
    ));
#6389 = ORIENTED_EDGE('',*,*,#6356,.T.);
#6390 = B_SPLINE_SURFACE_WITH_KNOTS('',1,1,(
    (#6391,#6392)
    ,(#6393,#6394
    )),.UNSPECIFIED.,.F.,.F.,.F.,(2,2),(2,2),(-1.E-03,1.630002505449E-17
    ),(-3.142668302063E-02,0.),.PIECEWISE_BEZIER_KNOTS.);
#6391 = CARTESIAN_POINT('',(-0.219348828175,0.379350328128,
    0.346026928054));
#6392 = CARTESIAN_POINT('',(-0.18792293553,0.379330902539,0.34624896356)
  );
#6393 = CARTESIAN_POINT('',(-0.219348828175,0.380346522826,
    0.346114083797));
#6394 = CARTESIAN_POINT('',(-0.18792293553,0.380327097237,0.346336119303
    ));
#6395 = ADVANCED_FACE('',(#6396),#6412,.F.);
#6396 = FACE_BOUND('',#6397,.T.);
#6397 = EDGE_LOOP('',(#6398,#6399,#6406,#6411));
#6398 = ORIENTED_EDGE('',*,*,#1233,.T.);
#6399 = ORIENTED_EDGE('',*,*,#6400,.F.);
#6400 = EDGE_CURVE('',#6401,#1227,#6403,.T.);
#6401 = VERTEX_POINT('',#6402);
#6402 = CARTESIAN_POINT('',(-0.187490220481,0.385644596355,
    0.285556826264));
#6403 = B_SPLINE_CURVE_WITH_KNOTS('',1,(#6404,#6405),.UNSPECIFIED.,.F.,
  .F.,(2,2),(-0.,9.999998715905E-04),.PIECEWISE_BEZIER_KNOTS.);
#6404 = CARTESIAN_POINT('',(-0.187490220481,0.385644596355,
    0.285556826264));
#6405 = CARTESIAN_POINT('',(-0.187490220481,0.384648401785,
    0.285469670533));
#6406 = ORIENTED_EDGE('',*,*,#6407,.F.);
#6407 = EDGE_CURVE('',#6379,#6401,#6408,.T.);
#6408 = B_SPLINE_CURVE_WITH_KNOTS('',1,(#6409,#6410),.UNSPECIFIED.,.F.,
  .F.,(2,2),(-6.10129945294E-02,0.),.PIECEWISE_BEZIER_KNOTS.);
#6409 = CARTESIAN_POINT('',(-0.18792293553,0.380327097237,0.346336119303
    ));
#6410 = CARTESIAN_POINT('',(-0.187490220481,0.385644596355,
    0.285556826264));
#6411 = ORIENTED_EDGE('',*,*,#6378,.T.);
#6412 = B_SPLINE_SURFACE_WITH_KNOTS('',1,1,(
    (#6413,#6414)
    ,(#6415,#6416
    )),.UNSPECIFIED.,.F.,.F.,.F.,(2,2),(2,2),(-8.71535674466E-05,
    6.078083327638E-02),(-6.313695022242E-03,0.),
  .PIECEWISE_BEZIER_KNOTS.);
#6413 = CARTESIAN_POINT('',(-0.187493507274,0.379330902539,
    0.285469647299));
#6414 = CARTESIAN_POINT('',(-0.187489604725,0.385644596355,
    0.285469674872));
#6415 = CARTESIAN_POINT('',(-0.187923551287,0.379330902539,
    0.346336114952));
#6416 = CARTESIAN_POINT('',(-0.187919648737,0.385644596355,
    0.346336142525));
#6417 = ADVANCED_FACE('',(#6418),#6428,.F.);
#6418 = FACE_BOUND('',#6419,.T.);
#6419 = EDGE_LOOP('',(#6420,#6421,#6422,#6427));
#6420 = ORIENTED_EDGE('',*,*,#1226,.T.);
#6421 = ORIENTED_EDGE('',*,*,#6188,.F.);
#6422 = ORIENTED_EDGE('',*,*,#6423,.F.);
#6423 = EDGE_CURVE('',#6401,#6182,#6424,.T.);
#6424 = B_SPLINE_CURVE_WITH_KNOTS('',1,(#6425,#6426),.UNSPECIFIED.,.F.,
  .F.,(2,2),(-3.2814759839E-02,0.),.PIECEWISE_BEZIER_KNOTS.);
#6425 = CARTESIAN_POINT('',(-0.187490220481,0.385644596355,
    0.285556826264));
#6426 = CARTESIAN_POINT('',(-0.220304155035,0.385664879948,
    0.285324983731));
#6427 = ORIENTED_EDGE('',*,*,#6400,.T.);
#6428 = B_SPLINE_SURFACE_WITH_KNOTS('',1,1,(
    (#6429,#6430)
    ,(#6431,#6432
    )),.UNSPECIFIED.,.F.,.F.,.F.,(2,2),(2,2),(-0.,1.E-03),(0.,
    3.2814759839E-02),.PIECEWISE_BEZIER_KNOTS.);
#6429 = CARTESIAN_POINT('',(-0.220304155035,0.385664879948,
    0.285324983731));
#6430 = CARTESIAN_POINT('',(-0.187490220481,0.385644596355,
    0.285556826264));
#6431 = CARTESIAN_POINT('',(-0.220304155035,0.38466868525,0.285237827988
    ));
#6432 = CARTESIAN_POINT('',(-0.187490220481,0.384648401657,
    0.285469670522));
#6433 = ADVANCED_FACE('',(#6434),#6448,.F.);
#6434 = FACE_BOUND('',#6435,.T.);
#6435 = EDGE_LOOP('',(#6436,#6437,#6438,#6439,#6440,#6441,#6442,#6443,
    #6444,#6445,#6446,#6447));
#6436 = ORIENTED_EDGE('',*,*,#6181,.T.);
#6437 = ORIENTED_EDGE('',*,*,#6209,.T.);
#6438 = ORIENTED_EDGE('',*,*,#6231,.T.);
#6439 = ORIENTED_EDGE('',*,*,#6253,.T.);
#6440 = ORIENTED_EDGE('',*,*,#6275,.T.);
#6441 = ORIENTED_EDGE('',*,*,#6297,.T.);
#6442 = ORIENTED_EDGE('',*,*,#6319,.T.);
#6443 = ORIENTED_EDGE('',*,*,#6341,.T.);
#6444 = ORIENTED_EDGE('',*,*,#6363,.T.);
#6445 = ORIENTED_EDGE('',*,*,#6385,.T.);
#6446 = ORIENTED_EDGE('',*,*,#6407,.T.);
#6447 = ORIENTED_EDGE('',*,*,#6423,.T.);
#6448 = B_SPLINE_SURFACE_WITH_KNOTS('',1,1,(
    (#6449,#6450)
    ,(#6451,#6452
    )),.UNSPECIFIED.,.F.,.F.,.F.,(2,2),(2,2),(-0.202288998751,
    -0.141044810553),(-0.22035348809,-0.187490220481),
  .PIECEWISE_BEZIER_KNOTS.);
#6449 = CARTESIAN_POINT('',(-0.22035348809,0.380327097237,0.346336119303
    ));
#6450 = CARTESIAN_POINT('',(-0.187490220481,0.380327097237,
    0.346336119303));
#6451 = CARTESIAN_POINT('',(-0.22035348809,0.385664879948,0.285324983731
    ));
#6452 = CARTESIAN_POINT('',(-0.187490220481,0.385664879948,
    0.285324983731));
#6453 = ADVANCED_FACE('',(#6454,#6513),#6572,.T.);
#6454 = FACE_BOUND('',#6455,.T.);
#6455 = EDGE_LOOP('',(#6456,#6465,#6474,#6483,#6492,#6501,#6508));
#6456 = ORIENTED_EDGE('',*,*,#6457,.T.);
#6457 = EDGE_CURVE('',#6458,#6460,#6462,.T.);
#6458 = VERTEX_POINT('',#6459);
#6459 = CARTESIAN_POINT('',(-0.231829581668,0.385672004271,
    0.285243552347));
#6460 = VERTEX_POINT('',#6461);
#6461 = CARTESIAN_POINT('',(-0.248610852381,0.38568237744,0.285124986488
    ));
#6462 = B_SPLINE_CURVE_WITH_KNOTS('',1,(#6463,#6464),.UNSPECIFIED.,.F.,
  .F.,(2,2),(-1.678169276936E-02,-5.554406791572E-17),
  .PIECEWISE_BEZIER_KNOTS.);
#6463 = CARTESIAN_POINT('',(-0.231829581668,0.385672004271,
    0.285243552347));
#6464 = CARTESIAN_POINT('',(-0.248610852381,0.38568237744,0.285124986488
    ));
#6465 = ORIENTED_EDGE('',*,*,#6466,.T.);
#6466 = EDGE_CURVE('',#6460,#6467,#6469,.T.);
#6467 = VERTEX_POINT('',#6468);
#6468 = CARTESIAN_POINT('',(-0.272361756185,0.3849521365,0.293471678622)
  );
#6469 = B_SPLINE_CURVE_WITH_KNOTS('',3,(#6470,#6471,#6472,#6473),
  .UNSPECIFIED.,.F.,.F.,(4,4),(5.,6.),.PIECEWISE_BEZIER_KNOTS.);
#6470 = CARTESIAN_POINT('',(-0.248610852381,0.38568237744,0.285124986488
    ));
#6471 = CARTESIAN_POINT('',(-0.258264761834,0.385688344904,
    0.285056778062));
#6472 = CARTESIAN_POINT('',(-0.266192053345,0.38544584387,0.287828577559
    ));
#6473 = CARTESIAN_POINT('',(-0.272361756185,0.3849521365,0.293471678622)
  );
#6474 = ORIENTED_EDGE('',*,*,#6475,.T.);
#6475 = EDGE_CURVE('',#6467,#6476,#6478,.T.);
#6476 = VERTEX_POINT('',#6477);
#6477 = CARTESIAN_POINT('',(-0.281724654953,0.382975995731,
    0.316059070972));
#6478 = B_SPLINE_CURVE_WITH_KNOTS('',3,(#6479,#6480,#6481,#6482),
  .UNSPECIFIED.,.F.,.F.,(4,4),(4.,5.),.PIECEWISE_BEZIER_KNOTS.);
#6479 = CARTESIAN_POINT('',(-0.272361756185,0.3849521365,0.293471678622)
  );
#6480 = CARTESIAN_POINT('',(-0.278531459026,0.38445842913,0.299114779685
    ));
#6481 = CARTESIAN_POINT('',(-0.281657623941,0.383799718754,
    0.306643873737));
#6482 = CARTESIAN_POINT('',(-0.281724654953,0.382975995731,
    0.316059070972));
#6483 = ORIENTED_EDGE('',*,*,#6484,.T.);
#6484 = EDGE_CURVE('',#6476,#6485,#6487,.T.);
#6485 = VERTEX_POINT('',#6486);
#6486 = CARTESIAN_POINT('',(-0.272676558595,0.381083628706,0.33768892504
    ));
#6487 = B_SPLINE_CURVE_WITH_KNOTS('',3,(#6488,#6489,#6490,#6491),
  .UNSPECIFIED.,.F.,.F.,(4,4),(3.,4.),.PIECEWISE_BEZIER_KNOTS.);
#6488 = CARTESIAN_POINT('',(-0.281724654953,0.382975995731,
    0.316059070972));
#6489 = CARTESIAN_POINT('',(-0.281788810047,0.38218761396,0.32507031585)
  );
#6490 = CARTESIAN_POINT('',(-0.278767505527,0.381557727924,
    0.332269946184));
#6491 = CARTESIAN_POINT('',(-0.272676558595,0.381083628706,0.33768892504
    ));
#6492 = ORIENTED_EDGE('',*,*,#6493,.T.);
#6493 = EDGE_CURVE('',#6485,#6494,#6496,.T.);
#6494 = VERTEX_POINT('',#6495);
#6495 = CARTESIAN_POINT('',(-0.249667406489,0.380365263941,
    0.345899871874));
#6496 = B_SPLINE_CURVE_WITH_KNOTS('',3,(#6497,#6498,#6499,#6500),
  .UNSPECIFIED.,.F.,.F.,(4,4),(2.,3.),.PIECEWISE_BEZIER_KNOTS.);
#6497 = CARTESIAN_POINT('',(-0.272676558595,0.381083628706,0.33768892504
    ));
#6498 = CARTESIAN_POINT('',(-0.266585611664,0.380609529488,
    0.343107903897));
#6499 = CARTESIAN_POINT('',(-0.258915820553,0.380370980753,
    0.345834528422));
#6500 = CARTESIAN_POINT('',(-0.249667406489,0.380365263941,
    0.345899871874));
#6501 = ORIENTED_EDGE('',*,*,#6502,.T.);
#6502 = EDGE_CURVE('',#6494,#6503,#6505,.T.);
#6503 = VERTEX_POINT('',#6504);
#6504 = CARTESIAN_POINT('',(-0.232262296717,0.380354505153,
    0.346022845385));
#6505 = B_SPLINE_CURVE_WITH_KNOTS('',1,(#6506,#6507),.UNSPECIFIED.,.F.,
  .F.,(2,2),(-1.740554751886E-02,0.),.PIECEWISE_BEZIER_KNOTS.);
#6506 = CARTESIAN_POINT('',(-0.249667406489,0.380365263941,
    0.345899871874));
#6507 = CARTESIAN_POINT('',(-0.232262296717,0.380354505153,
    0.346022845385));
#6508 = ORIENTED_EDGE('',*,*,#6509,.T.);
#6509 = EDGE_CURVE('',#6503,#6458,#6510,.T.);
#6510 = B_SPLINE_CURVE_WITH_KNOTS('',1,(#6511,#6512),.UNSPECIFIED.,.F.,
  .F.,(2,2),(-6.10129945294E-02,0.),.PIECEWISE_BEZIER_KNOTS.);
#6511 = CARTESIAN_POINT('',(-0.232262296717,0.380354505153,
    0.346022845385));
#6512 = CARTESIAN_POINT('',(-0.231829581668,0.385672004271,
    0.285243552347));
#6513 = FACE_BOUND('',#6514,.T.);
#6514 = EDGE_LOOP('',(#6515,#6524,#6531,#6540,#6549,#6558,#6567));
#6515 = ORIENTED_EDGE('',*,*,#6516,.F.);
#6516 = EDGE_CURVE('',#6517,#6519,#6521,.T.);
#6517 = VERTEX_POINT('',#6518);
#6518 = CARTESIAN_POINT('',(-0.240088489344,0.380971049113,
    0.338975715674));
#6519 = VERTEX_POINT('',#6520);
#6520 = CARTESIAN_POINT('',(-0.239754882855,0.385070634323,
    0.292117242309));
#6521 = B_SPLINE_CURVE_WITH_KNOTS('',1,(#6522,#6523),.UNSPECIFIED.,.F.,
  .F.,(2,2),(0.,4.703864813422E-02),.PIECEWISE_BEZIER_KNOTS.);
#6522 = CARTESIAN_POINT('',(-0.240088489344,0.380971049113,
    0.338975715674));
#6523 = CARTESIAN_POINT('',(-0.239754882855,0.385070634323,
    0.292117242309));
#6524 = ORIENTED_EDGE('',*,*,#6525,.F.);
#6525 = EDGE_CURVE('',#6526,#6517,#6528,.T.);
#6526 = VERTEX_POINT('',#6527);
#6527 = CARTESIAN_POINT('',(-0.249305711455,0.380976746644,
    0.338910592605));
#6528 = B_SPLINE_CURVE_WITH_KNOTS('',1,(#6529,#6530),.UNSPECIFIED.,.F.,
  .F.,(2,2),(-5.567154078927E-17,9.217453928043E-03),
  .PIECEWISE_BEZIER_KNOTS.);
#6529 = CARTESIAN_POINT('',(-0.249305711455,0.380976746644,
    0.338910592605));
#6530 = CARTESIAN_POINT('',(-0.240088489344,0.380971049113,
    0.338975715674));
#6531 = ORIENTED_EDGE('',*,*,#6532,.F.);
#6532 = EDGE_CURVE('',#6533,#6526,#6535,.T.);
#6533 = VERTEX_POINT('',#6534);
#6534 = CARTESIAN_POINT('',(-0.266872863621,0.381487845399,
    0.333068707098));
#6535 = B_SPLINE_CURVE_WITH_KNOTS('',3,(#6536,#6537,#6538,#6539),
  .UNSPECIFIED.,.F.,.F.,(4,4),(5.,6.),.PIECEWISE_BEZIER_KNOTS.);
#6536 = CARTESIAN_POINT('',(-0.266872863621,0.381487845399,
    0.333068707098));
#6537 = CARTESIAN_POINT('',(-0.262439624952,0.381150705605,
    0.336922232574));
#6538 = CARTESIAN_POINT('',(-0.256573436504,0.380981239112,
    0.338859243451));
#6539 = CARTESIAN_POINT('',(-0.249305711455,0.380976746644,
    0.338910592605));
#6540 = ORIENTED_EDGE('',*,*,#6541,.F.);
#6541 = EDGE_CURVE('',#6542,#6533,#6544,.T.);
#6542 = VERTEX_POINT('',#6543);
#6543 = CARTESIAN_POINT('',(-0.27344164286,0.382989906535,0.315900069755
    ));
#6544 = B_SPLINE_CURVE_WITH_KNOTS('',3,(#6545,#6546,#6547,#6548),
  .UNSPECIFIED.,.F.,.F.,(4,4),(4.,5.),.PIECEWISE_BEZIER_KNOTS.);
#6545 = CARTESIAN_POINT('',(-0.27344164286,0.382989906535,0.315900069755
    ));
#6546 = CARTESIAN_POINT('',(-0.273495621629,0.382326578424,
    0.323481944755));
#6547 = CARTESIAN_POINT('',(-0.271306102291,0.381824985193,
    0.329215181622));
#6548 = CARTESIAN_POINT('',(-0.266872863621,0.381487845399,
    0.333068707098));
#6549 = ORIENTED_EDGE('',*,*,#6550,.F.);
#6550 = EDGE_CURVE('',#6551,#6542,#6553,.T.);
#6551 = VERTEX_POINT('',#6552);
#6552 = CARTESIAN_POINT('',(-0.266796647965,0.384532736215,0.29826544581
    ));
#6553 = B_SPLINE_CURVE_WITH_KNOTS('',3,(#6554,#6555,#6556,#6557),
  .UNSPECIFIED.,.F.,.F.,(4,4),(3.,4.),.PIECEWISE_BEZIER_KNOTS.);
#6554 = CARTESIAN_POINT('',(-0.266796647965,0.384532736215,0.29826544581
    ));
#6555 = CARTESIAN_POINT('',(-0.271177790711,0.384168420605,
    0.302429592289));
#6556 = CARTESIAN_POINT('',(-0.273387664091,0.383653234646,
    0.308318194754));
#6557 = CARTESIAN_POINT('',(-0.27344164286,0.382989906535,0.315900069755
    ));
#6558 = ORIENTED_EDGE('',*,*,#6559,.F.);
#6559 = EDGE_CURVE('',#6560,#6551,#6562,.T.);
#6560 = VERTEX_POINT('',#6561);
#6561 = CARTESIAN_POINT('',(-0.248613397506,0.385076110122,
    0.292054653641));
#6562 = B_SPLINE_CURVE_WITH_KNOTS('',3,(#6563,#6564,#6565,#6566),
  .UNSPECIFIED.,.F.,.F.,(4,4),(2.,3.),.PIECEWISE_BEZIER_KNOTS.);
#6563 = CARTESIAN_POINT('',(-0.248613397506,0.385076110122,
    0.292054653641));
#6564 = CARTESIAN_POINT('',(-0.256364597826,0.385080901446,
    0.291999888555));
#6565 = CARTESIAN_POINT('',(-0.262430879971,0.384899780024,
    0.294070115881));
#6566 = CARTESIAN_POINT('',(-0.266796647965,0.384532736215,0.29826544581
    ));
#6567 = ORIENTED_EDGE('',*,*,#6568,.F.);
#6568 = EDGE_CURVE('',#6519,#6560,#6569,.T.);
#6569 = B_SPLINE_CURVE_WITH_KNOTS('',1,(#6570,#6571),.UNSPECIFIED.,.F.,
  .F.,(2,2),(0.,8.858737446907E-03),.PIECEWISE_BEZIER_KNOTS.);
#6570 = CARTESIAN_POINT('',(-0.239754882855,0.385070634323,
    0.292117242309));
#6571 = CARTESIAN_POINT('',(-0.248613397506,0.385076110122,
    0.292054653641));
#6572 = B_SPLINE_SURFACE_WITH_KNOTS('',1,1,(
    (#6573,#6574)
    ,(#6575,#6576
    )),.UNSPECIFIED.,.F.,.F.,.F.,(2,2),(2,2),(-5.896963092088E-02,
    2.229316875004E-03),(-1.943277733044E-02,3.052645104875E-02),
  .PIECEWISE_BEZIER_KNOTS.);
#6573 = CARTESIAN_POINT('',(-0.281788810047,0.385688344904,
    0.285056778062));
#6574 = CARTESIAN_POINT('',(-0.231829581668,0.385688344904,
    0.285056778062));
#6575 = CARTESIAN_POINT('',(-0.281788810047,0.380354505153,
    0.346022845385));
#6576 = CARTESIAN_POINT('',(-0.231829581668,0.380354505153,
    0.346022845385));
#6577 = ADVANCED_FACE('',(#6578),#6592,.F.);
#6578 = FACE_BOUND('',#6579,.T.);
#6579 = EDGE_LOOP('',(#6580,#6581,#6586,#6587));
#6580 = ORIENTED_EDGE('',*,*,#1303,.T.);
#6581 = ORIENTED_EDGE('',*,*,#6582,.F.);
#6582 = EDGE_CURVE('',#6460,#1306,#6583,.T.);
#6583 = B_SPLINE_CURVE_WITH_KNOTS('',1,(#6584,#6585),.UNSPECIFIED.,.F.,
  .F.,(2,2),(-0.,9.999998715905E-04),.PIECEWISE_BEZIER_KNOTS.);
#6584 = CARTESIAN_POINT('',(-0.248610852381,0.38568237744,0.285124986488
    ));
#6585 = CARTESIAN_POINT('',(-0.248610852381,0.38468618287,0.285037830756
    ));
#6586 = ORIENTED_EDGE('',*,*,#6457,.F.);
#6587 = ORIENTED_EDGE('',*,*,#6588,.T.);
#6588 = EDGE_CURVE('',#6458,#1304,#6589,.T.);
#6589 = B_SPLINE_CURVE_WITH_KNOTS('',1,(#6590,#6591),.UNSPECIFIED.,.F.,
  .F.,(2,2),(-0.,1.E-03),.PIECEWISE_BEZIER_KNOTS.);
#6590 = CARTESIAN_POINT('',(-0.231829581668,0.385672004271,
    0.285243552347));
#6591 = CARTESIAN_POINT('',(-0.231829581668,0.384675809573,
    0.285156396604));
#6592 = B_SPLINE_SURFACE_WITH_KNOTS('',1,1,(
    (#6593,#6594)
    ,(#6595,#6596
    )),.UNSPECIFIED.,.F.,.F.,.F.,(2,2),(2,2),(-3.597045993793E-17,1.E-03
    ),(5.554406791572E-17,1.678169276936E-02),.PIECEWISE_BEZIER_KNOTS.);
#6593 = CARTESIAN_POINT('',(-0.248610852381,0.38568237744,0.285124986488
    ));
#6594 = CARTESIAN_POINT('',(-0.231829581668,0.385672004271,
    0.285243552347));
#6595 = CARTESIAN_POINT('',(-0.248610852381,0.384686182742,
    0.285037830745));
#6596 = CARTESIAN_POINT('',(-0.231829581668,0.384675809573,
    0.285156396604));
#6597 = ADVANCED_FACE('',(#6598),#6608,.F.);
#6598 = FACE_BOUND('',#6599,.F.);
#6599 = EDGE_LOOP('',(#6600,#6601,#6602,#6607));
#6600 = ORIENTED_EDGE('',*,*,#6582,.F.);
#6601 = ORIENTED_EDGE('',*,*,#6466,.T.);
#6602 = ORIENTED_EDGE('',*,*,#6603,.T.);
#6603 = EDGE_CURVE('',#6467,#1345,#6604,.T.);
#6604 = B_SPLINE_CURVE_WITH_KNOTS('',1,(#6605,#6606),.UNSPECIFIED.,.F.,
  .F.,(2,2),(-0.,9.999998715905E-04),.PIECEWISE_BEZIER_KNOTS.);
#6605 = CARTESIAN_POINT('',(-0.272361756185,0.3849521365,0.293471678622)
  );
#6606 = CARTESIAN_POINT('',(-0.272361756185,0.38395594193,0.293384522891
    ));
#6607 = ORIENTED_EDGE('',*,*,#1353,.F.);
#6608 = B_SPLINE_SURFACE_WITH_KNOTS('',3,1,(
    (#6609,#6610)
    ,(#6611,#6612)
    ,(#6613,#6614)
    ,(#6615,#6616
    )),.UNSPECIFIED.,.F.,.F.,.F.,(4,4),(2,2),(5.,6.),(0.,1.),
  .PIECEWISE_BEZIER_KNOTS.);
#6609 = CARTESIAN_POINT('',(-0.248610852381,0.38568237744,0.285124986488
    ));
#6610 = CARTESIAN_POINT('',(-0.248610852381,0.384686182742,
    0.285037830745));
#6611 = CARTESIAN_POINT('',(-0.258264761834,0.385688344904,
    0.285056778062));
#6612 = CARTESIAN_POINT('',(-0.258264761834,0.384692150206,
    0.284969622319));
#6613 = CARTESIAN_POINT('',(-0.266192053345,0.38544584387,0.287828577559
    ));
#6614 = CARTESIAN_POINT('',(-0.266192053345,0.384449649172,
    0.287741421817));
#6615 = CARTESIAN_POINT('',(-0.272361756185,0.3849521365,0.293471678622)
  );
#6616 = CARTESIAN_POINT('',(-0.272361756185,0.383955941802,
    0.293384522879));
#6617 = ADVANCED_FACE('',(#6618),#6628,.F.);
#6618 = FACE_BOUND('',#6619,.F.);
#6619 = EDGE_LOOP('',(#6620,#6621,#6622,#6627));
#6620 = ORIENTED_EDGE('',*,*,#6603,.F.);
#6621 = ORIENTED_EDGE('',*,*,#6475,.T.);
#6622 = ORIENTED_EDGE('',*,*,#6623,.T.);
#6623 = EDGE_CURVE('',#6476,#1336,#6624,.T.);
#6624 = B_SPLINE_CURVE_WITH_KNOTS('',1,(#6625,#6626),.UNSPECIFIED.,.F.,
  .F.,(2,2),(-0.,9.999998715905E-04),.PIECEWISE_BEZIER_KNOTS.);
#6625 = CARTESIAN_POINT('',(-0.281724654953,0.382975995731,
    0.316059070972));
#6626 = CARTESIAN_POINT('',(-0.281724654953,0.381979801161,0.31597191524
    ));
#6627 = ORIENTED_EDGE('',*,*,#1344,.F.);
#6628 = B_SPLINE_SURFACE_WITH_KNOTS('',3,1,(
    (#6629,#6630)
    ,(#6631,#6632)
    ,(#6633,#6634)
    ,(#6635,#6636
    )),.UNSPECIFIED.,.F.,.F.,.F.,(4,4),(2,2),(4.,5.),(0.,1.),
  .PIECEWISE_BEZIER_KNOTS.);
#6629 = CARTESIAN_POINT('',(-0.272361756185,0.3849521365,0.293471678622)
  );
#6630 = CARTESIAN_POINT('',(-0.272361756185,0.383955941802,
    0.293384522879));
#6631 = CARTESIAN_POINT('',(-0.278531459026,0.38445842913,0.299114779685
    ));
#6632 = CARTESIAN_POINT('',(-0.278531459026,0.383462234432,
    0.299027623942));
#6633 = CARTESIAN_POINT('',(-0.281657623941,0.383799718754,
    0.306643873737));
#6634 = CARTESIAN_POINT('',(-0.281657623941,0.382803524056,
    0.306556717994));
#6635 = CARTESIAN_POINT('',(-0.281724654953,0.382975995731,
    0.316059070972));
#6636 = CARTESIAN_POINT('',(-0.281724654953,0.381979801033,
    0.315971915229));
#6637 = ADVANCED_FACE('',(#6638),#6648,.F.);
#6638 = FACE_BOUND('',#6639,.F.);
#6639 = EDGE_LOOP('',(#6640,#6641,#6642,#6647));
#6640 = ORIENTED_EDGE('',*,*,#6623,.F.);
#6641 = ORIENTED_EDGE('',*,*,#6484,.T.);
#6642 = ORIENTED_EDGE('',*,*,#6643,.T.);
#6643 = EDGE_CURVE('',#6485,#1327,#6644,.T.);
#6644 = B_SPLINE_CURVE_WITH_KNOTS('',1,(#6645,#6646),.UNSPECIFIED.,.F.,
  .F.,(2,2),(-0.,9.999998715905E-04),.PIECEWISE_BEZIER_KNOTS.);
#6645 = CARTESIAN_POINT('',(-0.272676558595,0.381083628706,0.33768892504
    ));
#6646 = CARTESIAN_POINT('',(-0.272676558595,0.380087434136,
    0.337601769309));
#6647 = ORIENTED_EDGE('',*,*,#1335,.F.);
#6648 = B_SPLINE_SURFACE_WITH_KNOTS('',3,1,(
    (#6649,#6650)
    ,(#6651,#6652)
    ,(#6653,#6654)
    ,(#6655,#6656
    )),.UNSPECIFIED.,.F.,.F.,.F.,(4,4),(2,2),(3.,4.),(0.,1.),
  .PIECEWISE_BEZIER_KNOTS.);
#6649 = CARTESIAN_POINT('',(-0.281724654953,0.382975995731,
    0.316059070972));
#6650 = CARTESIAN_POINT('',(-0.281724654953,0.381979801033,
    0.315971915229));
#6651 = CARTESIAN_POINT('',(-0.281788810047,0.38218761396,0.32507031585)
  );
#6652 = CARTESIAN_POINT('',(-0.281788810047,0.381191419262,
    0.324983160107));
#6653 = CARTESIAN_POINT('',(-0.278767505527,0.381557727924,
    0.332269946184));
#6654 = CARTESIAN_POINT('',(-0.278767505527,0.380561533226,
    0.332182790441));
#6655 = CARTESIAN_POINT('',(-0.272676558595,0.381083628706,0.33768892504
    ));
#6656 = CARTESIAN_POINT('',(-0.272676558595,0.380087434008,
    0.337601769298));
#6657 = ADVANCED_FACE('',(#6658),#6668,.F.);
#6658 = FACE_BOUND('',#6659,.F.);
#6659 = EDGE_LOOP('',(#6660,#6661,#6662,#6667));
#6660 = ORIENTED_EDGE('',*,*,#6643,.F.);
#6661 = ORIENTED_EDGE('',*,*,#6493,.T.);
#6662 = ORIENTED_EDGE('',*,*,#6663,.T.);
#6663 = EDGE_CURVE('',#6494,#1320,#6664,.T.);
#6664 = B_SPLINE_CURVE_WITH_KNOTS('',1,(#6665,#6666),.UNSPECIFIED.,.F.,
  .F.,(2,2),(-0.,9.999998715905E-04),.PIECEWISE_BEZIER_KNOTS.);
#6665 = CARTESIAN_POINT('',(-0.249667406489,0.380365263941,
    0.345899871874));
#6666 = CARTESIAN_POINT('',(-0.249667406489,0.379369069371,
    0.345812716142));
#6667 = ORIENTED_EDGE('',*,*,#1326,.F.);
#6668 = B_SPLINE_SURFACE_WITH_KNOTS('',3,1,(
    (#6669,#6670)
    ,(#6671,#6672)
    ,(#6673,#6674)
    ,(#6675,#6676
    )),.UNSPECIFIED.,.F.,.F.,.F.,(4,4),(2,2),(2.,3.),(0.,1.),
  .PIECEWISE_BEZIER_KNOTS.);
#6669 = CARTESIAN_POINT('',(-0.272676558595,0.381083628706,0.33768892504
    ));
#6670 = CARTESIAN_POINT('',(-0.272676558595,0.380087434008,
    0.337601769298));
#6671 = CARTESIAN_POINT('',(-0.266585611664,0.380609529488,
    0.343107903897));
#6672 = CARTESIAN_POINT('',(-0.266585611664,0.37961333479,0.343020748154
    ));
#6673 = CARTESIAN_POINT('',(-0.258915820553,0.380370980753,
    0.345834528422));
#6674 = CARTESIAN_POINT('',(-0.258915820553,0.379374786055,
    0.345747372679));
#6675 = CARTESIAN_POINT('',(-0.249667406489,0.380365263941,
    0.345899871874));
#6676 = CARTESIAN_POINT('',(-0.249667406489,0.379369069243,
    0.345812716131));
#6677 = ADVANCED_FACE('',(#6678),#6688,.F.);
#6678 = FACE_BOUND('',#6679,.T.);
#6679 = EDGE_LOOP('',(#6680,#6681,#6686,#6687));
#6680 = ORIENTED_EDGE('',*,*,#1319,.T.);
#6681 = ORIENTED_EDGE('',*,*,#6682,.F.);
#6682 = EDGE_CURVE('',#6503,#1313,#6683,.T.);
#6683 = B_SPLINE_CURVE_WITH_KNOTS('',1,(#6684,#6685),.UNSPECIFIED.,.F.,
  .F.,(2,2),(-0.,9.999998715905E-04),.PIECEWISE_BEZIER_KNOTS.);
#6684 = CARTESIAN_POINT('',(-0.232262296717,0.380354505153,
    0.346022845385));
#6685 = CARTESIAN_POINT('',(-0.232262296717,0.379358310583,
    0.345935689653));
#6686 = ORIENTED_EDGE('',*,*,#6502,.F.);
#6687 = ORIENTED_EDGE('',*,*,#6663,.T.);
#6688 = B_SPLINE_SURFACE_WITH_KNOTS('',1,1,(
    (#6689,#6690)
    ,(#6691,#6692
    )),.UNSPECIFIED.,.F.,.F.,.F.,(2,2),(2,2),(-1.E-03,3.091704237496E-17
    ),(-1.740554751886E-02,2.645423108668E-22),
  .PIECEWISE_BEZIER_KNOTS.);
#6689 = CARTESIAN_POINT('',(-0.249667406489,0.379369069243,
    0.345812716131));
#6690 = CARTESIAN_POINT('',(-0.232262296717,0.379358310455,
    0.345935689642));
#6691 = CARTESIAN_POINT('',(-0.249667406489,0.380365263941,
    0.345899871874));
#6692 = CARTESIAN_POINT('',(-0.232262296717,0.380354505153,
    0.346022845385));
#6693 = ADVANCED_FACE('',(#6694),#6700,.F.);
#6694 = FACE_BOUND('',#6695,.T.);
#6695 = EDGE_LOOP('',(#6696,#6697,#6698,#6699));
#6696 = ORIENTED_EDGE('',*,*,#1312,.T.);
#6697 = ORIENTED_EDGE('',*,*,#6588,.F.);
#6698 = ORIENTED_EDGE('',*,*,#6509,.F.);
#6699 = ORIENTED_EDGE('',*,*,#6682,.T.);
#6700 = B_SPLINE_SURFACE_WITH_KNOTS('',1,1,(
    (#6701,#6702)
    ,(#6703,#6704
    )),.UNSPECIFIED.,.F.,.F.,.F.,(2,2),(2,2),(-8.715356744662E-05,
    6.078083327638E-02),(-6.313695022242E-03,0.),
  .PIECEWISE_BEZIER_KNOTS.);
#6701 = CARTESIAN_POINT('',(-0.231832868461,0.379358310455,
    0.285156373381));
#6702 = CARTESIAN_POINT('',(-0.231828965911,0.385672004271,
    0.285156400954));
#6703 = CARTESIAN_POINT('',(-0.232262912473,0.379358310455,
    0.346022841035));
#6704 = CARTESIAN_POINT('',(-0.232259009924,0.385672004271,
    0.346022868607));
#6705 = ADVANCED_FACE('',(#6706),#6728,.T.);
#6706 = FACE_BOUND('',#6707,.T.);
#6707 = EDGE_LOOP('',(#6708,#6717,#6722,#6723));
#6708 = ORIENTED_EDGE('',*,*,#6709,.F.);
#6709 = EDGE_CURVE('',#6710,#6712,#6714,.T.);
#6710 = VERTEX_POINT('',#6711);
#6711 = CARTESIAN_POINT('',(-0.249305711455,0.379980552073,
    0.338823436874));
#6712 = VERTEX_POINT('',#6713);
#6713 = CARTESIAN_POINT('',(-0.240088489344,0.379974854543,
    0.338888559943));
#6714 = B_SPLINE_CURVE_WITH_KNOTS('',1,(#6715,#6716),.UNSPECIFIED.,.F.,
  .F.,(2,2),(-5.581411819557E-17,9.217453928043E-03),
  .PIECEWISE_BEZIER_KNOTS.);
#6715 = CARTESIAN_POINT('',(-0.249305711455,0.379980551945,
    0.338823436863));
#6716 = CARTESIAN_POINT('',(-0.240088489344,0.379974854415,
    0.338888559932));
#6717 = ORIENTED_EDGE('',*,*,#6718,.F.);
#6718 = EDGE_CURVE('',#6526,#6710,#6719,.T.);
#6719 = B_SPLINE_CURVE_WITH_KNOTS('',1,(#6720,#6721),.UNSPECIFIED.,.F.,
  .F.,(2,2),(-0.,9.999998715905E-04),.PIECEWISE_BEZIER_KNOTS.);
#6720 = CARTESIAN_POINT('',(-0.249305711455,0.380976746644,
    0.338910592605));
#6721 = CARTESIAN_POINT('',(-0.249305711455,0.379980552073,
    0.338823436874));
#6722 = ORIENTED_EDGE('',*,*,#6525,.T.);
#6723 = ORIENTED_EDGE('',*,*,#6724,.T.);
#6724 = EDGE_CURVE('',#6517,#6712,#6725,.T.);
#6725 = B_SPLINE_CURVE_WITH_KNOTS('',1,(#6726,#6727),.UNSPECIFIED.,.F.,
  .F.,(2,2),(-0.,9.999998715906E-04),.PIECEWISE_BEZIER_KNOTS.);
#6726 = CARTESIAN_POINT('',(-0.240088489344,0.380971049113,
    0.338975715674));
#6727 = CARTESIAN_POINT('',(-0.240088489344,0.379974854543,
    0.338888559943));
#6728 = B_SPLINE_SURFACE_WITH_KNOTS('',1,1,(
    (#6729,#6730)
    ,(#6731,#6732
    )),.UNSPECIFIED.,.F.,.F.,.F.,(2,2),(2,2),(-1.E-03,3.143864033938E-17
    ),(-5.572392243468E-17,9.217453928043E-03),
  .PIECEWISE_BEZIER_KNOTS.);
#6729 = CARTESIAN_POINT('',(-0.249305711455,0.379980551945,
    0.338823436863));
#6730 = CARTESIAN_POINT('',(-0.240088489344,0.379974854415,
    0.338888559932));
#6731 = CARTESIAN_POINT('',(-0.249305711455,0.380976746644,
    0.338910592605));
#6732 = CARTESIAN_POINT('',(-0.240088489344,0.380971049113,
    0.338975715674));
#6733 = ADVANCED_FACE('',(#6734),#6750,.T.);
#6734 = FACE_BOUND('',#6735,.T.);
#6735 = EDGE_LOOP('',(#6736,#6743,#6744,#6745));
#6736 = ORIENTED_EDGE('',*,*,#6737,.F.);
#6737 = EDGE_CURVE('',#6712,#6738,#6740,.T.);
#6738 = VERTEX_POINT('',#6739);
#6739 = CARTESIAN_POINT('',(-0.239754882855,0.384074439753,
    0.292030086578));
#6740 = B_SPLINE_CURVE_WITH_KNOTS('',1,(#6741,#6742),.UNSPECIFIED.,.F.,
  .F.,(2,2),(-1.258107608192E-17,4.703864813422E-02),
  .PIECEWISE_BEZIER_KNOTS.);
#6741 = CARTESIAN_POINT('',(-0.240088489344,0.379974854415,
    0.338888559932));
#6742 = CARTESIAN_POINT('',(-0.239754882855,0.384074439625,
    0.292030086567));
#6743 = ORIENTED_EDGE('',*,*,#6724,.F.);
#6744 = ORIENTED_EDGE('',*,*,#6516,.T.);
#6745 = ORIENTED_EDGE('',*,*,#6746,.T.);
#6746 = EDGE_CURVE('',#6519,#6738,#6747,.T.);
#6747 = B_SPLINE_CURVE_WITH_KNOTS('',1,(#6748,#6749),.UNSPECIFIED.,.F.,
  .F.,(2,2),(-0.,9.999998715905E-04),.PIECEWISE_BEZIER_KNOTS.);
#6748 = CARTESIAN_POINT('',(-0.239754882855,0.385070634323,
    0.292117242309));
#6749 = CARTESIAN_POINT('',(-0.239754882855,0.384074439753,
    0.292030086578));
#6750 = B_SPLINE_SURFACE_WITH_KNOTS('',1,1,(
    (#6751,#6752)
    ,(#6753,#6754
    )),.UNSPECIFIED.,.F.,.F.,.F.,(2,2),(2,2),(-4.694681439617E-02,0.),(
    -9.961948884035E-04,4.099585992764E-03),.PIECEWISE_BEZIER_KNOTS.);
#6751 = CARTESIAN_POINT('',(-0.239757416844,0.379974854415,
    0.292030068663));
#6752 = CARTESIAN_POINT('',(-0.239754267098,0.385070634323,
    0.292030090917));
#6753 = CARTESIAN_POINT('',(-0.240089105101,0.379974854415,
    0.338975711324));
#6754 = CARTESIAN_POINT('',(-0.240085955355,0.385070634323,
    0.338975733578));
#6755 = ADVANCED_FACE('',(#6756),#6772,.T.);
#6756 = FACE_BOUND('',#6757,.T.);
#6757 = EDGE_LOOP('',(#6758,#6765,#6766,#6767));
#6758 = ORIENTED_EDGE('',*,*,#6759,.F.);
#6759 = EDGE_CURVE('',#6738,#6760,#6762,.T.);
#6760 = VERTEX_POINT('',#6761);
#6761 = CARTESIAN_POINT('',(-0.248613397506,0.384079915552,
    0.291967497909));
#6762 = B_SPLINE_CURVE_WITH_KNOTS('',1,(#6763,#6764),.UNSPECIFIED.,.F.,
  .F.,(2,2),(1.425779545783E-19,8.858737446907E-03),
  .PIECEWISE_BEZIER_KNOTS.);
#6763 = CARTESIAN_POINT('',(-0.239754882855,0.384074439625,
    0.292030086567));
#6764 = CARTESIAN_POINT('',(-0.248613397506,0.384079915424,
    0.291967497898));
#6765 = ORIENTED_EDGE('',*,*,#6746,.F.);
#6766 = ORIENTED_EDGE('',*,*,#6568,.T.);
#6767 = ORIENTED_EDGE('',*,*,#6768,.T.);
#6768 = EDGE_CURVE('',#6560,#6760,#6769,.T.);
#6769 = B_SPLINE_CURVE_WITH_KNOTS('',1,(#6770,#6771),.UNSPECIFIED.,.F.,
  .F.,(2,2),(-0.,9.999998715906E-04),.PIECEWISE_BEZIER_KNOTS.);
#6770 = CARTESIAN_POINT('',(-0.248613397506,0.385076110122,
    0.292054653641));
#6771 = CARTESIAN_POINT('',(-0.248613397506,0.384079915552,
    0.291967497909));
#6772 = B_SPLINE_SURFACE_WITH_KNOTS('',1,1,(
    (#6773,#6774)
    ,(#6775,#6776
    )),.UNSPECIFIED.,.F.,.F.,.F.,(2,2),(2,2),(-7.607195078101E-18,1.E-03
    ),(-8.858737446907E-03,1.793835925004E-22),
  .PIECEWISE_BEZIER_KNOTS.);
#6773 = CARTESIAN_POINT('',(-0.248613397506,0.385076110122,
    0.292054653641));
#6774 = CARTESIAN_POINT('',(-0.239754882855,0.385070634323,
    0.292117242309));
#6775 = CARTESIAN_POINT('',(-0.248613397506,0.384079915424,
    0.291967497898));
#6776 = CARTESIAN_POINT('',(-0.239754882855,0.384074439625,
    0.292030086567));
#6777 = ADVANCED_FACE('',(#6778),#6796,.T.);
#6778 = FACE_BOUND('',#6779,.T.);
#6779 = EDGE_LOOP('',(#6780,#6789,#6790,#6791));
#6780 = ORIENTED_EDGE('',*,*,#6781,.F.);
#6781 = EDGE_CURVE('',#6760,#6782,#6784,.T.);
#6782 = VERTEX_POINT('',#6783);
#6783 = CARTESIAN_POINT('',(-0.266796647965,0.383536541645,
    0.298178290078));
#6784 = B_SPLINE_CURVE_WITH_KNOTS('',3,(#6785,#6786,#6787,#6788),
  .UNSPECIFIED.,.F.,.F.,(4,4),(2.,3.),.PIECEWISE_BEZIER_KNOTS.);
#6785 = CARTESIAN_POINT('',(-0.248613397506,0.384079915552,
    0.291967497909));
#6786 = CARTESIAN_POINT('',(-0.256364597826,0.384084706748,
    0.291912732813));
#6787 = CARTESIAN_POINT('',(-0.262430879971,0.383903585326,
    0.293982960138));
#6788 = CARTESIAN_POINT('',(-0.266796647965,0.383536541645,
    0.298178290078));
#6789 = ORIENTED_EDGE('',*,*,#6768,.F.);
#6790 = ORIENTED_EDGE('',*,*,#6559,.T.);
#6791 = ORIENTED_EDGE('',*,*,#6792,.T.);
#6792 = EDGE_CURVE('',#6551,#6782,#6793,.T.);
#6793 = B_SPLINE_CURVE_WITH_KNOTS('',1,(#6794,#6795),.UNSPECIFIED.,.F.,
  .F.,(2,2),(-0.,9.999998715905E-04),.PIECEWISE_BEZIER_KNOTS.);
#6794 = CARTESIAN_POINT('',(-0.266796647965,0.384532736215,0.29826544581
    ));
#6795 = CARTESIAN_POINT('',(-0.266796647965,0.383536541645,
    0.298178290078));
#6796 = B_SPLINE_SURFACE_WITH_KNOTS('',3,1,(
    (#6797,#6798)
    ,(#6799,#6800)
    ,(#6801,#6802)
    ,(#6803,#6804
    )),.UNSPECIFIED.,.F.,.F.,.F.,(4,4),(2,2),(2.,3.),(0.,1.),
  .PIECEWISE_BEZIER_KNOTS.);
#6797 = CARTESIAN_POINT('',(-0.248613397506,0.385076110122,
    0.292054653641));
#6798 = CARTESIAN_POINT('',(-0.248613397506,0.384079915424,
    0.291967497898));
#6799 = CARTESIAN_POINT('',(-0.256364597826,0.385080901446,
    0.291999888555));
#6800 = CARTESIAN_POINT('',(-0.256364597826,0.384084706748,
    0.291912732813));
#6801 = CARTESIAN_POINT('',(-0.262430879971,0.384899780024,
    0.294070115881));
#6802 = CARTESIAN_POINT('',(-0.262430879971,0.383903585326,
    0.293982960138));
#6803 = CARTESIAN_POINT('',(-0.266796647965,0.384532736215,0.29826544581
    ));
#6804 = CARTESIAN_POINT('',(-0.266796647965,0.383536541517,
    0.298178290067));
#6805 = ADVANCED_FACE('',(#6806),#6824,.T.);
#6806 = FACE_BOUND('',#6807,.T.);
#6807 = EDGE_LOOP('',(#6808,#6817,#6818,#6819));
#6808 = ORIENTED_EDGE('',*,*,#6809,.F.);
#6809 = EDGE_CURVE('',#6782,#6810,#6812,.T.);
#6810 = VERTEX_POINT('',#6811);
#6811 = CARTESIAN_POINT('',(-0.27344164286,0.381993711965,0.315812914023
    ));
#6812 = B_SPLINE_CURVE_WITH_KNOTS('',3,(#6813,#6814,#6815,#6816),
  .UNSPECIFIED.,.F.,.F.,(4,4),(3.,4.),.PIECEWISE_BEZIER_KNOTS.);
#6813 = CARTESIAN_POINT('',(-0.266796647965,0.383536541645,
    0.298178290078));
#6814 = CARTESIAN_POINT('',(-0.271177790711,0.383172225907,
    0.302342436546));
#6815 = CARTESIAN_POINT('',(-0.273387664091,0.382657039948,
    0.308231039011));
#6816 = CARTESIAN_POINT('',(-0.27344164286,0.381993711965,0.315812914023
    ));
#6817 = ORIENTED_EDGE('',*,*,#6792,.F.);
#6818 = ORIENTED_EDGE('',*,*,#6550,.T.);
#6819 = ORIENTED_EDGE('',*,*,#6820,.T.);
#6820 = EDGE_CURVE('',#6542,#6810,#6821,.T.);
#6821 = B_SPLINE_CURVE_WITH_KNOTS('',1,(#6822,#6823),.UNSPECIFIED.,.F.,
  .F.,(2,2),(-0.,9.999998715905E-04),.PIECEWISE_BEZIER_KNOTS.);
#6822 = CARTESIAN_POINT('',(-0.27344164286,0.382989906535,0.315900069755
    ));
#6823 = CARTESIAN_POINT('',(-0.27344164286,0.381993711965,0.315812914023
    ));
#6824 = B_SPLINE_SURFACE_WITH_KNOTS('',3,1,(
    (#6825,#6826)
    ,(#6827,#6828)
    ,(#6829,#6830)
    ,(#6831,#6832
    )),.UNSPECIFIED.,.F.,.F.,.F.,(4,4),(2,2),(3.,4.),(0.,1.),
  .PIECEWISE_BEZIER_KNOTS.);
#6825 = CARTESIAN_POINT('',(-0.266796647965,0.384532736215,0.29826544581
    ));
#6826 = CARTESIAN_POINT('',(-0.266796647965,0.383536541517,
    0.298178290067));
#6827 = CARTESIAN_POINT('',(-0.271177790711,0.384168420605,
    0.302429592289));
#6828 = CARTESIAN_POINT('',(-0.271177790711,0.383172225907,
    0.302342436546));
#6829 = CARTESIAN_POINT('',(-0.273387664091,0.383653234646,
    0.308318194754));
#6830 = CARTESIAN_POINT('',(-0.273387664091,0.382657039948,
    0.308231039011));
#6831 = CARTESIAN_POINT('',(-0.27344164286,0.382989906535,0.315900069755
    ));
#6832 = CARTESIAN_POINT('',(-0.27344164286,0.381993711837,0.315812914012
    ));
#6833 = ADVANCED_FACE('',(#6834),#6852,.T.);
#6834 = FACE_BOUND('',#6835,.T.);
#6835 = EDGE_LOOP('',(#6836,#6845,#6846,#6847));
#6836 = ORIENTED_EDGE('',*,*,#6837,.F.);
#6837 = EDGE_CURVE('',#6810,#6838,#6840,.T.);
#6838 = VERTEX_POINT('',#6839);
#6839 = CARTESIAN_POINT('',(-0.266872863621,0.380491650701,
    0.332981551355));
#6840 = B_SPLINE_CURVE_WITH_KNOTS('',3,(#6841,#6842,#6843,#6844),
  .UNSPECIFIED.,.F.,.F.,(4,4),(4.,5.),.PIECEWISE_BEZIER_KNOTS.);
#6841 = CARTESIAN_POINT('',(-0.27344164286,0.381993711965,0.315812914023
    ));
#6842 = CARTESIAN_POINT('',(-0.273495621629,0.381330383726,
    0.323394789013));
#6843 = CARTESIAN_POINT('',(-0.271306102291,0.380828790495,0.32912802588
    ));
#6844 = CARTESIAN_POINT('',(-0.266872863621,0.380491650701,
    0.332981551355));
#6845 = ORIENTED_EDGE('',*,*,#6820,.F.);
#6846 = ORIENTED_EDGE('',*,*,#6541,.T.);
#6847 = ORIENTED_EDGE('',*,*,#6848,.T.);
#6848 = EDGE_CURVE('',#6533,#6838,#6849,.T.);
#6849 = B_SPLINE_CURVE_WITH_KNOTS('',1,(#6850,#6851),.UNSPECIFIED.,.F.,
  .F.,(2,2),(-0.,1.E-03),.PIECEWISE_BEZIER_KNOTS.);
#6850 = CARTESIAN_POINT('',(-0.266872863621,0.381487845399,
    0.333068707098));
#6851 = CARTESIAN_POINT('',(-0.266872863621,0.380491650701,
    0.332981551355));
#6852 = B_SPLINE_SURFACE_WITH_KNOTS('',3,1,(
    (#6853,#6854)
    ,(#6855,#6856)
    ,(#6857,#6858)
    ,(#6859,#6860
    )),.UNSPECIFIED.,.F.,.F.,.F.,(4,4),(2,2),(4.,5.),(0.,1.),
  .PIECEWISE_BEZIER_KNOTS.);
#6853 = CARTESIAN_POINT('',(-0.27344164286,0.382989906535,0.315900069755
    ));
#6854 = CARTESIAN_POINT('',(-0.27344164286,0.381993711837,0.315812914012
    ));
#6855 = CARTESIAN_POINT('',(-0.273495621629,0.382326578424,
    0.323481944755));
#6856 = CARTESIAN_POINT('',(-0.273495621629,0.381330383726,
    0.323394789013));
#6857 = CARTESIAN_POINT('',(-0.271306102291,0.381824985193,
    0.329215181622));
#6858 = CARTESIAN_POINT('',(-0.271306102291,0.380828790495,0.32912802588
    ));
#6859 = CARTESIAN_POINT('',(-0.266872863621,0.381487845399,
    0.333068707098));
#6860 = CARTESIAN_POINT('',(-0.266872863621,0.380491650701,
    0.332981551355));
#6861 = ADVANCED_FACE('',(#6862),#6874,.T.);
#6862 = FACE_BOUND('',#6863,.T.);
#6863 = EDGE_LOOP('',(#6864,#6871,#6872,#6873));
#6864 = ORIENTED_EDGE('',*,*,#6865,.F.);
#6865 = EDGE_CURVE('',#6838,#6710,#6866,.T.);
#6866 = B_SPLINE_CURVE_WITH_KNOTS('',3,(#6867,#6868,#6869,#6870),
  .UNSPECIFIED.,.F.,.F.,(4,4),(5.,6.),.PIECEWISE_BEZIER_KNOTS.);
#6867 = CARTESIAN_POINT('',(-0.266872863621,0.380491650701,
    0.332981551355));
#6868 = CARTESIAN_POINT('',(-0.262439624952,0.380154510907,
    0.336835076831));
#6869 = CARTESIAN_POINT('',(-0.256573436504,0.379985044414,
    0.338772087708));
#6870 = CARTESIAN_POINT('',(-0.249305711455,0.379980552073,
    0.338823436874));
#6871 = ORIENTED_EDGE('',*,*,#6848,.F.);
#6872 = ORIENTED_EDGE('',*,*,#6532,.T.);
#6873 = ORIENTED_EDGE('',*,*,#6718,.T.);
#6874 = B_SPLINE_SURFACE_WITH_KNOTS('',3,1,(
    (#6875,#6876)
    ,(#6877,#6878)
    ,(#6879,#6880)
    ,(#6881,#6882
    )),.UNSPECIFIED.,.F.,.F.,.F.,(4,4),(2,2),(5.,6.),(0.,1.),
  .PIECEWISE_BEZIER_KNOTS.);
#6875 = CARTESIAN_POINT('',(-0.266872863621,0.381487845399,
    0.333068707098));
#6876 = CARTESIAN_POINT('',(-0.266872863621,0.380491650701,
    0.332981551355));
#6877 = CARTESIAN_POINT('',(-0.262439624952,0.381150705605,
    0.336922232574));
#6878 = CARTESIAN_POINT('',(-0.262439624952,0.380154510907,
    0.336835076831));
#6879 = CARTESIAN_POINT('',(-0.256573436504,0.380981239112,
    0.338859243451));
#6880 = CARTESIAN_POINT('',(-0.256573436504,0.379985044414,
    0.338772087708));
#6881 = CARTESIAN_POINT('',(-0.249305711455,0.380976746644,
    0.338910592605));
#6882 = CARTESIAN_POINT('',(-0.249305711455,0.379980551945,
    0.338823436863));
#6883 = ADVANCED_FACE('',(#6884),#6893,.T.);
#6884 = FACE_BOUND('',#6885,.T.);
#6885 = EDGE_LOOP('',(#6886,#6887,#6888,#6889,#6890,#6891,#6892));
#6886 = ORIENTED_EDGE('',*,*,#6865,.T.);
#6887 = ORIENTED_EDGE('',*,*,#6709,.T.);
#6888 = ORIENTED_EDGE('',*,*,#6737,.T.);
#6889 = ORIENTED_EDGE('',*,*,#6759,.T.);
#6890 = ORIENTED_EDGE('',*,*,#6781,.T.);
#6891 = ORIENTED_EDGE('',*,*,#6809,.T.);
#6892 = ORIENTED_EDGE('',*,*,#6837,.T.);
#6893 = B_SPLINE_SURFACE_WITH_KNOTS('',1,1,(
    (#6894,#6895)
    ,(#6896,#6897
    )),.UNSPECIFIED.,.F.,.F.,.F.,(2,2),(2,2),(0.182607509528,
    0.229762776675),(0.326504378371,0.360245117145),
  .PIECEWISE_BEZIER_KNOTS.);
#6894 = CARTESIAN_POINT('',(-0.273495621629,0.384084706876,
    0.291912732824));
#6895 = CARTESIAN_POINT('',(-0.239754882855,0.384084706876,
    0.291912732824));
#6896 = CARTESIAN_POINT('',(-0.273495621629,0.379974854543,
    0.338888559943));
#6897 = CARTESIAN_POINT('',(-0.239754882855,0.379974854543,
    0.338888559943));
#6898 = ADVANCED_FACE('',(#6899,#6957),#7005,.F.);
#6899 = FACE_BOUND('',#6900,.T.);
#6900 = EDGE_LOOP('',(#6901,#6910,#6917,#6924,#6931,#6938,#6945,#6952));
#6901 = ORIENTED_EDGE('',*,*,#6902,.T.);
#6902 = EDGE_CURVE('',#6903,#6905,#6907,.T.);
#6903 = VERTEX_POINT('',#6904);
#6904 = CARTESIAN_POINT('',(-0.339784930994,0.385738735751,
    0.284480808041));
#6905 = VERTEX_POINT('',#6906);
#6906 = CARTESIAN_POINT('',(-0.316979641059,0.380406872301,
    0.345424286144));
#6907 = B_SPLINE_CURVE_WITH_KNOTS('',1,(#6908,#6909),.UNSPECIFIED.,.F.,
  .F.,(2,2),(-6.528872444851E-02,0.),.PIECEWISE_BEZIER_KNOTS.);
#6908 = CARTESIAN_POINT('',(-0.339784930994,0.385738735751,
    0.284480808041));
#6909 = CARTESIAN_POINT('',(-0.316979641059,0.380406872301,
    0.345424286144));
#6910 = ORIENTED_EDGE('',*,*,#6911,.T.);
#6911 = EDGE_CURVE('',#6905,#6912,#6914,.T.);
#6912 = VERTEX_POINT('',#6913);
#6913 = CARTESIAN_POINT('',(-0.308557813749,0.380401666436,
    0.345483789456));
#6914 = B_SPLINE_CURVE_WITH_KNOTS('',1,(#6915,#6916),.UNSPECIFIED.,.F.,
  .F.,(2,2),(-8.422039122551E-03,0.),.PIECEWISE_BEZIER_KNOTS.);
#6915 = CARTESIAN_POINT('',(-0.316979641059,0.380406872301,
    0.345424286144));
#6916 = CARTESIAN_POINT('',(-0.308557813749,0.380401666436,
    0.345483789456));
#6917 = ORIENTED_EDGE('',*,*,#6918,.T.);
#6918 = EDGE_CURVE('',#6912,#6919,#6921,.T.);
#6919 = VERTEX_POINT('',#6920);
#6920 = CARTESIAN_POINT('',(-0.284887093717,0.385704801222,
    0.284868681482));
#6921 = B_SPLINE_CURVE_WITH_KNOTS('',1,(#6922,#6923),.UNSPECIFIED.,.F.,
  .F.,(2,2),(-6.528872444865E-02,0.),.PIECEWISE_BEZIER_KNOTS.);
#6922 = CARTESIAN_POINT('',(-0.308557813749,0.380401666436,
    0.345483789456));
#6923 = CARTESIAN_POINT('',(-0.284887093717,0.385704801222,
    0.284868681482));
#6924 = ORIENTED_EDGE('',*,*,#6925,.T.);
#6925 = EDGE_CURVE('',#6919,#6926,#6928,.T.);
#6926 = VERTEX_POINT('',#6927);
#6927 = CARTESIAN_POINT('',(-0.293589648603,0.385710180616,
    0.284807194726));
#6928 = B_SPLINE_CURVE_WITH_KNOTS('',1,(#6929,#6930),.UNSPECIFIED.,.F.,
  .F.,(2,2),(-8.702773759636E-03,0.),.PIECEWISE_BEZIER_KNOTS.);
#6929 = CARTESIAN_POINT('',(-0.284887093717,0.385704801222,
    0.284868681482));
#6930 = CARTESIAN_POINT('',(-0.293589648603,0.385710180616,
    0.284807194726));
#6931 = ORIENTED_EDGE('',*,*,#6932,.T.);
#6932 = EDGE_CURVE('',#6926,#6933,#6935,.T.);
#6933 = VERTEX_POINT('',#6934);
#6934 = CARTESIAN_POINT('',(-0.299572090854,0.384259377001,
    0.301389955927));
#6935 = B_SPLINE_CURVE_WITH_KNOTS('',1,(#6936,#6937),.UNSPECIFIED.,.F.,
  .F.,(2,2),(-1.768848256523E-02,0.),.PIECEWISE_BEZIER_KNOTS.);
#6936 = CARTESIAN_POINT('',(-0.293589648603,0.385710180616,
    0.284807194726));
#6937 = CARTESIAN_POINT('',(-0.299572090854,0.384259377001,
    0.301389955927));
#6938 = ORIENTED_EDGE('',*,*,#6939,.T.);
#6939 = EDGE_CURVE('',#6933,#6940,#6942,.T.);
#6940 = VERTEX_POINT('',#6941);
#6941 = CARTESIAN_POINT('',(-0.324977936571,0.384275081361,
    0.301210454269));
#6942 = B_SPLINE_CURVE_WITH_KNOTS('',1,(#6943,#6944),.UNSPECIFIED.,.F.,
  .F.,(2,2),(-2.540648468536E-02,0.),.PIECEWISE_BEZIER_KNOTS.);
#6943 = CARTESIAN_POINT('',(-0.299572090854,0.384259377001,
    0.301389955927));
#6944 = CARTESIAN_POINT('',(-0.324977936571,0.384275081361,
    0.301210454269));
#6945 = ORIENTED_EDGE('',*,*,#6946,.T.);
#6946 = EDGE_CURVE('',#6940,#6947,#6949,.T.);
#6947 = VERTEX_POINT('',#6948);
#6948 = CARTESIAN_POINT('',(-0.331082376107,0.385733356357,
    0.284542294797));
#6949 = B_SPLINE_CURVE_WITH_KNOTS('',1,(#6950,#6951),.UNSPECIFIED.,.F.,
  .F.,(2,2),(-1.781062290361E-02,0.),.PIECEWISE_BEZIER_KNOTS.);
#6950 = CARTESIAN_POINT('',(-0.324977936571,0.384275081361,
    0.301210454269));
#6951 = CARTESIAN_POINT('',(-0.331082376107,0.385733356357,
    0.284542294797));
#6952 = ORIENTED_EDGE('',*,*,#6953,.T.);
#6953 = EDGE_CURVE('',#6947,#6903,#6954,.T.);
#6954 = B_SPLINE_CURVE_WITH_KNOTS('',1,(#6955,#6956),.UNSPECIFIED.,.F.,
  .F.,(2,2),(-8.70277375922E-03,0.),.PIECEWISE_BEZIER_KNOTS.);
#6955 = CARTESIAN_POINT('',(-0.331082376107,0.385733356357,
    0.284542294797));
#6956 = CARTESIAN_POINT('',(-0.339784930994,0.385738735751,
    0.284480808041));
#6957 = FACE_BOUND('',#6958,.T.);
#6958 = EDGE_LOOP('',(#6959,#6968,#6975,#6984,#6991,#7000));
#6959 = ORIENTED_EDGE('',*,*,#6960,.F.);
#6960 = EDGE_CURVE('',#6961,#6963,#6965,.T.);
#6961 = VERTEX_POINT('',#6962);
#6962 = CARTESIAN_POINT('',(-0.302116337701,0.383660118199,
    0.308239515378));
#6963 = VERTEX_POINT('',#6964);
#6964 = CARTESIAN_POINT('',(-0.322593854844,0.383672776164,
    0.308094834177));
#6965 = B_SPLINE_CURVE_WITH_KNOTS('',1,(#6966,#6967),.UNSPECIFIED.,.F.,
  .F.,(2,2),(0.,2.047803216182E-02),.PIECEWISE_BEZIER_KNOTS.);
#6966 = CARTESIAN_POINT('',(-0.302116337701,0.383660118199,
    0.308239515378));
#6967 = CARTESIAN_POINT('',(-0.322593854844,0.383672776164,
    0.308094834177));
#6968 = ORIENTED_EDGE('',*,*,#6969,.F.);
#6969 = EDGE_CURVE('',#6970,#6961,#6972,.T.);
#6970 = VERTEX_POINT('',#6971);
#6971 = CARTESIAN_POINT('',(-0.31141983944,0.38145557037,0.333437612373)
  );
#6972 = B_SPLINE_CURVE_WITH_KNOTS('',1,(#6973,#6974),.UNSPECIFIED.,.F.,
  .F.,(2,2),(-2.37031582977E-17,2.695105318789E-02),
  .PIECEWISE_BEZIER_KNOTS.);
#6973 = CARTESIAN_POINT('',(-0.31141983944,0.38145557037,0.333437612373)
  );
#6974 = CARTESIAN_POINT('',(-0.302116337701,0.383660118199,
    0.308239515378));
#6975 = ORIENTED_EDGE('',*,*,#6976,.F.);
#6976 = EDGE_CURVE('',#6977,#6970,#6979,.T.);
#6977 = VERTEX_POINT('',#6978);
#6978 = CARTESIAN_POINT('',(-0.312448289688,0.381083744938,
    0.337687596502));
#6979 = B_SPLINE_CURVE_WITH_KNOTS('',3,(#6980,#6981,#6982,#6983),
  .UNSPECIFIED.,.F.,.F.,(4,4),(3.,4.),.PIECEWISE_BEZIER_KNOTS.);
#6980 = CARTESIAN_POINT('',(-0.312448289688,0.381083744938,
    0.337687596502));
#6981 = CARTESIAN_POINT('',(-0.312138913891,0.381243956681,
    0.335856367903));
#6982 = CARTESIAN_POINT('',(-0.31180122206,0.381368807891,0.334429312044
    ));
#6983 = CARTESIAN_POINT('',(-0.31141983944,0.38145557037,0.333437612373)
  );
#6984 = ORIENTED_EDGE('',*,*,#6985,.F.);
#6985 = EDGE_CURVE('',#6986,#6977,#6988,.T.);
#6986 = VERTEX_POINT('',#6987);
#6987 = CARTESIAN_POINT('',(-0.312635441406,0.381083860624,
    0.337686274206));
#6988 = B_SPLINE_CURVE_WITH_KNOTS('',1,(#6989,#6990),.UNSPECIFIED.,.F.,
  .F.,(2,2),(-5.550975513611E-17,1.8715642514E-04),
  .PIECEWISE_BEZIER_KNOTS.);
#6989 = CARTESIAN_POINT('',(-0.312635441406,0.381083860624,
    0.337686274206));
#6990 = CARTESIAN_POINT('',(-0.312448289688,0.381083744938,
    0.337687596502));
#6991 = ORIENTED_EDGE('',*,*,#6992,.F.);
#6992 = EDGE_CURVE('',#6993,#6986,#6995,.T.);
#6993 = VERTEX_POINT('',#6994);
#6994 = CARTESIAN_POINT('',(-0.313556488221,0.381456891117,
    0.333422516163));
#6995 = B_SPLINE_CURVE_WITH_KNOTS('',3,(#6996,#6997,#6998,#6999),
  .UNSPECIFIED.,.F.,.F.,(4,4),(1.,2.),.PIECEWISE_BEZIER_KNOTS.);
#6996 = CARTESIAN_POINT('',(-0.313556488221,0.381456891117,
    0.333422516163));
#6997 = CARTESIAN_POINT('',(-0.313266137728,0.381383306886,
    0.334263587769));
#6998 = CARTESIAN_POINT('',(-0.312964173299,0.381260778974,
    0.335664088215));
#6999 = CARTESIAN_POINT('',(-0.312635441406,0.381083860624,
    0.337686274206));
#7000 = ORIENTED_EDGE('',*,*,#7001,.F.);
#7001 = EDGE_CURVE('',#6963,#6993,#7002,.T.);
#7002 = B_SPLINE_CURVE_WITH_KNOTS('',1,(#7003,#7004),.UNSPECIFIED.,.F.,
  .F.,(2,2),(0.,2.698287636246E-02),.PIECEWISE_BEZIER_KNOTS.);
#7003 = CARTESIAN_POINT('',(-0.322593854844,0.383672776164,
    0.308094834177));
#7004 = CARTESIAN_POINT('',(-0.313556488221,0.381456891117,
    0.333422516163));
#7005 = B_SPLINE_SURFACE_WITH_KNOTS('',1,1,(
    (#7006,#7007)
    ,(#7008,#7009
    )),.UNSPECIFIED.,.F.,.F.,.F.,(2,2),(2,2),(-0.201433413142,
    -0.140197410249),(-0.339784930994,-0.284887093717),
  .PIECEWISE_BEZIER_KNOTS.);
#7006 = CARTESIAN_POINT('',(-0.339784930994,0.380401666436,
    0.345483789456));
#7007 = CARTESIAN_POINT('',(-0.284887093717,0.380401666436,
    0.345483789456));
#7008 = CARTESIAN_POINT('',(-0.339784930994,0.385738735751,
    0.284480808041));
#7009 = CARTESIAN_POINT('',(-0.284887093717,0.385738735751,
    0.284480808041));
#7010 = ADVANCED_FACE('',(#7011),#7025,.F.);
#7011 = FACE_BOUND('',#7012,.T.);
#7012 = EDGE_LOOP('',(#7013,#7014,#7019,#7020));
#7013 = ORIENTED_EDGE('',*,*,#1362,.T.);
#7014 = ORIENTED_EDGE('',*,*,#7015,.F.);
#7015 = EDGE_CURVE('',#6905,#1365,#7016,.T.);
#7016 = B_SPLINE_CURVE_WITH_KNOTS('',1,(#7017,#7018),.UNSPECIFIED.,.F.,
  .F.,(2,2),(-0.,9.999998715905E-04),.PIECEWISE_BEZIER_KNOTS.);
#7017 = CARTESIAN_POINT('',(-0.316979641059,0.380406872301,
    0.345424286144));
#7018 = CARTESIAN_POINT('',(-0.316979641059,0.379410677731,
    0.345337130412));
#7019 = ORIENTED_EDGE('',*,*,#6902,.F.);
#7020 = ORIENTED_EDGE('',*,*,#7021,.T.);
#7021 = EDGE_CURVE('',#6903,#1363,#7022,.T.);
#7022 = B_SPLINE_CURVE_WITH_KNOTS('',1,(#7023,#7024),.UNSPECIFIED.,.F.,
  .F.,(2,2),(-0.,1.E-03),.PIECEWISE_BEZIER_KNOTS.);
#7023 = CARTESIAN_POINT('',(-0.339784930994,0.385738735751,
    0.284480808041));
#7024 = CARTESIAN_POINT('',(-0.339784930994,0.384742541053,
    0.284393652298));
#7025 = B_SPLINE_SURFACE_WITH_KNOTS('',1,1,(
    (#7026,#7027)
    ,(#7028,#7029
    )),.UNSPECIFIED.,.F.,.F.,.F.,(2,2),(2,2),(0.,6.515214561613E-02),(
    -9.966566567192E-04,5.334335958799E-03),.PIECEWISE_BEZIER_KNOTS.);
#7026 = CARTESIAN_POINT('',(-0.316951197419,0.379410677603,
    0.345413723273));
#7027 = CARTESIAN_POINT('',(-0.317131877968,0.385738735751,
    0.345480821063));
#7028 = CARTESIAN_POINT('',(-0.339632694084,0.379410677603,0.28433711738
    ));
#7029 = CARTESIAN_POINT('',(-0.339813374633,0.385738735751,0.28440421517
    ));
#7030 = ADVANCED_FACE('',(#7031),#7041,.F.);
#7031 = FACE_BOUND('',#7032,.T.);
#7032 = EDGE_LOOP('',(#7033,#7034,#7039,#7040));
#7033 = ORIENTED_EDGE('',*,*,#1413,.T.);
#7034 = ORIENTED_EDGE('',*,*,#7035,.F.);
#7035 = EDGE_CURVE('',#6912,#1407,#7036,.T.);
#7036 = B_SPLINE_CURVE_WITH_KNOTS('',1,(#7037,#7038),.UNSPECIFIED.,.F.,
  .F.,(2,2),(-0.,9.999998715905E-04),.PIECEWISE_BEZIER_KNOTS.);
#7037 = CARTESIAN_POINT('',(-0.308557813749,0.380401666436,
    0.345483789456));
#7038 = CARTESIAN_POINT('',(-0.308557813749,0.379405471866,
    0.345396633724));
#7039 = ORIENTED_EDGE('',*,*,#6911,.F.);
#7040 = ORIENTED_EDGE('',*,*,#7015,.T.);
#7041 = B_SPLINE_SURFACE_WITH_KNOTS('',1,1,(
    (#7042,#7043)
    ,(#7044,#7045
    )),.UNSPECIFIED.,.F.,.F.,.F.,(2,2),(2,2),(-1.E-03,2.207757602239E-17
    ),(-8.422039122551E-03,1.438323019988E-19),
  .PIECEWISE_BEZIER_KNOTS.);
#7042 = CARTESIAN_POINT('',(-0.316979641059,0.379410677603,
    0.345337130401));
#7043 = CARTESIAN_POINT('',(-0.308557813749,0.379405471738,
    0.345396633713));
#7044 = CARTESIAN_POINT('',(-0.316979641059,0.380406872301,
    0.345424286144));
#7045 = CARTESIAN_POINT('',(-0.308557813749,0.380401666436,
    0.345483789456));
#7046 = ADVANCED_FACE('',(#7047),#7057,.F.);
#7047 = FACE_BOUND('',#7048,.T.);
#7048 = EDGE_LOOP('',(#7049,#7050,#7055,#7056));
#7049 = ORIENTED_EDGE('',*,*,#1406,.T.);
#7050 = ORIENTED_EDGE('',*,*,#7051,.F.);
#7051 = EDGE_CURVE('',#6919,#1400,#7052,.T.);
#7052 = B_SPLINE_CURVE_WITH_KNOTS('',1,(#7053,#7054),.UNSPECIFIED.,.F.,
  .F.,(2,2),(-0.,9.999998715905E-04),.PIECEWISE_BEZIER_KNOTS.);
#7053 = CARTESIAN_POINT('',(-0.284887093717,0.385704801222,
    0.284868681482));
#7054 = CARTESIAN_POINT('',(-0.284887093717,0.384708606652,0.28478152575
    ));
#7055 = ORIENTED_EDGE('',*,*,#6918,.F.);
#7056 = ORIENTED_EDGE('',*,*,#7035,.T.);
#7057 = B_SPLINE_SURFACE_WITH_KNOTS('',1,1,(
    (#7058,#7059)
    ,(#7060,#7061
    )),.UNSPECIFIED.,.F.,.F.,.F.,(2,2),(2,2),(-8.12664720817E-05,
    6.507277612847E-02),(-6.30247671284E-03,0.),
  .PIECEWISE_BEZIER_KNOTS.);
#7058 = CARTESIAN_POINT('',(-0.285043420821,0.379405471738,
    0.284720942384));
#7059 = CARTESIAN_POINT('',(-0.284857727646,0.385704801222,
    0.284792906332));
#7060 = CARTESIAN_POINT('',(-0.30858717982,0.379405471738,0.345472408863
    ));
#7061 = CARTESIAN_POINT('',(-0.308401486645,0.385704801222,
    0.345544372811));
#7062 = ADVANCED_FACE('',(#7063),#7073,.F.);
#7063 = FACE_BOUND('',#7064,.T.);
#7064 = EDGE_LOOP('',(#7065,#7066,#7071,#7072));
#7065 = ORIENTED_EDGE('',*,*,#1399,.T.);
#7066 = ORIENTED_EDGE('',*,*,#7067,.F.);
#7067 = EDGE_CURVE('',#6926,#1393,#7068,.T.);
#7068 = B_SPLINE_CURVE_WITH_KNOTS('',1,(#7069,#7070),.UNSPECIFIED.,.F.,
  .F.,(2,2),(-0.,9.999998715906E-04),.PIECEWISE_BEZIER_KNOTS.);
#7069 = CARTESIAN_POINT('',(-0.293589648603,0.385710180616,
    0.284807194726));
#7070 = CARTESIAN_POINT('',(-0.293589648603,0.384713986046,
    0.284720038994));
#7071 = ORIENTED_EDGE('',*,*,#6925,.F.);
#7072 = ORIENTED_EDGE('',*,*,#7051,.T.);
#7073 = B_SPLINE_SURFACE_WITH_KNOTS('',1,1,(
    (#7074,#7075)
    ,(#7076,#7077
    )),.UNSPECIFIED.,.F.,.F.,.F.,(2,2),(2,2),(-5.279952082E-18,1.E-03),(
    -7.159034524929E-23,8.702773759637E-03),.PIECEWISE_BEZIER_KNOTS.);
#7074 = CARTESIAN_POINT('',(-0.293589648603,0.385710180616,
    0.284807194726));
#7075 = CARTESIAN_POINT('',(-0.284887093717,0.385704801222,
    0.284868681482));
#7076 = CARTESIAN_POINT('',(-0.293589648603,0.384713985918,
    0.284720038983));
#7077 = CARTESIAN_POINT('',(-0.284887093717,0.384708606524,
    0.284781525739));
#7078 = ADVANCED_FACE('',(#7079),#7089,.F.);
#7079 = FACE_BOUND('',#7080,.T.);
#7080 = EDGE_LOOP('',(#7081,#7082,#7087,#7088));
#7081 = ORIENTED_EDGE('',*,*,#1392,.T.);
#7082 = ORIENTED_EDGE('',*,*,#7083,.F.);
#7083 = EDGE_CURVE('',#6933,#1386,#7084,.T.);
#7084 = B_SPLINE_CURVE_WITH_KNOTS('',1,(#7085,#7086),.UNSPECIFIED.,.F.,
  .F.,(2,2),(-0.,9.999998715905E-04),.PIECEWISE_BEZIER_KNOTS.);
#7085 = CARTESIAN_POINT('',(-0.299572090854,0.384259377001,
    0.301389955927));
#7086 = CARTESIAN_POINT('',(-0.299572090854,0.383263182431,
    0.301302800195));
#7087 = ORIENTED_EDGE('',*,*,#6932,.F.);
#7088 = ORIENTED_EDGE('',*,*,#7067,.T.);
#7089 = B_SPLINE_SURFACE_WITH_KNOTS('',1,1,(
    (#7090,#7091)
    ,(#7092,#7093
    )),.UNSPECIFIED.,.F.,.F.,.F.,(2,2),(2,2),(0.,1.771088837084E-02),(
    -9.966277752234E-04,1.451434324941E-03),.PIECEWISE_BEZIER_KNOTS.);
#7090 = CARTESIAN_POINT('',(-0.299599749298,0.383263182303,
    0.301380053586));
#7091 = CARTESIAN_POINT('',(-0.299531810606,0.385710180616,
    0.301404377155));
#7092 = CARTESIAN_POINT('',(-0.293629928848,0.383263182303,
    0.284705617744));
#7093 = CARTESIAN_POINT('',(-0.293561990156,0.385710180616,
    0.284729941313));
#7094 = ADVANCED_FACE('',(#7095),#7105,.F.);
#7095 = FACE_BOUND('',#7096,.T.);
#7096 = EDGE_LOOP('',(#7097,#7098,#7103,#7104));
#7097 = ORIENTED_EDGE('',*,*,#1385,.T.);
#7098 = ORIENTED_EDGE('',*,*,#7099,.F.);
#7099 = EDGE_CURVE('',#6940,#1379,#7100,.T.);
#7100 = B_SPLINE_CURVE_WITH_KNOTS('',1,(#7101,#7102),.UNSPECIFIED.,.F.,
  .F.,(2,2),(-0.,9.999998715905E-04),.PIECEWISE_BEZIER_KNOTS.);
#7101 = CARTESIAN_POINT('',(-0.324977936571,0.384275081361,
    0.301210454269));
#7102 = CARTESIAN_POINT('',(-0.324977936571,0.383278886791,
    0.301123298538));
#7103 = ORIENTED_EDGE('',*,*,#6939,.F.);
#7104 = ORIENTED_EDGE('',*,*,#7083,.T.);
#7105 = B_SPLINE_SURFACE_WITH_KNOTS('',1,1,(
    (#7106,#7107)
    ,(#7108,#7109
    )),.UNSPECIFIED.,.F.,.F.,.F.,(2,2),(2,2),(0.,1.E-03),(0.,
    2.540648468536E-02),.PIECEWISE_BEZIER_KNOTS.);
#7106 = CARTESIAN_POINT('',(-0.324977936571,0.384275081361,
    0.301210454269));
#7107 = CARTESIAN_POINT('',(-0.299572090854,0.384259377001,
    0.301389955927));
#7108 = CARTESIAN_POINT('',(-0.324977936571,0.383278886663,
    0.301123298527));
#7109 = CARTESIAN_POINT('',(-0.299572090854,0.383263182303,
    0.301302800184));
#7110 = ADVANCED_FACE('',(#7111),#7121,.F.);
#7111 = FACE_BOUND('',#7112,.T.);
#7112 = EDGE_LOOP('',(#7113,#7114,#7119,#7120));
#7113 = ORIENTED_EDGE('',*,*,#1378,.T.);
#7114 = ORIENTED_EDGE('',*,*,#7115,.F.);
#7115 = EDGE_CURVE('',#6947,#1372,#7116,.T.);
#7116 = B_SPLINE_CURVE_WITH_KNOTS('',1,(#7117,#7118),.UNSPECIFIED.,.F.,
  .F.,(2,2),(-0.,9.999998715905E-04),.PIECEWISE_BEZIER_KNOTS.);
#7117 = CARTESIAN_POINT('',(-0.331082376107,0.385733356357,
    0.284542294797));
#7118 = CARTESIAN_POINT('',(-0.331082376107,0.384737161787,
    0.284455139065));
#7119 = ORIENTED_EDGE('',*,*,#6946,.F.);
#7120 = ORIENTED_EDGE('',*,*,#7099,.T.);
#7121 = B_SPLINE_SURFACE_WITH_KNOTS('',1,1,(
    (#7122,#7123)
    ,(#7124,#7125
    )),.UNSPECIFIED.,.F.,.F.,.F.,(2,2),(2,2),(-8.191325314408E-05,
    1.775076964411E-02),(-2.455565525432E-03,0.),
  .PIECEWISE_BEZIER_KNOTS.);
#7122 = CARTESIAN_POINT('',(-0.331041416655,0.383278886663,
    0.284440252275));
#7123 = CARTESIAN_POINT('',(-0.331110356831,0.385733356357,
    0.284465308693));
#7124 = CARTESIAN_POINT('',(-0.324949955848,0.383278886663,0.30120028463
    ));
#7125 = CARTESIAN_POINT('',(-0.325018896024,0.385733356357,
    0.301225341049));
#7126 = ADVANCED_FACE('',(#7127),#7133,.F.);
#7127 = FACE_BOUND('',#7128,.T.);
#7128 = EDGE_LOOP('',(#7129,#7130,#7131,#7132));
#7129 = ORIENTED_EDGE('',*,*,#1371,.T.);
#7130 = ORIENTED_EDGE('',*,*,#7021,.F.);
#7131 = ORIENTED_EDGE('',*,*,#6953,.F.);
#7132 = ORIENTED_EDGE('',*,*,#7115,.T.);
#7133 = B_SPLINE_SURFACE_WITH_KNOTS('',1,1,(
    (#7134,#7135)
    ,(#7136,#7137)),.UNSPECIFIED.,.F.,.F.,.F.,(2,2),(2,2),(0.,1.E-03),(
    -3.408136875721E-22,8.70277375922E-03),.PIECEWISE_BEZIER_KNOTS.);
#7134 = CARTESIAN_POINT('',(-0.339784930994,0.385738735751,
    0.284480808041));
#7135 = CARTESIAN_POINT('',(-0.331082376107,0.385733356357,
    0.284542294797));
#7136 = CARTESIAN_POINT('',(-0.339784930994,0.384742541053,
    0.284393652298));
#7137 = CARTESIAN_POINT('',(-0.331082376107,0.384737161659,
    0.284455139054));
#7138 = ADVANCED_FACE('',(#7139),#7161,.T.);
#7139 = FACE_BOUND('',#7140,.T.);
#7140 = EDGE_LOOP('',(#7141,#7150,#7155,#7156));
#7141 = ORIENTED_EDGE('',*,*,#7142,.F.);
#7142 = EDGE_CURVE('',#7143,#7145,#7147,.T.);
#7143 = VERTEX_POINT('',#7144);
#7144 = CARTESIAN_POINT('',(-0.302116337697,0.38266392363,0.308152359635
    ));
#7145 = VERTEX_POINT('',#7146);
#7146 = CARTESIAN_POINT('',(-0.322593854844,0.382676581466,
    0.308007678434));
#7147 = B_SPLINE_CURVE_WITH_KNOTS('',1,(#7148,#7149),.UNSPECIFIED.,.F.,
  .F.,(2,2),(-4.052414270725E-12,2.047803216182E-02),
  .PIECEWISE_BEZIER_KNOTS.);
#7148 = CARTESIAN_POINT('',(-0.302116337697,0.382663923501,
    0.308152359635));
#7149 = CARTESIAN_POINT('',(-0.322593854844,0.382676581466,
    0.308007678434));
#7150 = ORIENTED_EDGE('',*,*,#7151,.F.);
#7151 = EDGE_CURVE('',#6961,#7143,#7152,.T.);
#7152 = B_SPLINE_CURVE_WITH_KNOTS('',1,(#7153,#7154),.UNSPECIFIED.,.F.,
  .F.,(2,2),(-0.,9.999998715905E-04),.PIECEWISE_BEZIER_KNOTS.);
#7153 = CARTESIAN_POINT('',(-0.302116337701,0.383660118199,
    0.308239515378));
#7154 = CARTESIAN_POINT('',(-0.302116337701,0.382663923629,
    0.308152359647));
#7155 = ORIENTED_EDGE('',*,*,#6960,.T.);
#7156 = ORIENTED_EDGE('',*,*,#7157,.T.);
#7157 = EDGE_CURVE('',#6963,#7145,#7158,.T.);
#7158 = B_SPLINE_CURVE_WITH_KNOTS('',1,(#7159,#7160),.UNSPECIFIED.,.F.,
  .F.,(2,2),(-0.,1.E-03),.PIECEWISE_BEZIER_KNOTS.);
#7159 = CARTESIAN_POINT('',(-0.322593854844,0.383672776164,
    0.308094834177));
#7160 = CARTESIAN_POINT('',(-0.322593854844,0.382676581466,
    0.308007678434));
#7161 = B_SPLINE_SURFACE_WITH_KNOTS('',1,1,(
    (#7162,#7163)
    ,(#7164,#7165
    )),.UNSPECIFIED.,.F.,.F.,.F.,(2,2),(2,2),(-9.214604161069E-18,1.E-03
    ),(-2.047803216182E-02,4.052414360982E-12),
  .PIECEWISE_BEZIER_KNOTS.);
#7162 = CARTESIAN_POINT('',(-0.322593854844,0.383672776164,
    0.308094834177));
#7163 = CARTESIAN_POINT('',(-0.302116337697,0.383660118199,
    0.308239515378));
#7164 = CARTESIAN_POINT('',(-0.322593854844,0.382676581466,
    0.308007678434));
#7165 = CARTESIAN_POINT('',(-0.302116337697,0.382663923501,
    0.308152359635));
#7166 = ADVANCED_FACE('',(#7167),#7183,.T.);
#7167 = FACE_BOUND('',#7168,.T.);
#7168 = EDGE_LOOP('',(#7169,#7176,#7177,#7178));
#7169 = ORIENTED_EDGE('',*,*,#7170,.F.);
#7170 = EDGE_CURVE('',#7145,#7171,#7173,.T.);
#7171 = VERTEX_POINT('',#7172);
#7172 = CARTESIAN_POINT('',(-0.313556488221,0.380460696419,0.33333536042
    ));
#7173 = B_SPLINE_CURVE_WITH_KNOTS('',1,(#7174,#7175),.UNSPECIFIED.,.F.,
  .F.,(2,2),(0.,2.698287636246E-02),.PIECEWISE_BEZIER_KNOTS.);
#7174 = CARTESIAN_POINT('',(-0.322593854844,0.382676581466,
    0.308007678434));
#7175 = CARTESIAN_POINT('',(-0.313556488221,0.380460696419,0.33333536042
    ));
#7176 = ORIENTED_EDGE('',*,*,#7157,.F.);
#7177 = ORIENTED_EDGE('',*,*,#7001,.T.);
#7178 = ORIENTED_EDGE('',*,*,#7179,.T.);
#7179 = EDGE_CURVE('',#6993,#7171,#7180,.T.);
#7180 = B_SPLINE_CURVE_WITH_KNOTS('',1,(#7181,#7182),.UNSPECIFIED.,.F.,
  .F.,(2,2),(-0.,1.E-03),.PIECEWISE_BEZIER_KNOTS.);
#7181 = CARTESIAN_POINT('',(-0.313556488221,0.381456891117,
    0.333422516163));
#7182 = CARTESIAN_POINT('',(-0.313556488221,0.380460696419,0.33333536042
    ));
#7183 = B_SPLINE_SURFACE_WITH_KNOTS('',1,1,(
    (#7184,#7185)
    ,(#7186,#7187
    )),.UNSPECIFIED.,.F.,.F.,.F.,(2,2),(2,2),(-2.689165823562E-02,
    8.215691010953E-05),(-3.213449154663E-03,0.),
  .PIECEWISE_BEZIER_KNOTS.);
#7184 = CARTESIAN_POINT('',(-0.313529064455,0.380460696419,
    0.333412805206));
#7185 = CARTESIAN_POINT('',(-0.313617488257,0.383672776164,
    0.333444116723));
#7186 = CARTESIAN_POINT('',(-0.322532854808,0.380460696419,
    0.307986077875));
#7187 = CARTESIAN_POINT('',(-0.32262127861,0.383672776164,0.308017389391
    ));
#7188 = ADVANCED_FACE('',(#7189),#7207,.T.);
#7189 = FACE_BOUND('',#7190,.T.);
#7190 = EDGE_LOOP('',(#7191,#7200,#7201,#7202));
#7191 = ORIENTED_EDGE('',*,*,#7192,.F.);
#7192 = EDGE_CURVE('',#7171,#7193,#7195,.T.);
#7193 = VERTEX_POINT('',#7194);
#7194 = CARTESIAN_POINT('',(-0.312635441406,0.380087665926,
    0.337599118464));
#7195 = B_SPLINE_CURVE_WITH_KNOTS('',3,(#7196,#7197,#7198,#7199),
  .UNSPECIFIED.,.F.,.F.,(4,4),(1.,2.),.PIECEWISE_BEZIER_KNOTS.);
#7196 = CARTESIAN_POINT('',(-0.313556488221,0.380460696419,0.33333536042
    ));
#7197 = CARTESIAN_POINT('',(-0.313266137728,0.380387112188,
    0.334176432026));
#7198 = CARTESIAN_POINT('',(-0.312964173299,0.380264584276,
    0.335576932472));
#7199 = CARTESIAN_POINT('',(-0.312635441406,0.380087665926,
    0.337599118464));
#7200 = ORIENTED_EDGE('',*,*,#7179,.F.);
#7201 = ORIENTED_EDGE('',*,*,#6992,.T.);
#7202 = ORIENTED_EDGE('',*,*,#7203,.T.);
#7203 = EDGE_CURVE('',#6986,#7193,#7204,.T.);
#7204 = B_SPLINE_CURVE_WITH_KNOTS('',1,(#7205,#7206),.UNSPECIFIED.,.F.,
  .F.,(2,2),(-0.,1.E-03),.PIECEWISE_BEZIER_KNOTS.);
#7205 = CARTESIAN_POINT('',(-0.312635441406,0.381083860624,
    0.337686274206));
#7206 = CARTESIAN_POINT('',(-0.312635441406,0.380087665926,
    0.337599118464));
#7207 = B_SPLINE_SURFACE_WITH_KNOTS('',3,1,(
    (#7208,#7209)
    ,(#7210,#7211)
    ,(#7212,#7213)
    ,(#7214,#7215
    )),.UNSPECIFIED.,.F.,.F.,.F.,(4,4),(2,2),(1.,2.),(0.,1.),
  .PIECEWISE_BEZIER_KNOTS.);
#7208 = CARTESIAN_POINT('',(-0.313556488221,0.381456891117,
    0.333422516163));
#7209 = CARTESIAN_POINT('',(-0.313556488221,0.380460696419,0.33333536042
    ));
#7210 = CARTESIAN_POINT('',(-0.313266137728,0.381383306886,
    0.334263587769));
#7211 = CARTESIAN_POINT('',(-0.313266137728,0.380387112188,
    0.334176432026));
#7212 = CARTESIAN_POINT('',(-0.312964173299,0.381260778974,
    0.335664088215));
#7213 = CARTESIAN_POINT('',(-0.312964173299,0.380264584276,
    0.335576932472));
#7214 = CARTESIAN_POINT('',(-0.312635441406,0.381083860624,
    0.337686274206));
#7215 = CARTESIAN_POINT('',(-0.312635441406,0.380087665926,
    0.337599118464));
#7216 = ADVANCED_FACE('',(#7217),#7233,.T.);
#7217 = FACE_BOUND('',#7218,.T.);
#7218 = EDGE_LOOP('',(#7219,#7226,#7227,#7228));
#7219 = ORIENTED_EDGE('',*,*,#7220,.F.);
#7220 = EDGE_CURVE('',#7193,#7221,#7223,.T.);
#7221 = VERTEX_POINT('',#7222);
#7222 = CARTESIAN_POINT('',(-0.312448289688,0.38008755024,0.337600440759
    ));
#7223 = B_SPLINE_CURVE_WITH_KNOTS('',1,(#7224,#7225),.UNSPECIFIED.,.F.,
  .F.,(2,2),(-5.550975513611E-17,1.8715642514E-04),
  .PIECEWISE_BEZIER_KNOTS.);
#7224 = CARTESIAN_POINT('',(-0.312635441406,0.380087665926,
    0.337599118464));
#7225 = CARTESIAN_POINT('',(-0.312448289688,0.38008755024,0.337600440759
    ));
#7226 = ORIENTED_EDGE('',*,*,#7203,.F.);
#7227 = ORIENTED_EDGE('',*,*,#6985,.T.);
#7228 = ORIENTED_EDGE('',*,*,#7229,.T.);
#7229 = EDGE_CURVE('',#6977,#7221,#7230,.T.);
#7230 = B_SPLINE_CURVE_WITH_KNOTS('',1,(#7231,#7232),.UNSPECIFIED.,.F.,
  .F.,(2,2),(-0.,1.E-03),.PIECEWISE_BEZIER_KNOTS.);
#7231 = CARTESIAN_POINT('',(-0.312448289688,0.381083744938,
    0.337687596502));
#7232 = CARTESIAN_POINT('',(-0.312448289688,0.38008755024,0.337600440759
    ));
#7233 = B_SPLINE_SURFACE_WITH_KNOTS('',1,1,(
    (#7234,#7235)
    ,(#7236,#7237
    )),.UNSPECIFIED.,.F.,.F.,.F.,(2,2),(2,2),(-1.E-03,4.809099107612E-17
    ),(-5.550975513611E-17,1.8715642514E-04),.PIECEWISE_BEZIER_KNOTS.);
#7234 = CARTESIAN_POINT('',(-0.312635441406,0.380087665926,
    0.337599118464));
#7235 = CARTESIAN_POINT('',(-0.312448289688,0.38008755024,0.337600440759
    ));
#7236 = CARTESIAN_POINT('',(-0.312635441406,0.381083860624,
    0.337686274206));
#7237 = CARTESIAN_POINT('',(-0.312448289688,0.381083744938,
    0.337687596502));
#7238 = ADVANCED_FACE('',(#7239),#7257,.T.);
#7239 = FACE_BOUND('',#7240,.T.);
#7240 = EDGE_LOOP('',(#7241,#7250,#7251,#7252));
#7241 = ORIENTED_EDGE('',*,*,#7242,.F.);
#7242 = EDGE_CURVE('',#7221,#7243,#7245,.T.);
#7243 = VERTEX_POINT('',#7244);
#7244 = CARTESIAN_POINT('',(-0.31141983944,0.380459375671,0.333350456631
    ));
#7245 = B_SPLINE_CURVE_WITH_KNOTS('',3,(#7246,#7247,#7248,#7249),
  .UNSPECIFIED.,.F.,.F.,(4,4),(3.,4.),.PIECEWISE_BEZIER_KNOTS.);
#7246 = CARTESIAN_POINT('',(-0.312448289688,0.38008755024,0.337600440759
    ));
#7247 = CARTESIAN_POINT('',(-0.312138913891,0.380247761983,
    0.335769212161));
#7248 = CARTESIAN_POINT('',(-0.31180122206,0.380372613193,0.334342156301
    ));
#7249 = CARTESIAN_POINT('',(-0.31141983944,0.380459375671,0.333350456631
    ));
#7250 = ORIENTED_EDGE('',*,*,#7229,.F.);
#7251 = ORIENTED_EDGE('',*,*,#6976,.T.);
#7252 = ORIENTED_EDGE('',*,*,#7253,.T.);
#7253 = EDGE_CURVE('',#6970,#7243,#7254,.T.);
#7254 = B_SPLINE_CURVE_WITH_KNOTS('',1,(#7255,#7256),.UNSPECIFIED.,.F.,
  .F.,(2,2),(0.,1.E-03),.PIECEWISE_BEZIER_KNOTS.);
#7255 = CARTESIAN_POINT('',(-0.31141983944,0.38145557037,0.333437612373)
  );
#7256 = CARTESIAN_POINT('',(-0.31141983944,0.380459375671,0.333350456631
    ));
#7257 = B_SPLINE_SURFACE_WITH_KNOTS('',3,1,(
    (#7258,#7259)
    ,(#7260,#7261)
    ,(#7262,#7263)
    ,(#7264,#7265
    )),.UNSPECIFIED.,.F.,.F.,.F.,(4,4),(2,2),(3.,4.),(0.,1.),
  .PIECEWISE_BEZIER_KNOTS.);
#7258 = CARTESIAN_POINT('',(-0.312448289688,0.381083744938,
    0.337687596502));
#7259 = CARTESIAN_POINT('',(-0.312448289688,0.38008755024,0.337600440759
    ));
#7260 = CARTESIAN_POINT('',(-0.312138913891,0.381243956681,
    0.335856367903));
#7261 = CARTESIAN_POINT('',(-0.312138913891,0.380247761983,
    0.335769212161));
#7262 = CARTESIAN_POINT('',(-0.31180122206,0.381368807891,0.334429312044
    ));
#7263 = CARTESIAN_POINT('',(-0.31180122206,0.380372613193,0.334342156301
    ));
#7264 = CARTESIAN_POINT('',(-0.31141983944,0.38145557037,0.333437612373)
  );
#7265 = CARTESIAN_POINT('',(-0.31141983944,0.380459375671,0.333350456631
    ));
#7266 = ADVANCED_FACE('',(#7267),#7277,.T.);
#7267 = FACE_BOUND('',#7268,.T.);
#7268 = EDGE_LOOP('',(#7269,#7274,#7275,#7276));
#7269 = ORIENTED_EDGE('',*,*,#7270,.F.);
#7270 = EDGE_CURVE('',#7243,#7143,#7271,.T.);
#7271 = B_SPLINE_CURVE_WITH_KNOTS('',1,(#7272,#7273),.UNSPECIFIED.,.F.,
  .F.,(2,2),(-4.540712643319E-18,2.695105319986E-02),
  .PIECEWISE_BEZIER_KNOTS.);
#7272 = CARTESIAN_POINT('',(-0.31141983944,0.380459375671,0.333350456631
    ));
#7273 = CARTESIAN_POINT('',(-0.302116337697,0.382663923502,
    0.308152359624));
#7274 = ORIENTED_EDGE('',*,*,#7253,.F.);
#7275 = ORIENTED_EDGE('',*,*,#6969,.T.);
#7276 = ORIENTED_EDGE('',*,*,#7151,.T.);
#7277 = B_SPLINE_SURFACE_WITH_KNOTS('',1,1,(
    (#7278,#7279)
    ,(#7280,#7281
    )),.UNSPECIFIED.,.F.,.F.,.F.,(2,2),(2,2),(-2.694249113254E-02,
    2.362365483709E-17),(-9.966458705793E-04,2.205546260178E-03),
  .PIECEWISE_BEZIER_KNOTS.);
#7278 = CARTESIAN_POINT('',(-0.302178643329,0.380459375671,
    0.308129530226));
#7279 = CARTESIAN_POINT('',(-0.302088182926,0.383660118199,0.30816267581
    ));
#7280 = CARTESIAN_POINT('',(-0.311447994212,0.380459375671,
    0.333427296188));
#7281 = CARTESIAN_POINT('',(-0.311357533809,0.383660118199,
    0.333460441771));
#7282 = ADVANCED_FACE('',(#7283),#7291,.T.);
#7283 = FACE_BOUND('',#7284,.T.);
#7284 = EDGE_LOOP('',(#7285,#7286,#7287,#7288,#7289,#7290));
#7285 = ORIENTED_EDGE('',*,*,#7270,.T.);
#7286 = ORIENTED_EDGE('',*,*,#7142,.T.);
#7287 = ORIENTED_EDGE('',*,*,#7170,.T.);
#7288 = ORIENTED_EDGE('',*,*,#7192,.T.);
#7289 = ORIENTED_EDGE('',*,*,#7220,.T.);
#7290 = ORIENTED_EDGE('',*,*,#7242,.T.);
#7291 = B_SPLINE_SURFACE_WITH_KNOTS('',1,1,(
    (#7292,#7293)
    ,(#7294,#7295
    )),.UNSPECIFIED.,.F.,.F.,.F.,(2,2),(2,2),(0.198763935228,
    0.228469737097),(0.277406145156,0.297883662303),
  .PIECEWISE_BEZIER_KNOTS.);
#7292 = CARTESIAN_POINT('',(-0.322593854844,0.382676581594,
    0.308007678446));
#7293 = CARTESIAN_POINT('',(-0.302116337697,0.382676581594,
    0.308007678446));
#7294 = CARTESIAN_POINT('',(-0.322593854844,0.380087550368,
    0.337600440771));
#7295 = CARTESIAN_POINT('',(-0.302116337697,0.380087550368,
    0.337600440771));
#7296 = ADVANCED_FACE('',(#7297,#7586),#7611,.F.);
#7297 = FACE_BOUND('',#7298,.T.);
#7298 = EDGE_LOOP('',(#7299,#7310,#7319,#7328,#7337,#7346,#7355,#7364,
    #7373,#7382,#7391,#7400,#7409,#7418,#7425,#7432,#7439,#7448,#7457,
    #7466,#7475,#7484,#7493,#7502,#7511,#7520,#7529,#7536,#7545,#7554,
    #7563,#7570,#7579));
#7299 = ORIENTED_EDGE('',*,*,#7300,.T.);
#7300 = EDGE_CURVE('',#7301,#7303,#7305,.T.);
#7301 = VERTEX_POINT('',#7302);
#7302 = CARTESIAN_POINT('',(3.101457366265E-02,0.380234744035,
    0.347391721225));
#7303 = VERTEX_POINT('',#7304);
#7304 = CARTESIAN_POINT('',(7.355627340028E-02,0.375255498883,
    0.404304753745));
#7305 = B_SPLINE_CURVE_WITH_KNOTS('',3,(#7306,#7307,#7308,#7309),
  .UNSPECIFIED.,.F.,.F.,(4,4),(35.,36.),.PIECEWISE_BEZIER_KNOTS.);
#7306 = CARTESIAN_POINT('',(3.101457366265E-02,0.380234744035,
    0.347391721225));
#7307 = CARTESIAN_POINT('',(3.12637588179E-02,0.377966064848,
    0.373322842994));
#7308 = CARTESIAN_POINT('',(4.888590593741E-02,0.375951306306,
    0.396351638508));
#7309 = CARTESIAN_POINT('',(7.355627340028E-02,0.375255498883,
    0.404304753745));
#7310 = ORIENTED_EDGE('',*,*,#7311,.T.);
#7311 = EDGE_CURVE('',#7303,#7312,#7314,.T.);
#7312 = VERTEX_POINT('',#7313);
#7313 = CARTESIAN_POINT('',(9.67376348259E-02,0.372254276174,
    0.438608886279));
#7314 = B_SPLINE_CURVE_WITH_KNOTS('',3,(#7315,#7316,#7317,#7318),
  .UNSPECIFIED.,.F.,.F.,(4,4),(0.,1.),.PIECEWISE_BEZIER_KNOTS.);
#7315 = CARTESIAN_POINT('',(7.355627340028E-02,0.375255498883,
    0.404304753745));
#7316 = CARTESIAN_POINT('',(7.823560764306E-02,0.374118343102,
    0.4173025038));
#7317 = CARTESIAN_POINT('',(8.639446673929E-02,0.373092462891,
    0.429028368272));
#7318 = CARTESIAN_POINT('',(9.67376348259E-02,0.372254276174,
    0.438608886279));
#7319 = ORIENTED_EDGE('',*,*,#7320,.T.);
#7320 = EDGE_CURVE('',#7312,#7321,#7323,.T.);
#7321 = VERTEX_POINT('',#7322);
#7322 = CARTESIAN_POINT('',(0.155572439906,0.370251851556,0.461496704398
    ));
#7323 = B_SPLINE_CURVE_WITH_KNOTS('',3,(#7324,#7325,#7326,#7327),
  .UNSPECIFIED.,.F.,.F.,(4,4),(1.,2.),.PIECEWISE_BEZIER_KNOTS.);
#7324 = CARTESIAN_POINT('',(9.67376348259E-02,0.372254276174,
    0.438608886279));
#7325 = CARTESIAN_POINT('',(0.113119944204,0.370996459873,0.452985792387
    ));
#7326 = CARTESIAN_POINT('',(0.133883177842,0.370265258548,0.461343461773
    ));
#7327 = CARTESIAN_POINT('',(0.155572439906,0.370251851556,0.461496704398
    ));
#7328 = ORIENTED_EDGE('',*,*,#7329,.T.);
#7329 = EDGE_CURVE('',#7321,#7330,#7332,.T.);
#7330 = VERTEX_POINT('',#7331);
#7331 = CARTESIAN_POINT('',(0.207746654692,0.371694142931,0.445011238544
    ));
#7332 = B_SPLINE_CURVE_WITH_KNOTS('',3,(#7333,#7334,#7335,#7336),
  .UNSPECIFIED.,.F.,.F.,(4,4),(2.,3.),.PIECEWISE_BEZIER_KNOTS.);
#7333 = CARTESIAN_POINT('',(0.155572439906,0.370251851556,0.461496704398
    ));
#7334 = CARTESIAN_POINT('',(0.174658988867,0.370240053404,0.461631557896
    ));
#7335 = CARTESIAN_POINT('',(0.19248725725,0.370758355908,0.455707333159)
  );
#7336 = CARTESIAN_POINT('',(0.207746654692,0.371694142931,0.445011238544
    ));
#7337 = ORIENTED_EDGE('',*,*,#7338,.T.);
#7338 = EDGE_CURVE('',#7330,#7339,#7341,.T.);
#7339 = VERTEX_POINT('',#7340);
#7340 = CARTESIAN_POINT('',(0.226968572285,0.37334584731,0.426132171102)
  );
#7341 = B_SPLINE_CURVE_WITH_KNOTS('',3,(#7342,#7343,#7344,#7345),
  .UNSPECIFIED.,.F.,.F.,(4,4),(3.,4.),.PIECEWISE_BEZIER_KNOTS.);
#7342 = CARTESIAN_POINT('',(0.207746654692,0.371694142931,0.445011238544
    ));
#7343 = CARTESIAN_POINT('',(0.215157925829,0.372143267159,0.439877725134
    ));
#7344 = CARTESIAN_POINT('',(0.221277065948,0.372706616325,0.433438614696
    ));
#7345 = CARTESIAN_POINT('',(0.226968572285,0.37334584731,0.426132171102)
  );
#7346 = ORIENTED_EDGE('',*,*,#7347,.T.);
#7347 = EDGE_CURVE('',#7339,#7348,#7350,.T.);
#7348 = VERTEX_POINT('',#7349);
#7349 = CARTESIAN_POINT('',(0.236939476411,0.373264066418,0.427066930977
    ));
#7350 = B_SPLINE_CURVE_WITH_KNOTS('',3,(#7351,#7352,#7353,#7354),
  .UNSPECIFIED.,.F.,.F.,(4,4),(4.,5.),.PIECEWISE_BEZIER_KNOTS.);
#7351 = CARTESIAN_POINT('',(0.226968572285,0.37334584731,0.426132171102)
  );
#7352 = CARTESIAN_POINT('',(0.230435774334,0.373305895174,0.426588826105
    ));
#7353 = CARTESIAN_POINT('',(0.233469197791,0.373266211535,0.42704241218)
  );
#7354 = CARTESIAN_POINT('',(0.236939476411,0.373264066418,0.427066930977
    ));
#7355 = ORIENTED_EDGE('',*,*,#7356,.T.);
#7356 = EDGE_CURVE('',#7348,#7357,#7359,.T.);
#7357 = VERTEX_POINT('',#7358);
#7358 = CARTESIAN_POINT('',(0.286972454032,0.375047960403,0.406676929432
    ));
#7359 = B_SPLINE_CURVE_WITH_KNOTS('',3,(#7360,#7361,#7362,#7363),
  .UNSPECIFIED.,.F.,.F.,(4,4),(5.,6.),.PIECEWISE_BEZIER_KNOTS.);
#7360 = CARTESIAN_POINT('',(0.236939476411,0.373264066418,0.427066930977
    ));
#7361 = CARTESIAN_POINT('',(0.255592242614,0.373252536404,0.42719871964)
  );
#7362 = CARTESIAN_POINT('',(0.273429736534,0.373884259473,0.419978091923
    ));
#7363 = CARTESIAN_POINT('',(0.286972454032,0.375047960403,0.406676929432
    ));
#7364 = ORIENTED_EDGE('',*,*,#7365,.T.);
#7365 = EDGE_CURVE('',#7357,#7366,#7368,.T.);
#7366 = VERTEX_POINT('',#7367);
#7367 = CARTESIAN_POINT('',(0.307711099725,0.379345341056,0.357557643799
    ));
#7368 = B_SPLINE_CURVE_WITH_KNOTS('',3,(#7369,#7370,#7371,#7372),
  .UNSPECIFIED.,.F.,.F.,(4,4),(6.,7.),.PIECEWISE_BEZIER_KNOTS.);
#7369 = CARTESIAN_POINT('',(0.286972454032,0.375047960403,0.406676929432
    ));
#7370 = CARTESIAN_POINT('',(0.30007831941,0.376174122086,0.393804842484)
  );
#7371 = CARTESIAN_POINT('',(0.307578807679,0.377719645724,0.376139426473
    ));
#7372 = CARTESIAN_POINT('',(0.307711099725,0.379345341056,0.357557643799
    ));
#7373 = ORIENTED_EDGE('',*,*,#7374,.T.);
#7374 = EDGE_CURVE('',#7366,#7375,#7377,.T.);
#7375 = VERTEX_POINT('',#7376);
#7376 = CARTESIAN_POINT('',(0.28982746536,0.383477551427,0.310326263126)
  );
#7377 = B_SPLINE_CURVE_WITH_KNOTS('',3,(#7378,#7379,#7380,#7381),
  .UNSPECIFIED.,.F.,.F.,(4,4),(7.,8.),.PIECEWISE_BEZIER_KNOTS.);
#7378 = CARTESIAN_POINT('',(0.307711099725,0.379345341056,0.357557643799
    ));
#7379 = CARTESIAN_POINT('',(0.307834162114,0.380857616052,0.3402722615)
  );
#7380 = CARTESIAN_POINT('',(0.301447369372,0.382336106847,0.323373034377
    ));
#7381 = CARTESIAN_POINT('',(0.28982746536,0.383477551427,0.310326263126)
  );
#7382 = ORIENTED_EDGE('',*,*,#7383,.T.);
#7383 = EDGE_CURVE('',#7375,#7384,#7386,.T.);
#7384 = VERTEX_POINT('',#7385);
#7385 = CARTESIAN_POINT('',(0.255272320902,0.385313732322,0.289338619464
    ));
#7386 = B_SPLINE_CURVE_WITH_KNOTS('',3,(#7387,#7388,#7389,#7390),
  .UNSPECIFIED.,.F.,.F.,(4,4),(8.,9.),.PIECEWISE_BEZIER_KNOTS.);
#7387 = CARTESIAN_POINT('',(0.28982746536,0.383477551427,0.310326263126)
  );
#7388 = CARTESIAN_POINT('',(0.28035802836,0.384390816078,0.299887600403)
  );
#7389 = CARTESIAN_POINT('',(0.268695048445,0.385002965277,0.292890703037
    ));
#7390 = CARTESIAN_POINT('',(0.255272320902,0.385313732322,0.289338619464
    ));
#7391 = ORIENTED_EDGE('',*,*,#7392,.T.);
#7392 = EDGE_CURVE('',#7384,#7393,#7395,.T.);
#7393 = VERTEX_POINT('',#7394);
#7394 = CARTESIAN_POINT('',(0.214271924882,0.387910072815,0.259662311836
    ));
#7395 = B_SPLINE_CURVE_WITH_KNOTS('',3,(#7396,#7397,#7398,#7399),
  .UNSPECIFIED.,.F.,.F.,(4,4),(9.,10.),.PIECEWISE_BEZIER_KNOTS.);
#7396 = CARTESIAN_POINT('',(0.255272320902,0.385313732322,0.289338619464
    ));
#7397 = CARTESIAN_POINT('',(0.249756174327,0.386829493136,0.272013394076
    ));
#7398 = CARTESIAN_POINT('',(0.233358482117,0.387898274657,0.259797165393
    ));
#7399 = CARTESIAN_POINT('',(0.214271924882,0.387910072815,0.259662311836
    ));
#7400 = ORIENTED_EDGE('',*,*,#7401,.T.);
#7401 = EDGE_CURVE('',#7393,#7402,#7404,.T.);
#7402 = VERTEX_POINT('',#7403);
#7403 = CARTESIAN_POINT('',(0.17058574478,0.38415619931,0.302569282333)
  );
#7404 = B_SPLINE_CURVE_WITH_KNOTS('',3,(#7405,#7406,#7407,#7408),
  .UNSPECIFIED.,.F.,.F.,(4,4),(10.,11.),.PIECEWISE_BEZIER_KNOTS.);
#7405 = CARTESIAN_POINT('',(0.214271924882,0.387910072815,0.259662311836
    ));
#7406 = CARTESIAN_POINT('',(0.190413736612,0.387924820507,0.259493744948
    ));
#7407 = CARTESIAN_POINT('',(0.170754955566,0.386235577429,0.278801881672
    ));
#7408 = CARTESIAN_POINT('',(0.17058574478,0.38415619931,0.302569282333)
  );
#7409 = ORIENTED_EDGE('',*,*,#7410,.T.);
#7410 = EDGE_CURVE('',#7402,#7411,#7413,.T.);
#7411 = VERTEX_POINT('',#7412);
#7412 = CARTESIAN_POINT('',(0.170554979182,0.383778130561,0.306890627908
    ));
#7413 = B_SPLINE_CURVE_WITH_KNOTS('',3,(#7414,#7415,#7416,#7417),
  .UNSPECIFIED.,.F.,.F.,(4,4),(11.,12.),.PIECEWISE_BEZIER_KNOTS.);
#7414 = CARTESIAN_POINT('',(0.17058574478,0.38415619931,0.302569282333)
  );
#7415 = CARTESIAN_POINT('',(0.170576515124,0.384042778974,0.303865682708
    ));
#7416 = CARTESIAN_POINT('',(0.170567285468,0.383929358638,0.305162083084
    ));
#7417 = CARTESIAN_POINT('',(0.170554979182,0.383778130561,0.306890627908
    ));
#7418 = ORIENTED_EDGE('',*,*,#7419,.T.);
#7419 = EDGE_CURVE('',#7411,#7420,#7422,.T.);
#7420 = VERTEX_POINT('',#7421);
#7421 = CARTESIAN_POINT('',(0.109597379994,0.381017961542,0.338439504162
    ));
#7422 = B_SPLINE_CURVE_WITH_KNOTS('',1,(#7423,#7424),.UNSPECIFIED.,.F.,
  .F.,(2,2),(-2.239944121391E-17,6.869336958323E-02),
  .PIECEWISE_BEZIER_KNOTS.);
#7423 = CARTESIAN_POINT('',(0.170554979182,0.383778130561,0.306890627908
    ));
#7424 = CARTESIAN_POINT('',(0.109597379994,0.381017961542,0.338439504162
    ));
#7425 = ORIENTED_EDGE('',*,*,#7426,.T.);
#7426 = EDGE_CURVE('',#7420,#7427,#7429,.T.);
#7427 = VERTEX_POINT('',#7428);
#7428 = CARTESIAN_POINT('',(0.122881658153,0.379005884408,0.361437651034
    ));
#7429 = B_SPLINE_CURVE_WITH_KNOTS('',1,(#7430,#7431),.UNSPECIFIED.,.F.,
  .F.,(2,2),(0.,2.663522592649E-02),.PIECEWISE_BEZIER_KNOTS.);
#7430 = CARTESIAN_POINT('',(0.109597379994,0.381017961542,0.338439504162
    ));
#7431 = CARTESIAN_POINT('',(0.122881658153,0.379005884408,0.361437651034
    ));
#7432 = ORIENTED_EDGE('',*,*,#7433,.T.);
#7433 = EDGE_CURVE('',#7427,#7434,#7436,.T.);
#7434 = VERTEX_POINT('',#7435);
#7435 = CARTESIAN_POINT('',(0.181224238012,0.381616434912,0.331598922235
    ));
#7436 = B_SPLINE_CURVE_WITH_KNOTS('',1,(#7437,#7438),.UNSPECIFIED.,.F.,
  .F.,(2,2),(0.,6.558217238577E-02),.PIECEWISE_BEZIER_KNOTS.);
#7437 = CARTESIAN_POINT('',(0.122881658153,0.379005884408,0.361437651034
    ));
#7438 = CARTESIAN_POINT('',(0.181224238012,0.381616434912,0.331598922235
    ));
#7439 = ORIENTED_EDGE('',*,*,#7440,.T.);
#7440 = EDGE_CURVE('',#7434,#7441,#7443,.T.);
#7441 = VERTEX_POINT('',#7442);
#7442 = CARTESIAN_POINT('',(0.213653528088,0.380310890821,0.346521359478
    ));
#7443 = B_SPLINE_CURVE_WITH_KNOTS('',3,(#7444,#7445,#7446,#7447),
  .UNSPECIFIED.,.F.,.F.,(4,4),(15.,16.),.PIECEWISE_BEZIER_KNOTS.);
#7444 = CARTESIAN_POINT('',(0.181224238012,0.381616434912,0.331598922235
    ));
#7445 = CARTESIAN_POINT('',(0.188967761279,0.38081766388,0.340728916912)
  );
#7446 = CARTESIAN_POINT('',(0.20063997085,0.380318935017,0.346429413903)
  );
#7447 = CARTESIAN_POINT('',(0.213653528088,0.380310890821,0.346521359478
    ));
#7448 = ORIENTED_EDGE('',*,*,#7449,.T.);
#7449 = EDGE_CURVE('',#7441,#7450,#7452,.T.);
#7450 = VERTEX_POINT('',#7451);
#7451 = CARTESIAN_POINT('',(0.254632392069,0.382780939564,0.31828857316)
  );
#7452 = B_SPLINE_CURVE_WITH_KNOTS('',3,(#7453,#7454,#7455,#7456),
  .UNSPECIFIED.,.F.,.F.,(4,4),(16.,17.),.PIECEWISE_BEZIER_KNOTS.);
#7453 = CARTESIAN_POINT('',(0.213653528088,0.380310890821,0.346521359478
    ));
#7454 = CARTESIAN_POINT('',(0.232306298428,0.380299360805,0.346653148171
    ));
#7455 = CARTESIAN_POINT('',(0.24844249104,0.381348031842,0.334666783366)
  );
#7456 = CARTESIAN_POINT('',(0.254632392069,0.382780939564,0.31828857316)
  );
#7457 = ORIENTED_EDGE('',*,*,#7458,.T.);
#7458 = EDGE_CURVE('',#7450,#7459,#7461,.T.);
#7459 = VERTEX_POINT('',#7460);
#7460 = CARTESIAN_POINT('',(0.280376463026,0.379286618394,0.358228846894
    ));
#7461 = B_SPLINE_CURVE_WITH_KNOTS('',3,(#7462,#7463,#7464,#7465),
  .UNSPECIFIED.,.F.,.F.,(4,4),(17.,18.),.PIECEWISE_BEZIER_KNOTS.);
#7462 = CARTESIAN_POINT('',(0.254632392069,0.382780939564,0.31828857316)
  );
#7463 = CARTESIAN_POINT('',(0.269765650546,0.382166644527,0.325309997565
    ));
#7464 = CARTESIAN_POINT('',(0.280502601987,0.380836700409,0.340511328389
    ));
#7465 = CARTESIAN_POINT('',(0.280376463026,0.379286618394,0.358228846894
    ));
#7466 = ORIENTED_EDGE('',*,*,#7467,.T.);
#7467 = EDGE_CURVE('',#7459,#7468,#7470,.T.);
#7468 = VERTEX_POINT('',#7469);
#7469 = CARTESIAN_POINT('',(0.236690282924,0.375532744889,0.401135817391
    ));
#7470 = B_SPLINE_CURVE_WITH_KNOTS('',3,(#7471,#7472,#7473,#7474),
  .UNSPECIFIED.,.F.,.F.,(4,4),(18.,19.),.PIECEWISE_BEZIER_KNOTS.);
#7471 = CARTESIAN_POINT('',(0.280376463026,0.379286618394,0.358228846894
    ));
#7472 = CARTESIAN_POINT('',(0.28020725224,0.377207240275,0.381996247555)
  );
#7473 = CARTESIAN_POINT('',(0.260548471194,0.375517997198,0.401304384279
    ));
#7474 = CARTESIAN_POINT('',(0.236690282924,0.375532744889,0.401135817391
    ));
#7475 = ORIENTED_EDGE('',*,*,#7476,.T.);
#7476 = EDGE_CURVE('',#7468,#7477,#7479,.T.);
#7477 = VERTEX_POINT('',#7478);
#7478 = CARTESIAN_POINT('',(0.213745816842,0.376114059423,0.39449136187)
  );
#7479 = B_SPLINE_CURVE_WITH_KNOTS('',3,(#7480,#7481,#7482,#7483),
  .UNSPECIFIED.,.F.,.F.,(4,4),(19.,20.),.PIECEWISE_BEZIER_KNOTS.);
#7480 = CARTESIAN_POINT('',(0.236690282924,0.375532744889,0.401135817391
    ));
#7481 = CARTESIAN_POINT('',(0.228448364994,0.375537839546,0.401077585205
    ));
#7482 = CARTESIAN_POINT('',(0.220224906435,0.375769775595,0.398426544026
    ));
#7483 = CARTESIAN_POINT('',(0.213745816842,0.376114059423,0.39449136187)
  );
#7484 = ORIENTED_EDGE('',*,*,#7485,.T.);
#7485 = EDGE_CURVE('',#7477,#7486,#7488,.T.);
#7486 = VERTEX_POINT('',#7487);
#7487 = CARTESIAN_POINT('',(0.155323254868,0.372520532186,0.435565566144
    ));
#7488 = B_SPLINE_CURVE_WITH_KNOTS('',3,(#7489,#7490,#7491,#7492),
  .UNSPECIFIED.,.F.,.F.,(4,4),(20.,21.),.PIECEWISE_BEZIER_KNOTS.);
#7489 = CARTESIAN_POINT('',(0.213745816842,0.376114059423,0.39449136187)
  );
#7490 = CARTESIAN_POINT('',(0.205331620005,0.374001971099,0.418632641883
    ));
#7491 = CARTESIAN_POINT('',(0.182651721759,0.372503639377,0.435758651828
    ));
#7492 = CARTESIAN_POINT('',(0.155323254868,0.372520532186,0.435565566144
    ));
#7493 = ORIENTED_EDGE('',*,*,#7494,.T.);
#7494 = EDGE_CURVE('',#7486,#7495,#7497,.T.);
#7495 = VERTEX_POINT('',#7496);
#7496 = CARTESIAN_POINT('',(9.497789105632E-02,0.377283931127,
    0.381119667109));
#7497 = B_SPLINE_CURVE_WITH_KNOTS('',3,(#7498,#7499,#7500,#7501),
  .UNSPECIFIED.,.F.,.F.,(4,4),(21.,22.),.PIECEWISE_BEZIER_KNOTS.);
#7498 = CARTESIAN_POINT('',(0.155323254868,0.372520532186,0.435565566144
    ));
#7499 = CARTESIAN_POINT('',(0.124090714186,0.372539838257,0.43534489674)
  );
#7500 = CARTESIAN_POINT('',(9.823281049523E-02,0.374635304767,
    0.411393604929));
#7501 = CARTESIAN_POINT('',(9.497789105632E-02,0.377283931127,
    0.381119667109));
#7502 = ORIENTED_EDGE('',*,*,#7503,.T.);
#7503 = EDGE_CURVE('',#7495,#7504,#7506,.T.);
#7504 = VERTEX_POINT('',#7505);
#7505 = CARTESIAN_POINT('',(9.150761243555E-02,0.377286076243,
    0.381095148313));
#7506 = B_SPLINE_CURVE_WITH_KNOTS('',3,(#7507,#7508,#7509,#7510),
  .UNSPECIFIED.,.F.,.F.,(4,4),(22.,23.),.PIECEWISE_BEZIER_KNOTS.);
#7507 = CARTESIAN_POINT('',(9.497789105632E-02,0.377283931127,
    0.381119667109));
#7508 = CARTESIAN_POINT('',(9.367653864209E-02,0.377284735544,
    0.381110472575));
#7509 = CARTESIAN_POINT('',(9.280896485E-02,0.377285271826,
    0.381104342847));
#7510 = CARTESIAN_POINT('',(9.150761243555E-02,0.377286076243,
    0.381095148313));
#7511 = ORIENTED_EDGE('',*,*,#7512,.T.);
#7512 = EDGE_CURVE('',#7504,#7513,#7515,.T.);
#7513 = VERTEX_POINT('',#7514);
#7514 = CARTESIAN_POINT('',(5.791233856167E-02,0.380255927103,
    0.347149597655));
#7515 = B_SPLINE_CURVE_WITH_KNOTS('',3,(#7516,#7517,#7518,#7519),
  .UNSPECIFIED.,.F.,.F.,(4,4),(23.,24.),.PIECEWISE_BEZIER_KNOTS.);
#7516 = CARTESIAN_POINT('',(9.150761243555E-02,0.377286076243,
    0.381095148313));
#7517 = CARTESIAN_POINT('',(7.285485037006E-02,0.377297606255,
    0.380963359678));
#7518 = CARTESIAN_POINT('',(5.778004651628E-02,0.378630231771,
    0.365731380329));
#7519 = CARTESIAN_POINT('',(5.791233856167E-02,0.380255927103,
    0.347149597655));
#7520 = ORIENTED_EDGE('',*,*,#7521,.T.);
#7521 = EDGE_CURVE('',#7513,#7522,#7524,.T.);
#7522 = VERTEX_POINT('',#7523);
#7523 = CARTESIAN_POINT('',(8.938485087953E-02,0.383185556985,
    0.313663774873));
#7524 = B_SPLINE_CURVE_WITH_KNOTS('',3,(#7525,#7526,#7527,#7528),
  .UNSPECIFIED.,.F.,.F.,(4,4),(24.,25.),.PIECEWISE_BEZIER_KNOTS.);
#7525 = CARTESIAN_POINT('',(5.791233856167E-02,0.380255927103,
    0.347149597655));
#7526 = CARTESIAN_POINT('',(5.803847752279E-02,0.381806009118,
    0.32943207915));
#7527 = CARTESIAN_POINT('',(7.159041640299E-02,0.383083130389,
    0.314834516225));
#7528 = CARTESIAN_POINT('',(8.938485087953E-02,0.383185556985,
    0.313663774873));
#7529 = ORIENTED_EDGE('',*,*,#7530,.T.);
#7530 = EDGE_CURVE('',#7522,#7531,#7533,.T.);
#7531 = VERTEX_POINT('',#7532);
#7532 = CARTESIAN_POINT('',(0.108905186737,0.383173490692,0.313801693235
    ));
#7533 = B_SPLINE_CURVE_WITH_KNOTS('',1,(#7534,#7535),.UNSPECIFIED.,.F.,
  .F.,(2,2),(1.387743878403E-17,1.952082680275E-02),
  .PIECEWISE_BEZIER_KNOTS.);
#7534 = CARTESIAN_POINT('',(8.938485087953E-02,0.383185556985,
    0.313663774873));
#7535 = CARTESIAN_POINT('',(0.108905186737,0.383173490692,0.313801693235
    ));
#7536 = ORIENTED_EDGE('',*,*,#7537,.T.);
#7537 = EDGE_CURVE('',#7531,#7538,#7540,.T.);
#7538 = VERTEX_POINT('',#7539);
#7539 = CARTESIAN_POINT('',(0.111504815053,0.383134075559,0.314252210267
    ));
#7540 = B_SPLINE_CURVE_WITH_KNOTS('',3,(#7541,#7542,#7543,#7544),
  .UNSPECIFIED.,.F.,.F.,(4,4),(26.,27.),.PIECEWISE_BEZIER_KNOTS.);
#7541 = CARTESIAN_POINT('',(0.108905186737,0.383173490692,0.313801693235
    ));
#7542 = CARTESIAN_POINT('',(0.109772760529,0.38317295441,0.313807822964)
  );
#7543 = CARTESIAN_POINT('',(0.110637257808,0.383134611831,0.314246080656
    ));
#7544 = CARTESIAN_POINT('',(0.111504815053,0.383134075559,0.314252210267
    ));
#7545 = ORIENTED_EDGE('',*,*,#7546,.T.);
#7546 = EDGE_CURVE('',#7538,#7547,#7549,.T.);
#7547 = VERTEX_POINT('',#7548);
#7548 = CARTESIAN_POINT('',(0.125047524219,0.384297775773,0.30095105596)
  );
#7549 = B_SPLINE_CURVE_WITH_KNOTS('',3,(#7550,#7551,#7552,#7553),
  .UNSPECIFIED.,.F.,.F.,(4,4),(27.,28.),.PIECEWISE_BEZIER_KNOTS.);
#7550 = CARTESIAN_POINT('',(0.111504815053,0.383134075559,0.314252210267
    ));
#7551 = CARTESIAN_POINT('',(0.118879167464,0.38312951718,0.314304312783)
  );
#7552 = CARTESIAN_POINT('',(0.124995222797,0.383655060053,0.308297330249
    ));
#7553 = CARTESIAN_POINT('',(0.125047524219,0.384297775773,0.30095105596)
  );
#7554 = ORIENTED_EDGE('',*,*,#7555,.T.);
#7555 = EDGE_CURVE('',#7547,#7556,#7558,.T.);
#7556 = VERTEX_POINT('',#7557);
#7557 = CARTESIAN_POINT('',(0.112563118908,0.385477564377,0.287466010503
    ));
#7558 = B_SPLINE_CURVE_WITH_KNOTS('',3,(#7559,#7560,#7561,#7562),
  .UNSPECIFIED.,.F.,.F.,(4,4),(28.,29.),.PIECEWISE_BEZIER_KNOTS.);
#7559 = CARTESIAN_POINT('',(0.125047524219,0.384297775773,0.30095105596)
  );
#7560 = CARTESIAN_POINT('',(0.125096749127,0.384902685194,0.294036909634
    ));
#7561 = CARTESIAN_POINT('',(0.119500616184,0.385435467836,0.287947176176
    ));
#7562 = CARTESIAN_POINT('',(0.112563118908,0.385477564377,0.287466010503
    ));
#7563 = ORIENTED_EDGE('',*,*,#7564,.T.);
#7564 = EDGE_CURVE('',#7556,#7565,#7567,.T.);
#7565 = VERTEX_POINT('',#7566);
#7566 = CARTESIAN_POINT('',(8.696979960051E-02,0.385493384622,
    0.287285184275));
#7567 = B_SPLINE_CURVE_WITH_KNOTS('',1,(#7568,#7569),.UNSPECIFIED.,.F.,
  .F.,(2,2),(-1.371565313087E-17,2.559396299045E-02),
  .PIECEWISE_BEZIER_KNOTS.);
#7568 = CARTESIAN_POINT('',(0.112563118908,0.385477564377,0.287466010503
    ));
#7569 = CARTESIAN_POINT('',(8.696979960051E-02,0.385493384622,
    0.287285184275));
#7570 = ORIENTED_EDGE('',*,*,#7571,.T.);
#7571 = EDGE_CURVE('',#7565,#7572,#7574,.T.);
#7572 = VERTEX_POINT('',#7573);
#7573 = CARTESIAN_POINT('',(4.735690407506E-02,0.383816475974,
    0.306452337831));
#7574 = B_SPLINE_CURVE_WITH_KNOTS('',3,(#7575,#7576,#7577,#7578),
  .UNSPECIFIED.,.F.,.F.,(4,4),(33.,34.),.PIECEWISE_BEZIER_KNOTS.);
#7575 = CARTESIAN_POINT('',(8.696979960051E-02,0.385493384622,
    0.287285184275));
#7576 = CARTESIAN_POINT('',(7.177808650025E-02,0.385389349181,
    0.288474314813));
#7577 = CARTESIAN_POINT('',(5.784773044329E-02,0.384793018794,
    0.29529040232));
#7578 = CARTESIAN_POINT('',(4.735690407506E-02,0.383816475974,
    0.306452337831));
#7579 = ORIENTED_EDGE('',*,*,#7580,.T.);
#7580 = EDGE_CURVE('',#7572,#7301,#7581,.T.);
#7581 = B_SPLINE_CURVE_WITH_KNOTS('',3,(#7582,#7583,#7584,#7585),
  .UNSPECIFIED.,.F.,.F.,(4,4),(34.,35.),.PIECEWISE_BEZIER_KNOTS.);
#7582 = CARTESIAN_POINT('',(4.735690407506E-02,0.383816475974,
    0.306452337831));
#7583 = CARTESIAN_POINT('',(3.686606115882E-02,0.382839933164,
    0.317614273224));
#7584 = CARTESIAN_POINT('',(3.112225325358E-02,0.381557984657,
    0.332267011713));
#7585 = CARTESIAN_POINT('',(3.101457366265E-02,0.380234744035,
    0.347391721225));
#7586 = FACE_BOUND('',#7587,.T.);
#7587 = EDGE_LOOP('',(#7588,#7602));
#7588 = ORIENTED_EDGE('',*,*,#7589,.F.);
#7589 = EDGE_CURVE('',#7590,#7592,#7594,.T.);
#7590 = VERTEX_POINT('',#7591);
#7591 = CARTESIAN_POINT('',(0.214521118428,0.385641395065,0.285593417179
    ));
#7592 = VERTEX_POINT('',#7593);
#7593 = CARTESIAN_POINT('',(0.214281146675,0.382692457669,0.31929992585)
  );
#7594 = B_SPLINE_CURVE_WITH_KNOTS('',3,(#7595,#7596,#7597,#7598,#7599,
    #7600,#7601),.UNSPECIFIED.,.F.,.F.,(4,3,4),(0.,1.,2.),
  .PIECEWISE_BEZIER_KNOTS.);
#7595 = CARTESIAN_POINT('',(0.214521118428,0.385641395065,0.285593417179
    ));
#7596 = CARTESIAN_POINT('',(0.204977848085,0.385647294138,0.285525990459
    ));
#7597 = CARTESIAN_POINT('',(0.197548117504,0.384971327616,0.293252323165
    ));
#7598 = CARTESIAN_POINT('',(0.197483509796,0.38417738382,0.302327142278)
  );
#7599 = CARTESIAN_POINT('',(0.197415825459,0.383345632284,0.31183410584)
  );
#7600 = CARTESIAN_POINT('',(0.205171654953,0.382698088607,0.319235563935
    ));
#7601 = CARTESIAN_POINT('',(0.214281146675,0.382692457669,0.31929992585)
  );
#7602 = ORIENTED_EDGE('',*,*,#7603,.F.);
#7603 = EDGE_CURVE('',#7592,#7590,#7604,.T.);
#7604 = B_SPLINE_CURVE_WITH_KNOTS('',3,(#7605,#7606,#7607,#7608,#7609,
    #7610),.UNSPECIFIED.,.F.,.F.,(4,2,4),(2.,3.,4.),.UNSPECIFIED.);
#7605 = CARTESIAN_POINT('',(0.214281146675,0.382692457669,0.31929992585)
  );
#7606 = CARTESIAN_POINT('',(0.223390638396,0.382686826731,0.319364287764
    ));
#7607 = CARTESIAN_POINT('',(0.231251070969,0.383324717377,0.312073164312
    ));
#7608 = CARTESIAN_POINT('',(0.231386439644,0.38498822045,0.293059237189)
  );
#7609 = CARTESIAN_POINT('',(0.22363061015,0.385635764127,0.285657779093)
  );
#7610 = CARTESIAN_POINT('',(0.214521118428,0.385641395065,0.285593417179
    ));
#7611 = B_SPLINE_SURFACE_WITH_KNOTS('',1,1,(
    (#7612,#7613)
    ,(#7614,#7615
    )),.UNSPECIFIED.,.F.,.F.,.F.,(2,2),(2,2),(-7.934349391049E-02,
    0.123566452645),(-1.211290650346E-02,0.264706681948),
  .PIECEWISE_BEZIER_KNOTS.);
#7612 = CARTESIAN_POINT('',(3.101457366265E-02,0.370240053404,
    0.461631557896));
#7613 = CARTESIAN_POINT('',(0.307834162114,0.370240053404,0.461631557896
    ));
#7614 = CARTESIAN_POINT('',(3.101457366265E-02,0.387924820507,
    0.259493744948));
#7615 = CARTESIAN_POINT('',(0.307834162114,0.387924820507,0.259493744948
    ));
#7616 = ADVANCED_FACE('',(#7617),#7631,.F.);
#7617 = FACE_BOUND('',#7618,.F.);
#7618 = EDGE_LOOP('',(#7619,#7624,#7625,#7630));
#7619 = ORIENTED_EDGE('',*,*,#7620,.F.);
#7620 = EDGE_CURVE('',#7301,#33,#7621,.T.);
#7621 = B_SPLINE_CURVE_WITH_KNOTS('',1,(#7622,#7623),.UNSPECIFIED.,.F.,
  .F.,(2,2),(-0.,1.E-03),.PIECEWISE_BEZIER_KNOTS.);
#7622 = CARTESIAN_POINT('',(3.101457366265E-02,0.380234744035,
    0.347391721225));
#7623 = CARTESIAN_POINT('',(3.101457366265E-02,0.379238549337,
    0.347304565482));
#7624 = ORIENTED_EDGE('',*,*,#7300,.T.);
#7625 = ORIENTED_EDGE('',*,*,#7626,.T.);
#7626 = EDGE_CURVE('',#7303,#22,#7627,.T.);
#7627 = B_SPLINE_CURVE_WITH_KNOTS('',1,(#7628,#7629),.UNSPECIFIED.,.F.,
  .F.,(2,2),(-0.,1.E-03),.PIECEWISE_BEZIER_KNOTS.);
#7628 = CARTESIAN_POINT('',(7.355627340028E-02,0.375255498883,
    0.404304753745));
#7629 = CARTESIAN_POINT('',(7.355627340028E-02,0.374259304185,
    0.404217598002));
#7630 = ORIENTED_EDGE('',*,*,#32,.F.);
#7631 = B_SPLINE_SURFACE_WITH_KNOTS('',3,1,(
    (#7632,#7633)
    ,(#7634,#7635)
    ,(#7636,#7637)
    ,(#7638,#7639
    )),.UNSPECIFIED.,.F.,.F.,.F.,(4,4),(2,2),(35.,36.),(0.,1.),
  .PIECEWISE_BEZIER_KNOTS.);
#7632 = CARTESIAN_POINT('',(3.101457366265E-02,0.380234744035,
    0.347391721225));
#7633 = CARTESIAN_POINT('',(3.101457366265E-02,0.379238549337,
    0.347304565482));
#7634 = CARTESIAN_POINT('',(3.12637588179E-02,0.377966064848,
    0.373322842994));
#7635 = CARTESIAN_POINT('',(3.12637588179E-02,0.37696987015,
    0.373235687251));
#7636 = CARTESIAN_POINT('',(4.888590593741E-02,0.375951306306,
    0.396351638508));
#7637 = CARTESIAN_POINT('',(4.888590593741E-02,0.374955111608,
    0.396264482765));
#7638 = CARTESIAN_POINT('',(7.355627340028E-02,0.375255498883,
    0.404304753745));
#7639 = CARTESIAN_POINT('',(7.355627340028E-02,0.374259304185,
    0.404217598002));
#7640 = ADVANCED_FACE('',(#7641),#7651,.F.);
#7641 = FACE_BOUND('',#7642,.F.);
#7642 = EDGE_LOOP('',(#7643,#7644,#7645,#7650));
#7643 = ORIENTED_EDGE('',*,*,#7626,.F.);
#7644 = ORIENTED_EDGE('',*,*,#7311,.T.);
#7645 = ORIENTED_EDGE('',*,*,#7646,.T.);
#7646 = EDGE_CURVE('',#7312,#24,#7647,.T.);
#7647 = B_SPLINE_CURVE_WITH_KNOTS('',1,(#7648,#7649),.UNSPECIFIED.,.F.,
  .F.,(2,2),(-0.,1.E-03),.PIECEWISE_BEZIER_KNOTS.);
#7648 = CARTESIAN_POINT('',(9.67376348259E-02,0.372254276174,
    0.438608886279));
#7649 = CARTESIAN_POINT('',(9.67376348259E-02,0.371258081476,
    0.438521730536));
#7650 = ORIENTED_EDGE('',*,*,#21,.F.);
#7651 = B_SPLINE_SURFACE_WITH_KNOTS('',3,1,(
    (#7652,#7653)
    ,(#7654,#7655)
    ,(#7656,#7657)
    ,(#7658,#7659
    )),.UNSPECIFIED.,.F.,.F.,.F.,(4,4),(2,2),(0.,1.),(0.,1.),
  .PIECEWISE_BEZIER_KNOTS.);
#7652 = CARTESIAN_POINT('',(7.355627340028E-02,0.375255498883,
    0.404304753745));
#7653 = CARTESIAN_POINT('',(7.355627340028E-02,0.374259304185,
    0.404217598002));
#7654 = CARTESIAN_POINT('',(7.823560764306E-02,0.374118343102,
    0.4173025038));
#7655 = CARTESIAN_POINT('',(7.823560764306E-02,0.373122148404,
    0.417215348057));
#7656 = CARTESIAN_POINT('',(8.639446673929E-02,0.373092462891,
    0.429028368272));
#7657 = CARTESIAN_POINT('',(8.639446673929E-02,0.372096268192,
    0.428941212529));
#7658 = CARTESIAN_POINT('',(9.67376348259E-02,0.372254276174,
    0.438608886279));
#7659 = CARTESIAN_POINT('',(9.67376348259E-02,0.371258081476,
    0.438521730536));
#7660 = ADVANCED_FACE('',(#7661),#7671,.F.);
#7661 = FACE_BOUND('',#7662,.F.);
#7662 = EDGE_LOOP('',(#7663,#7664,#7665,#7670));
#7663 = ORIENTED_EDGE('',*,*,#7646,.F.);
#7664 = ORIENTED_EDGE('',*,*,#7320,.T.);
#7665 = ORIENTED_EDGE('',*,*,#7666,.T.);
#7666 = EDGE_CURVE('',#7321,#293,#7667,.T.);
#7667 = B_SPLINE_CURVE_WITH_KNOTS('',1,(#7668,#7669),.UNSPECIFIED.,.F.,
  .F.,(2,2),(-0.,1.E-03),.PIECEWISE_BEZIER_KNOTS.);
#7668 = CARTESIAN_POINT('',(0.155572439906,0.370251851556,0.461496704398
    ));
#7669 = CARTESIAN_POINT('',(0.155572439906,0.369255656858,0.461409548655
    ));
#7670 = ORIENTED_EDGE('',*,*,#301,.F.);
#7671 = B_SPLINE_SURFACE_WITH_KNOTS('',3,1,(
    (#7672,#7673)
    ,(#7674,#7675)
    ,(#7676,#7677)
    ,(#7678,#7679
    )),.UNSPECIFIED.,.F.,.F.,.F.,(4,4),(2,2),(1.,2.),(0.,1.),
  .PIECEWISE_BEZIER_KNOTS.);
#7672 = CARTESIAN_POINT('',(9.67376348259E-02,0.372254276174,
    0.438608886279));
#7673 = CARTESIAN_POINT('',(9.67376348259E-02,0.371258081476,
    0.438521730536));
#7674 = CARTESIAN_POINT('',(0.113119944204,0.370996459873,0.452985792387
    ));
#7675 = CARTESIAN_POINT('',(0.113119944204,0.370000265175,0.452898636644
    ));
#7676 = CARTESIAN_POINT('',(0.133883177842,0.370265258548,0.461343461773
    ));
#7677 = CARTESIAN_POINT('',(0.133883177842,0.36926906385,0.46125630603)
  );
#7678 = CARTESIAN_POINT('',(0.155572439906,0.370251851556,0.461496704398
    ));
#7679 = CARTESIAN_POINT('',(0.155572439906,0.369255656858,0.461409548655
    ));
#7680 = ADVANCED_FACE('',(#7681),#7691,.F.);
#7681 = FACE_BOUND('',#7682,.F.);
#7682 = EDGE_LOOP('',(#7683,#7684,#7685,#7690));
#7683 = ORIENTED_EDGE('',*,*,#7666,.F.);
#7684 = ORIENTED_EDGE('',*,*,#7329,.T.);
#7685 = ORIENTED_EDGE('',*,*,#7686,.T.);
#7686 = EDGE_CURVE('',#7330,#284,#7687,.T.);
#7687 = B_SPLINE_CURVE_WITH_KNOTS('',1,(#7688,#7689),.UNSPECIFIED.,.F.,
  .F.,(2,2),(-0.,1.E-03),.PIECEWISE_BEZIER_KNOTS.);
#7688 = CARTESIAN_POINT('',(0.207746654692,0.371694142931,0.445011238544
    ));
#7689 = CARTESIAN_POINT('',(0.207746654692,0.370697948233,0.444924082802
    ));
#7690 = ORIENTED_EDGE('',*,*,#292,.F.);
#7691 = B_SPLINE_SURFACE_WITH_KNOTS('',3,1,(
    (#7692,#7693)
    ,(#7694,#7695)
    ,(#7696,#7697)
    ,(#7698,#7699
    )),.UNSPECIFIED.,.F.,.F.,.F.,(4,4),(2,2),(2.,3.),(0.,1.),
  .PIECEWISE_BEZIER_KNOTS.);
#7692 = CARTESIAN_POINT('',(0.155572439906,0.370251851556,0.461496704398
    ));
#7693 = CARTESIAN_POINT('',(0.155572439906,0.369255656858,0.461409548655
    ));
#7694 = CARTESIAN_POINT('',(0.174658988867,0.370240053404,0.461631557896
    ));
#7695 = CARTESIAN_POINT('',(0.174658988867,0.369243858706,0.461544402154
    ));
#7696 = CARTESIAN_POINT('',(0.19248725725,0.370758355908,0.455707333159)
  );
#7697 = CARTESIAN_POINT('',(0.19248725725,0.36976216121,0.455620177416)
  );
#7698 = CARTESIAN_POINT('',(0.207746654692,0.371694142931,0.445011238544
    ));
#7699 = CARTESIAN_POINT('',(0.207746654692,0.370697948233,0.444924082802
    ));
#7700 = ADVANCED_FACE('',(#7701),#7711,.F.);
#7701 = FACE_BOUND('',#7702,.F.);
#7702 = EDGE_LOOP('',(#7703,#7704,#7705,#7710));
#7703 = ORIENTED_EDGE('',*,*,#7686,.F.);
#7704 = ORIENTED_EDGE('',*,*,#7338,.T.);
#7705 = ORIENTED_EDGE('',*,*,#7706,.T.);
#7706 = EDGE_CURVE('',#7339,#275,#7707,.T.);
#7707 = B_SPLINE_CURVE_WITH_KNOTS('',1,(#7708,#7709),.UNSPECIFIED.,.F.,
  .F.,(2,2),(-0.,1.E-03),.PIECEWISE_BEZIER_KNOTS.);
#7708 = CARTESIAN_POINT('',(0.226968572285,0.37334584731,0.426132171102)
  );
#7709 = CARTESIAN_POINT('',(0.226968572285,0.372349652612,0.426045015359
    ));
#7710 = ORIENTED_EDGE('',*,*,#283,.F.);
#7711 = B_SPLINE_SURFACE_WITH_KNOTS('',3,1,(
    (#7712,#7713)
    ,(#7714,#7715)
    ,(#7716,#7717)
    ,(#7718,#7719
    )),.UNSPECIFIED.,.F.,.F.,.F.,(4,4),(2,2),(3.,4.),(0.,1.),
  .PIECEWISE_BEZIER_KNOTS.);
#7712 = CARTESIAN_POINT('',(0.207746654692,0.371694142931,0.445011238544
    ));
#7713 = CARTESIAN_POINT('',(0.207746654692,0.370697948233,0.444924082802
    ));
#7714 = CARTESIAN_POINT('',(0.215157925829,0.372143267159,0.439877725134
    ));
#7715 = CARTESIAN_POINT('',(0.215157925829,0.37114707246,0.439790569392)
  );
#7716 = CARTESIAN_POINT('',(0.221277065948,0.372706616325,0.433438614696
    ));
#7717 = CARTESIAN_POINT('',(0.221277065948,0.371710421627,0.433351458953
    ));
#7718 = CARTESIAN_POINT('',(0.226968572285,0.37334584731,0.426132171102)
  );
#7719 = CARTESIAN_POINT('',(0.226968572285,0.372349652612,0.426045015359
    ));
#7720 = ADVANCED_FACE('',(#7721),#7731,.F.);
#7721 = FACE_BOUND('',#7722,.F.);
#7722 = EDGE_LOOP('',(#7723,#7724,#7725,#7730));
#7723 = ORIENTED_EDGE('',*,*,#7706,.F.);
#7724 = ORIENTED_EDGE('',*,*,#7347,.T.);
#7725 = ORIENTED_EDGE('',*,*,#7726,.T.);
#7726 = EDGE_CURVE('',#7348,#266,#7727,.T.);
#7727 = B_SPLINE_CURVE_WITH_KNOTS('',1,(#7728,#7729),.UNSPECIFIED.,.F.,
  .F.,(2,2),(-0.,1.E-03),.PIECEWISE_BEZIER_KNOTS.);
#7728 = CARTESIAN_POINT('',(0.236939476411,0.373264066418,0.427066930977
    ));
#7729 = CARTESIAN_POINT('',(0.236939476411,0.37226787172,0.426979775234)
  );
#7730 = ORIENTED_EDGE('',*,*,#274,.F.);
#7731 = B_SPLINE_SURFACE_WITH_KNOTS('',3,1,(
    (#7732,#7733)
    ,(#7734,#7735)
    ,(#7736,#7737)
    ,(#7738,#7739
    )),.UNSPECIFIED.,.F.,.F.,.F.,(4,4),(2,2),(4.,5.),(0.,1.),
  .PIECEWISE_BEZIER_KNOTS.);
#7732 = CARTESIAN_POINT('',(0.226968572285,0.37334584731,0.426132171102)
  );
#7733 = CARTESIAN_POINT('',(0.226968572285,0.372349652612,0.426045015359
    ));
#7734 = CARTESIAN_POINT('',(0.230435774334,0.373305895174,0.426588826105
    ));
#7735 = CARTESIAN_POINT('',(0.230435774334,0.372309700476,0.426501670362
    ));
#7736 = CARTESIAN_POINT('',(0.233469197791,0.373266211535,0.42704241218)
  );
#7737 = CARTESIAN_POINT('',(0.233469197791,0.372270016837,0.426955256438
    ));
#7738 = CARTESIAN_POINT('',(0.236939476411,0.373264066418,0.427066930977
    ));
#7739 = CARTESIAN_POINT('',(0.236939476411,0.37226787172,0.426979775234)
  );
#7740 = ADVANCED_FACE('',(#7741),#7751,.F.);
#7741 = FACE_BOUND('',#7742,.F.);
#7742 = EDGE_LOOP('',(#7743,#7744,#7745,#7750));
#7743 = ORIENTED_EDGE('',*,*,#7726,.F.);
#7744 = ORIENTED_EDGE('',*,*,#7356,.T.);
#7745 = ORIENTED_EDGE('',*,*,#7746,.T.);
#7746 = EDGE_CURVE('',#7357,#257,#7747,.T.);
#7747 = B_SPLINE_CURVE_WITH_KNOTS('',1,(#7748,#7749),.UNSPECIFIED.,.F.,
  .F.,(2,2),(-0.,1.E-03),.PIECEWISE_BEZIER_KNOTS.);
#7748 = CARTESIAN_POINT('',(0.286972454032,0.375047960403,0.406676929432
    ));
#7749 = CARTESIAN_POINT('',(0.286972454032,0.374051765704,0.406589773689
    ));
#7750 = ORIENTED_EDGE('',*,*,#265,.F.);
#7751 = B_SPLINE_SURFACE_WITH_KNOTS('',3,1,(
    (#7752,#7753)
    ,(#7754,#7755)
    ,(#7756,#7757)
    ,(#7758,#7759
    )),.UNSPECIFIED.,.F.,.F.,.F.,(4,4),(2,2),(5.,6.),(0.,1.),
  .PIECEWISE_BEZIER_KNOTS.);
#7752 = CARTESIAN_POINT('',(0.236939476411,0.373264066418,0.427066930977
    ));
#7753 = CARTESIAN_POINT('',(0.236939476411,0.37226787172,0.426979775234)
  );
#7754 = CARTESIAN_POINT('',(0.255592242614,0.373252536404,0.42719871964)
  );
#7755 = CARTESIAN_POINT('',(0.255592242614,0.372256341706,0.427111563898
    ));
#7756 = CARTESIAN_POINT('',(0.273429736534,0.373884259473,0.419978091923
    ));
#7757 = CARTESIAN_POINT('',(0.273429736534,0.372888064775,0.41989093618)
  );
#7758 = CARTESIAN_POINT('',(0.286972454032,0.375047960403,0.406676929432
    ));
#7759 = CARTESIAN_POINT('',(0.286972454032,0.374051765704,0.406589773689
    ));
#7760 = ADVANCED_FACE('',(#7761),#7771,.F.);
#7761 = FACE_BOUND('',#7762,.F.);
#7762 = EDGE_LOOP('',(#7763,#7764,#7765,#7770));
#7763 = ORIENTED_EDGE('',*,*,#7746,.F.);
#7764 = ORIENTED_EDGE('',*,*,#7365,.T.);
#7765 = ORIENTED_EDGE('',*,*,#7766,.T.);
#7766 = EDGE_CURVE('',#7366,#248,#7767,.T.);
#7767 = B_SPLINE_CURVE_WITH_KNOTS('',1,(#7768,#7769),.UNSPECIFIED.,.F.,
  .F.,(2,2),(-0.,1.E-03),.PIECEWISE_BEZIER_KNOTS.);
#7768 = CARTESIAN_POINT('',(0.307711099725,0.379345341056,0.357557643799
    ));
#7769 = CARTESIAN_POINT('',(0.307711099725,0.378349146358,0.357470488056
    ));
#7770 = ORIENTED_EDGE('',*,*,#256,.F.);
#7771 = B_SPLINE_SURFACE_WITH_KNOTS('',3,1,(
    (#7772,#7773)
    ,(#7774,#7775)
    ,(#7776,#7777)
    ,(#7778,#7779
    )),.UNSPECIFIED.,.F.,.F.,.F.,(4,4),(2,2),(6.,7.),(0.,1.),
  .PIECEWISE_BEZIER_KNOTS.);
#7772 = CARTESIAN_POINT('',(0.286972454032,0.375047960403,0.406676929432
    ));
#7773 = CARTESIAN_POINT('',(0.286972454032,0.374051765704,0.406589773689
    ));
#7774 = CARTESIAN_POINT('',(0.30007831941,0.376174122086,0.393804842484)
  );
#7775 = CARTESIAN_POINT('',(0.30007831941,0.375177927388,0.393717686741)
  );
#7776 = CARTESIAN_POINT('',(0.307578807679,0.377719645724,0.376139426473
    ));
#7777 = CARTESIAN_POINT('',(0.307578807679,0.376723451026,0.37605227073)
  );
#7778 = CARTESIAN_POINT('',(0.307711099725,0.379345341056,0.357557643799
    ));
#7779 = CARTESIAN_POINT('',(0.307711099725,0.378349146358,0.357470488056
    ));
#7780 = ADVANCED_FACE('',(#7781),#7791,.F.);
#7781 = FACE_BOUND('',#7782,.F.);
#7782 = EDGE_LOOP('',(#7783,#7784,#7785,#7790));
#7783 = ORIENTED_EDGE('',*,*,#7766,.F.);
#7784 = ORIENTED_EDGE('',*,*,#7374,.T.);
#7785 = ORIENTED_EDGE('',*,*,#7786,.T.);
#7786 = EDGE_CURVE('',#7375,#239,#7787,.T.);
#7787 = B_SPLINE_CURVE_WITH_KNOTS('',1,(#7788,#7789),.UNSPECIFIED.,.F.,
  .F.,(2,2),(-0.,1.E-03),.PIECEWISE_BEZIER_KNOTS.);
#7788 = CARTESIAN_POINT('',(0.28982746536,0.383477551427,0.310326263126)
  );
#7789 = CARTESIAN_POINT('',(0.28982746536,0.382481356729,0.310239107383)
  );
#7790 = ORIENTED_EDGE('',*,*,#247,.F.);
#7791 = B_SPLINE_SURFACE_WITH_KNOTS('',3,1,(
    (#7792,#7793)
    ,(#7794,#7795)
    ,(#7796,#7797)
    ,(#7798,#7799
    )),.UNSPECIFIED.,.F.,.F.,.F.,(4,4),(2,2),(7.,8.),(0.,1.),
  .PIECEWISE_BEZIER_KNOTS.);
#7792 = CARTESIAN_POINT('',(0.307711099725,0.379345341056,0.357557643799
    ));
#7793 = CARTESIAN_POINT('',(0.307711099725,0.378349146358,0.357470488056
    ));
#7794 = CARTESIAN_POINT('',(0.307834162114,0.380857616052,0.3402722615)
  );
#7795 = CARTESIAN_POINT('',(0.307834162114,0.379861421354,0.340185105757
    ));
#7796 = CARTESIAN_POINT('',(0.301447369372,0.382336106847,0.323373034377
    ));
#7797 = CARTESIAN_POINT('',(0.301447369372,0.381339912149,0.323285878634
    ));
#7798 = CARTESIAN_POINT('',(0.28982746536,0.383477551427,0.310326263126)
  );
#7799 = CARTESIAN_POINT('',(0.28982746536,0.382481356729,0.310239107383)
  );
#7800 = ADVANCED_FACE('',(#7801),#7811,.F.);
#7801 = FACE_BOUND('',#7802,.F.);
#7802 = EDGE_LOOP('',(#7803,#7804,#7805,#7810));
#7803 = ORIENTED_EDGE('',*,*,#7786,.F.);
#7804 = ORIENTED_EDGE('',*,*,#7383,.T.);
#7805 = ORIENTED_EDGE('',*,*,#7806,.T.);
#7806 = EDGE_CURVE('',#7384,#230,#7807,.T.);
#7807 = B_SPLINE_CURVE_WITH_KNOTS('',1,(#7808,#7809),.UNSPECIFIED.,.F.,
  .F.,(2,2),(-0.,1.E-03),.PIECEWISE_BEZIER_KNOTS.);
#7808 = CARTESIAN_POINT('',(0.255272320902,0.385313732322,0.289338619464
    ));
#7809 = CARTESIAN_POINT('',(0.255272320902,0.384317537624,0.289251463721
    ));
#7810 = ORIENTED_EDGE('',*,*,#238,.F.);
#7811 = B_SPLINE_SURFACE_WITH_KNOTS('',3,1,(
    (#7812,#7813)
    ,(#7814,#7815)
    ,(#7816,#7817)
    ,(#7818,#7819
    )),.UNSPECIFIED.,.F.,.F.,.F.,(4,4),(2,2),(8.,9.),(0.,1.),
  .PIECEWISE_BEZIER_KNOTS.);
#7812 = CARTESIAN_POINT('',(0.28982746536,0.383477551427,0.310326263126)
  );
#7813 = CARTESIAN_POINT('',(0.28982746536,0.382481356729,0.310239107383)
  );
#7814 = CARTESIAN_POINT('',(0.28035802836,0.384390816078,0.299887600403)
  );
#7815 = CARTESIAN_POINT('',(0.28035802836,0.38339462138,0.299800444661)
  );
#7816 = CARTESIAN_POINT('',(0.268695048445,0.385002965277,0.292890703037
    ));
#7817 = CARTESIAN_POINT('',(0.268695048445,0.384006770579,0.292803547294
    ));
#7818 = CARTESIAN_POINT('',(0.255272320902,0.385313732322,0.289338619464
    ));
#7819 = CARTESIAN_POINT('',(0.255272320902,0.384317537624,0.289251463721
    ));
#7820 = ADVANCED_FACE('',(#7821),#7831,.F.);
#7821 = FACE_BOUND('',#7822,.F.);
#7822 = EDGE_LOOP('',(#7823,#7824,#7825,#7830));
#7823 = ORIENTED_EDGE('',*,*,#7806,.F.);
#7824 = ORIENTED_EDGE('',*,*,#7392,.T.);
#7825 = ORIENTED_EDGE('',*,*,#7826,.T.);
#7826 = EDGE_CURVE('',#7393,#221,#7827,.T.);
#7827 = B_SPLINE_CURVE_WITH_KNOTS('',1,(#7828,#7829),.UNSPECIFIED.,.F.,
  .F.,(2,2),(-0.,1.E-03),.PIECEWISE_BEZIER_KNOTS.);
#7828 = CARTESIAN_POINT('',(0.214271924882,0.387910072815,0.259662311836
    ));
#7829 = CARTESIAN_POINT('',(0.214271924882,0.386913878117,0.259575156093
    ));
#7830 = ORIENTED_EDGE('',*,*,#229,.F.);
#7831 = B_SPLINE_SURFACE_WITH_KNOTS('',3,1,(
    (#7832,#7833)
    ,(#7834,#7835)
    ,(#7836,#7837)
    ,(#7838,#7839
    )),.UNSPECIFIED.,.F.,.F.,.F.,(4,4),(2,2),(9.,10.),(0.,1.),
  .PIECEWISE_BEZIER_KNOTS.);
#7832 = CARTESIAN_POINT('',(0.255272320902,0.385313732322,0.289338619464
    ));
#7833 = CARTESIAN_POINT('',(0.255272320902,0.384317537624,0.289251463721
    ));
#7834 = CARTESIAN_POINT('',(0.249756174327,0.386829493136,0.272013394076
    ));
#7835 = CARTESIAN_POINT('',(0.249756174327,0.385833298438,0.271926238334
    ));
#7836 = CARTESIAN_POINT('',(0.233358482117,0.387898274657,0.259797165393
    ));
#7837 = CARTESIAN_POINT('',(0.233358482117,0.386902079959,0.25971000965)
  );
#7838 = CARTESIAN_POINT('',(0.214271924882,0.387910072815,0.259662311836
    ));
#7839 = CARTESIAN_POINT('',(0.214271924882,0.386913878117,0.259575156093
    ));
#7840 = ADVANCED_FACE('',(#7841),#7851,.F.);
#7841 = FACE_BOUND('',#7842,.F.);
#7842 = EDGE_LOOP('',(#7843,#7844,#7845,#7850));
#7843 = ORIENTED_EDGE('',*,*,#7826,.F.);
#7844 = ORIENTED_EDGE('',*,*,#7401,.T.);
#7845 = ORIENTED_EDGE('',*,*,#7846,.T.);
#7846 = EDGE_CURVE('',#7402,#212,#7847,.T.);
#7847 = B_SPLINE_CURVE_WITH_KNOTS('',1,(#7848,#7849),.UNSPECIFIED.,.F.,
  .F.,(2,2),(-0.,1.E-03),.PIECEWISE_BEZIER_KNOTS.);
#7848 = CARTESIAN_POINT('',(0.17058574478,0.38415619931,0.302569282333)
  );
#7849 = CARTESIAN_POINT('',(0.17058574478,0.383160004612,0.30248212659)
  );
#7850 = ORIENTED_EDGE('',*,*,#220,.F.);
#7851 = B_SPLINE_SURFACE_WITH_KNOTS('',3,1,(
    (#7852,#7853)
    ,(#7854,#7855)
    ,(#7856,#7857)
    ,(#7858,#7859
    )),.UNSPECIFIED.,.F.,.F.,.F.,(4,4),(2,2),(10.,11.),(0.,1.),
  .PIECEWISE_BEZIER_KNOTS.);
#7852 = CARTESIAN_POINT('',(0.214271924882,0.387910072815,0.259662311836
    ));
#7853 = CARTESIAN_POINT('',(0.214271924882,0.386913878117,0.259575156093
    ));
#7854 = CARTESIAN_POINT('',(0.190413736612,0.387924820507,0.259493744948
    ));
#7855 = CARTESIAN_POINT('',(0.190413736612,0.386928625808,0.259406589205
    ));
#7856 = CARTESIAN_POINT('',(0.170754955566,0.386235577429,0.278801881672
    ));
#7857 = CARTESIAN_POINT('',(0.170754955566,0.385239382731,0.278714725929
    ));
#7858 = CARTESIAN_POINT('',(0.17058574478,0.38415619931,0.302569282333)
  );
#7859 = CARTESIAN_POINT('',(0.17058574478,0.383160004612,0.30248212659)
  );
#7860 = ADVANCED_FACE('',(#7861),#7871,.F.);
#7861 = FACE_BOUND('',#7862,.T.);
#7862 = EDGE_LOOP('',(#7863,#7864,#7869,#7870));
#7863 = ORIENTED_EDGE('',*,*,#211,.T.);
#7864 = ORIENTED_EDGE('',*,*,#7865,.F.);
#7865 = EDGE_CURVE('',#7411,#205,#7866,.T.);
#7866 = B_SPLINE_CURVE_WITH_KNOTS('',1,(#7867,#7868),.UNSPECIFIED.,.F.,
  .F.,(2,2),(-0.,1.E-03),.PIECEWISE_BEZIER_KNOTS.);
#7867 = CARTESIAN_POINT('',(0.170554979182,0.383778130561,0.306890627908
    ));
#7868 = CARTESIAN_POINT('',(0.170554979182,0.382781935863,0.306803472165
    ));
#7869 = ORIENTED_EDGE('',*,*,#7410,.F.);
#7870 = ORIENTED_EDGE('',*,*,#7846,.T.);
#7871 = B_SPLINE_SURFACE_WITH_KNOTS('',1,1,(
    (#7872,#7873)
    ,(#7874,#7875
    )),.UNSPECIFIED.,.F.,.F.,.F.,(2,2),(2,2),(-4.321455084345E-03,
    8.715356744665E-05),(-1.374263709621E-03,0.),
  .PIECEWISE_BEZIER_KNOTS.);
#7872 = CARTESIAN_POINT('',(0.170554363426,0.382781935863,0.306890623557
    ));
#7873 = CARTESIAN_POINT('',(0.17055521287,0.38415619931,0.306890629559)
  );
#7874 = CARTESIAN_POINT('',(0.170585511092,0.382781935863,0.302482124939
    ));
#7875 = CARTESIAN_POINT('',(0.170586360536,0.38415619931,0.30248213094)
  );
#7876 = ADVANCED_FACE('',(#7877),#7887,.F.);
#7877 = FACE_BOUND('',#7878,.T.);
#7878 = EDGE_LOOP('',(#7879,#7880,#7885,#7886));
#7879 = ORIENTED_EDGE('',*,*,#204,.T.);
#7880 = ORIENTED_EDGE('',*,*,#7881,.F.);
#7881 = EDGE_CURVE('',#7420,#198,#7882,.T.);
#7882 = B_SPLINE_CURVE_WITH_KNOTS('',1,(#7883,#7884),.UNSPECIFIED.,.F.,
  .F.,(2,2),(-0.,1.E-03),.PIECEWISE_BEZIER_KNOTS.);
#7883 = CARTESIAN_POINT('',(0.109597379994,0.381017961542,0.338439504162
    ));
#7884 = CARTESIAN_POINT('',(0.109597379994,0.380021766844,0.338352348419
    ));
#7885 = ORIENTED_EDGE('',*,*,#7419,.F.);
#7886 = ORIENTED_EDGE('',*,*,#7865,.T.);
#7887 = B_SPLINE_SURFACE_WITH_KNOTS('',1,1,(
    (#7888,#7889)
    ,(#7890,#7891
    )),.UNSPECIFIED.,.F.,.F.,.F.,(2,2),(2,2),(-6.863756002629E-02,
    4.030172610443E-05),(-3.767648921534E-03,9.027361446944E-19),
  .PIECEWISE_BEZIER_KNOTS.);
#7888 = CARTESIAN_POINT('',(0.109561645824,0.380021766844,0.338370984358
    ));
#7889 = CARTESIAN_POINT('',(0.109696389102,0.383778130561,0.338629352832
    ));
#7890 = CARTESIAN_POINT('',(0.170455970074,0.380021766844,0.306613623495
    ));
#7891 = CARTESIAN_POINT('',(0.170590713352,0.383778130561,0.306871991968
    ));
#7892 = ADVANCED_FACE('',(#7893),#7903,.F.);
#7893 = FACE_BOUND('',#7894,.T.);
#7894 = EDGE_LOOP('',(#7895,#7896,#7901,#7902));
#7895 = ORIENTED_EDGE('',*,*,#197,.T.);
#7896 = ORIENTED_EDGE('',*,*,#7897,.F.);
#7897 = EDGE_CURVE('',#7427,#191,#7898,.T.);
#7898 = B_SPLINE_CURVE_WITH_KNOTS('',1,(#7899,#7900),.UNSPECIFIED.,.F.,
  .F.,(2,2),(-0.,1.E-03),.PIECEWISE_BEZIER_KNOTS.);
#7899 = CARTESIAN_POINT('',(0.122881658153,0.379005884408,0.361437651034
    ));
#7900 = CARTESIAN_POINT('',(0.122881658153,0.37800968971,0.361350495291)
  );
#7901 = ORIENTED_EDGE('',*,*,#7426,.F.);
#7902 = ORIENTED_EDGE('',*,*,#7881,.T.);
#7903 = B_SPLINE_SURFACE_WITH_KNOTS('',1,1,(
    (#7904,#7905)
    ,(#7906,#7907
    )),.UNSPECIFIED.,.F.,.F.,.F.,(2,2),(2,2),(-2.65589747841E-02,
    7.561342949485E-05),(-3.01111798452E-03,0.),
  .PIECEWISE_BEZIER_KNOTS.);
#7904 = CARTESIAN_POINT('',(0.122919262274,0.37800968971,0.361416094993)
  );
#7905 = CARTESIAN_POINT('',(0.122805706745,0.381017961542,0.361481189127
    ));
#7906 = CARTESIAN_POINT('',(0.109673331403,0.37800968971,0.338308810326)
  );
#7907 = CARTESIAN_POINT('',(0.109559775874,0.381017961542,0.33837390446)
  );
#7908 = ADVANCED_FACE('',(#7909),#7919,.F.);
#7909 = FACE_BOUND('',#7910,.T.);
#7910 = EDGE_LOOP('',(#7911,#7912,#7917,#7918));
#7911 = ORIENTED_EDGE('',*,*,#190,.T.);
#7912 = ORIENTED_EDGE('',*,*,#7913,.F.);
#7913 = EDGE_CURVE('',#7434,#182,#7914,.T.);
#7914 = B_SPLINE_CURVE_WITH_KNOTS('',1,(#7915,#7916),.UNSPECIFIED.,.F.,
  .F.,(2,2),(-0.,1.E-03),.PIECEWISE_BEZIER_KNOTS.);
#7915 = CARTESIAN_POINT('',(0.181224238012,0.381616434912,0.331598922235
    ));
#7916 = CARTESIAN_POINT('',(0.181224238012,0.380620240214,0.331511766492
    ));
#7917 = ORIENTED_EDGE('',*,*,#7433,.F.);
#7918 = ORIENTED_EDGE('',*,*,#7897,.T.);
#7919 = B_SPLINE_SURFACE_WITH_KNOTS('',1,1,(
    (#7920,#7921)
    ,(#7922,#7923
    )),.UNSPECIFIED.,.F.,.F.,.F.,(2,2),(2,2),(-6.556980576651E-02,0.),(
    -9.992026399377E-04,2.618432882902E-03),.PIECEWISE_BEZIER_KNOTS.);
#7920 = CARTESIAN_POINT('',(0.181131235019,0.37800968971,0.331331302446)
  );
#7921 = CARTESIAN_POINT('',(0.181259728261,0.381616434912,0.331580632168
    ));
#7922 = CARTESIAN_POINT('',(0.122846167904,0.37800968971,0.361368785358)
  );
#7923 = CARTESIAN_POINT('',(0.122974661146,0.381616434912,0.36161811508)
  );
#7924 = ADVANCED_FACE('',(#7925),#7935,.F.);
#7925 = FACE_BOUND('',#7926,.F.);
#7926 = EDGE_LOOP('',(#7927,#7928,#7929,#7934));
#7927 = ORIENTED_EDGE('',*,*,#7913,.F.);
#7928 = ORIENTED_EDGE('',*,*,#7440,.T.);
#7929 = ORIENTED_EDGE('',*,*,#7930,.T.);
#7930 = EDGE_CURVE('',#7441,#173,#7931,.T.);
#7931 = B_SPLINE_CURVE_WITH_KNOTS('',1,(#7932,#7933),.UNSPECIFIED.,.F.,
  .F.,(2,2),(-0.,1.E-03),.PIECEWISE_BEZIER_KNOTS.);
#7932 = CARTESIAN_POINT('',(0.213653528088,0.380310890821,0.346521359478
    ));
#7933 = CARTESIAN_POINT('',(0.213653528088,0.379314696123,0.346434203735
    ));
#7934 = ORIENTED_EDGE('',*,*,#181,.F.);
#7935 = B_SPLINE_SURFACE_WITH_KNOTS('',3,1,(
    (#7936,#7937)
    ,(#7938,#7939)
    ,(#7940,#7941)
    ,(#7942,#7943
    )),.UNSPECIFIED.,.F.,.F.,.F.,(4,4),(2,2),(15.,16.),(0.,1.),
  .PIECEWISE_BEZIER_KNOTS.);
#7936 = CARTESIAN_POINT('',(0.181224238012,0.381616434912,0.331598922235
    ));
#7937 = CARTESIAN_POINT('',(0.181224238012,0.380620240214,0.331511766492
    ));
#7938 = CARTESIAN_POINT('',(0.188967761279,0.38081766388,0.340728916912)
  );
#7939 = CARTESIAN_POINT('',(0.188967761279,0.379821469182,0.340641761169
    ));
#7940 = CARTESIAN_POINT('',(0.20063997085,0.380318935017,0.346429413903)
  );
#7941 = CARTESIAN_POINT('',(0.20063997085,0.379322740319,0.34634225816)
  );
#7942 = CARTESIAN_POINT('',(0.213653528088,0.380310890821,0.346521359478
    ));
#7943 = CARTESIAN_POINT('',(0.213653528088,0.379314696123,0.346434203735
    ));
#7944 = ADVANCED_FACE('',(#7945),#7955,.F.);
#7945 = FACE_BOUND('',#7946,.F.);
#7946 = EDGE_LOOP('',(#7947,#7948,#7949,#7954));
#7947 = ORIENTED_EDGE('',*,*,#7930,.F.);
#7948 = ORIENTED_EDGE('',*,*,#7449,.T.);
#7949 = ORIENTED_EDGE('',*,*,#7950,.T.);
#7950 = EDGE_CURVE('',#7450,#164,#7951,.T.);
#7951 = B_SPLINE_CURVE_WITH_KNOTS('',1,(#7952,#7953),.UNSPECIFIED.,.F.,
  .F.,(2,2),(-0.,1.E-03),.PIECEWISE_BEZIER_KNOTS.);
#7952 = CARTESIAN_POINT('',(0.254632392069,0.382780939564,0.31828857316)
  );
#7953 = CARTESIAN_POINT('',(0.254632392069,0.381784744866,0.318201417417
    ));
#7954 = ORIENTED_EDGE('',*,*,#172,.F.);
#7955 = B_SPLINE_SURFACE_WITH_KNOTS('',3,1,(
    (#7956,#7957)
    ,(#7958,#7959)
    ,(#7960,#7961)
    ,(#7962,#7963
    )),.UNSPECIFIED.,.F.,.F.,.F.,(4,4),(2,2),(16.,17.),(0.,1.),
  .PIECEWISE_BEZIER_KNOTS.);
#7956 = CARTESIAN_POINT('',(0.213653528088,0.380310890821,0.346521359478
    ));
#7957 = CARTESIAN_POINT('',(0.213653528088,0.379314696123,0.346434203735
    ));
#7958 = CARTESIAN_POINT('',(0.232306298428,0.380299360805,0.346653148171
    ));
#7959 = CARTESIAN_POINT('',(0.232306298428,0.379303166107,0.346565992428
    ));
#7960 = CARTESIAN_POINT('',(0.24844249104,0.381348031842,0.334666783366)
  );
#7961 = CARTESIAN_POINT('',(0.24844249104,0.380351837144,0.334579627623)
  );
#7962 = CARTESIAN_POINT('',(0.254632392069,0.382780939564,0.31828857316)
  );
#7963 = CARTESIAN_POINT('',(0.254632392069,0.381784744866,0.318201417417
    ));
#7964 = ADVANCED_FACE('',(#7965),#7975,.F.);
#7965 = FACE_BOUND('',#7966,.F.);
#7966 = EDGE_LOOP('',(#7967,#7968,#7969,#7974));
#7967 = ORIENTED_EDGE('',*,*,#7950,.F.);
#7968 = ORIENTED_EDGE('',*,*,#7458,.T.);
#7969 = ORIENTED_EDGE('',*,*,#7970,.T.);
#7970 = EDGE_CURVE('',#7459,#155,#7971,.T.);
#7971 = B_SPLINE_CURVE_WITH_KNOTS('',1,(#7972,#7973),.UNSPECIFIED.,.F.,
  .F.,(2,2),(-0.,1.E-03),.PIECEWISE_BEZIER_KNOTS.);
#7972 = CARTESIAN_POINT('',(0.280376463026,0.379286618394,0.358228846894
    ));
#7973 = CARTESIAN_POINT('',(0.280376463026,0.378290423696,0.358141691152
    ));
#7974 = ORIENTED_EDGE('',*,*,#163,.F.);
#7975 = B_SPLINE_SURFACE_WITH_KNOTS('',3,1,(
    (#7976,#7977)
    ,(#7978,#7979)
    ,(#7980,#7981)
    ,(#7982,#7983
    )),.UNSPECIFIED.,.F.,.F.,.F.,(4,4),(2,2),(17.,18.),(0.,1.),
  .PIECEWISE_BEZIER_KNOTS.);
#7976 = CARTESIAN_POINT('',(0.254632392069,0.382780939564,0.31828857316)
  );
#7977 = CARTESIAN_POINT('',(0.254632392069,0.381784744866,0.318201417417
    ));
#7978 = CARTESIAN_POINT('',(0.269765650546,0.382166644527,0.325309997565
    ));
#7979 = CARTESIAN_POINT('',(0.269765650546,0.381170449829,0.325222841822
    ));
#7980 = CARTESIAN_POINT('',(0.280502601987,0.380836700409,0.340511328389
    ));
#7981 = CARTESIAN_POINT('',(0.280502601987,0.379840505711,0.340424172647
    ));
#7982 = CARTESIAN_POINT('',(0.280376463026,0.379286618394,0.358228846894
    ));
#7983 = CARTESIAN_POINT('',(0.280376463026,0.378290423696,0.358141691152
    ));
#7984 = ADVANCED_FACE('',(#7985),#7995,.F.);
#7985 = FACE_BOUND('',#7986,.F.);
#7986 = EDGE_LOOP('',(#7987,#7988,#7989,#7994));
#7987 = ORIENTED_EDGE('',*,*,#7970,.F.);
#7988 = ORIENTED_EDGE('',*,*,#7467,.T.);
#7989 = ORIENTED_EDGE('',*,*,#7990,.T.);
#7990 = EDGE_CURVE('',#7468,#146,#7991,.T.);
#7991 = B_SPLINE_CURVE_WITH_KNOTS('',1,(#7992,#7993),.UNSPECIFIED.,.F.,
  .F.,(2,2),(-0.,1.E-03),.PIECEWISE_BEZIER_KNOTS.);
#7992 = CARTESIAN_POINT('',(0.236690282924,0.375532744889,0.401135817391
    ));
#7993 = CARTESIAN_POINT('',(0.236690282924,0.374536550191,0.401048661649
    ));
#7994 = ORIENTED_EDGE('',*,*,#154,.F.);
#7995 = B_SPLINE_SURFACE_WITH_KNOTS('',3,1,(
    (#7996,#7997)
    ,(#7998,#7999)
    ,(#8000,#8001)
    ,(#8002,#8003
    )),.UNSPECIFIED.,.F.,.F.,.F.,(4,4),(2,2),(18.,19.),(0.,1.),
  .PIECEWISE_BEZIER_KNOTS.);
#7996 = CARTESIAN_POINT('',(0.280376463026,0.379286618394,0.358228846894
    ));
#7997 = CARTESIAN_POINT('',(0.280376463026,0.378290423696,0.358141691152
    ));
#7998 = CARTESIAN_POINT('',(0.28020725224,0.377207240275,0.381996247555)
  );
#7999 = CARTESIAN_POINT('',(0.28020725224,0.376211045577,0.381909091813)
  );
#8000 = CARTESIAN_POINT('',(0.260548471194,0.375517997198,0.401304384279
    ));
#8001 = CARTESIAN_POINT('',(0.260548471194,0.3745218025,0.401217228536)
  );
#8002 = CARTESIAN_POINT('',(0.236690282924,0.375532744889,0.401135817391
    ));
#8003 = CARTESIAN_POINT('',(0.236690282924,0.374536550191,0.401048661649
    ));
#8004 = ADVANCED_FACE('',(#8005),#8015,.F.);
#8005 = FACE_BOUND('',#8006,.F.);
#8006 = EDGE_LOOP('',(#8007,#8008,#8009,#8014));
#8007 = ORIENTED_EDGE('',*,*,#7990,.F.);
#8008 = ORIENTED_EDGE('',*,*,#7476,.T.);
#8009 = ORIENTED_EDGE('',*,*,#8010,.T.);
#8010 = EDGE_CURVE('',#7477,#137,#8011,.T.);
#8011 = B_SPLINE_CURVE_WITH_KNOTS('',1,(#8012,#8013),.UNSPECIFIED.,.F.,
  .F.,(2,2),(-0.,1.E-03),.PIECEWISE_BEZIER_KNOTS.);
#8012 = CARTESIAN_POINT('',(0.213745816842,0.376114059423,0.39449136187)
  );
#8013 = CARTESIAN_POINT('',(0.213745816842,0.375117864725,0.394404206127
    ));
#8014 = ORIENTED_EDGE('',*,*,#145,.F.);
#8015 = B_SPLINE_SURFACE_WITH_KNOTS('',3,1,(
    (#8016,#8017)
    ,(#8018,#8019)
    ,(#8020,#8021)
    ,(#8022,#8023
    )),.UNSPECIFIED.,.F.,.F.,.F.,(4,4),(2,2),(19.,20.),(0.,1.),
  .PIECEWISE_BEZIER_KNOTS.);
#8016 = CARTESIAN_POINT('',(0.236690282924,0.375532744889,0.401135817391
    ));
#8017 = CARTESIAN_POINT('',(0.236690282924,0.374536550191,0.401048661649
    ));
#8018 = CARTESIAN_POINT('',(0.228448364994,0.375537839546,0.401077585205
    ));
#8019 = CARTESIAN_POINT('',(0.228448364994,0.374541644847,0.400990429463
    ));
#8020 = CARTESIAN_POINT('',(0.220224906435,0.375769775595,0.398426544026
    ));
#8021 = CARTESIAN_POINT('',(0.220224906435,0.374773580897,0.398339388284
    ));
#8022 = CARTESIAN_POINT('',(0.213745816842,0.376114059423,0.39449136187)
  );
#8023 = CARTESIAN_POINT('',(0.213745816842,0.375117864725,0.394404206127
    ));
#8024 = ADVANCED_FACE('',(#8025),#8035,.F.);
#8025 = FACE_BOUND('',#8026,.F.);
#8026 = EDGE_LOOP('',(#8027,#8028,#8029,#8034));
#8027 = ORIENTED_EDGE('',*,*,#8010,.F.);
#8028 = ORIENTED_EDGE('',*,*,#7485,.T.);
#8029 = ORIENTED_EDGE('',*,*,#8030,.T.);
#8030 = EDGE_CURVE('',#7486,#128,#8031,.T.);
#8031 = B_SPLINE_CURVE_WITH_KNOTS('',1,(#8032,#8033),.UNSPECIFIED.,.F.,
  .F.,(2,2),(-0.,1.E-03),.PIECEWISE_BEZIER_KNOTS.);
#8032 = CARTESIAN_POINT('',(0.155323254868,0.372520532186,0.435565566144
    ));
#8033 = CARTESIAN_POINT('',(0.155323254868,0.371524337487,0.435478410401
    ));
#8034 = ORIENTED_EDGE('',*,*,#136,.F.);
#8035 = B_SPLINE_SURFACE_WITH_KNOTS('',3,1,(
    (#8036,#8037)
    ,(#8038,#8039)
    ,(#8040,#8041)
    ,(#8042,#8043
    )),.UNSPECIFIED.,.F.,.F.,.F.,(4,4),(2,2),(20.,21.),(0.,1.),
  .PIECEWISE_BEZIER_KNOTS.);
#8036 = CARTESIAN_POINT('',(0.213745816842,0.376114059423,0.39449136187)
  );
#8037 = CARTESIAN_POINT('',(0.213745816842,0.375117864725,0.394404206127
    ));
#8038 = CARTESIAN_POINT('',(0.205331620005,0.374001971099,0.418632641883
    ));
#8039 = CARTESIAN_POINT('',(0.205331620005,0.373005776401,0.41854548614)
  );
#8040 = CARTESIAN_POINT('',(0.182651721759,0.372503639377,0.435758651828
    ));
#8041 = CARTESIAN_POINT('',(0.182651721759,0.371507444679,0.435671496085
    ));
#8042 = CARTESIAN_POINT('',(0.155323254868,0.372520532186,0.435565566144
    ));
#8043 = CARTESIAN_POINT('',(0.155323254868,0.371524337487,0.435478410401
    ));
#8044 = ADVANCED_FACE('',(#8045),#8055,.F.);
#8045 = FACE_BOUND('',#8046,.F.);
#8046 = EDGE_LOOP('',(#8047,#8048,#8049,#8054));
#8047 = ORIENTED_EDGE('',*,*,#8030,.F.);
#8048 = ORIENTED_EDGE('',*,*,#7494,.T.);
#8049 = ORIENTED_EDGE('',*,*,#8050,.T.);
#8050 = EDGE_CURVE('',#7495,#119,#8051,.T.);
#8051 = B_SPLINE_CURVE_WITH_KNOTS('',1,(#8052,#8053),.UNSPECIFIED.,.F.,
  .F.,(2,2),(-0.,1.E-03),.PIECEWISE_BEZIER_KNOTS.);
#8052 = CARTESIAN_POINT('',(9.497789105632E-02,0.377283931127,
    0.381119667109));
#8053 = CARTESIAN_POINT('',(9.497789105632E-02,0.376287736428,
    0.381032511367));
#8054 = ORIENTED_EDGE('',*,*,#127,.F.);
#8055 = B_SPLINE_SURFACE_WITH_KNOTS('',3,1,(
    (#8056,#8057)
    ,(#8058,#8059)
    ,(#8060,#8061)
    ,(#8062,#8063
    )),.UNSPECIFIED.,.F.,.F.,.F.,(4,4),(2,2),(21.,22.),(0.,1.),
  .PIECEWISE_BEZIER_KNOTS.);
#8056 = CARTESIAN_POINT('',(0.155323254868,0.372520532186,0.435565566144
    ));
#8057 = CARTESIAN_POINT('',(0.155323254868,0.371524337487,0.435478410401
    ));
#8058 = CARTESIAN_POINT('',(0.124090714186,0.372539838257,0.43534489674)
  );
#8059 = CARTESIAN_POINT('',(0.124090714186,0.371543643559,0.435257740997
    ));
#8060 = CARTESIAN_POINT('',(9.823281049523E-02,0.374635304767,
    0.411393604929));
#8061 = CARTESIAN_POINT('',(9.823281049523E-02,0.373639110069,
    0.411306449186));
#8062 = CARTESIAN_POINT('',(9.497789105632E-02,0.377283931127,
    0.381119667109));
#8063 = CARTESIAN_POINT('',(9.497789105632E-02,0.376287736428,
    0.381032511367));
#8064 = ADVANCED_FACE('',(#8065),#8075,.F.);
#8065 = FACE_BOUND('',#8066,.T.);
#8066 = EDGE_LOOP('',(#8067,#8068,#8073,#8074));
#8067 = ORIENTED_EDGE('',*,*,#118,.T.);
#8068 = ORIENTED_EDGE('',*,*,#8069,.F.);
#8069 = EDGE_CURVE('',#7504,#110,#8070,.T.);
#8070 = B_SPLINE_CURVE_WITH_KNOTS('',1,(#8071,#8072),.UNSPECIFIED.,.F.,
  .F.,(2,2),(-0.,1.E-03),.PIECEWISE_BEZIER_KNOTS.);
#8071 = CARTESIAN_POINT('',(9.150761243555E-02,0.377286076243,
    0.381095148313));
#8072 = CARTESIAN_POINT('',(9.150761243555E-02,0.376289881545,
    0.38100799257));
#8073 = ORIENTED_EDGE('',*,*,#7503,.F.);
#8074 = ORIENTED_EDGE('',*,*,#8050,.T.);
#8075 = B_SPLINE_SURFACE_WITH_KNOTS('',1,1,(
    (#8076,#8077)
    ,(#8078,#8079)),.UNSPECIFIED.,.F.,.F.,.F.,(2,2),(2,2),(0.,1.E-03),(
    -3.470365899832E-03,1.810100570585E-22),.PIECEWISE_BEZIER_KNOTS.);
#8076 = CARTESIAN_POINT('',(9.150761243555E-02,0.377286076243,
    0.381095148313));
#8077 = CARTESIAN_POINT('',(9.497789105632E-02,0.377283931127,
    0.381119667109));
#8078 = CARTESIAN_POINT('',(9.150761243555E-02,0.376289881545,
    0.38100799257));
#8079 = CARTESIAN_POINT('',(9.497789105632E-02,0.376287736428,
    0.381032511367));
#8080 = ADVANCED_FACE('',(#8081),#8091,.F.);
#8081 = FACE_BOUND('',#8082,.F.);
#8082 = EDGE_LOOP('',(#8083,#8084,#8085,#8090));
#8083 = ORIENTED_EDGE('',*,*,#8069,.F.);
#8084 = ORIENTED_EDGE('',*,*,#7512,.T.);
#8085 = ORIENTED_EDGE('',*,*,#8086,.T.);
#8086 = EDGE_CURVE('',#7513,#101,#8087,.T.);
#8087 = B_SPLINE_CURVE_WITH_KNOTS('',1,(#8088,#8089),.UNSPECIFIED.,.F.,
  .F.,(2,2),(-0.,1.E-03),.PIECEWISE_BEZIER_KNOTS.);
#8088 = CARTESIAN_POINT('',(5.791233856167E-02,0.380255927103,
    0.347149597655));
#8089 = CARTESIAN_POINT('',(5.791233856167E-02,0.379259732405,
    0.347062441912));
#8090 = ORIENTED_EDGE('',*,*,#109,.F.);
#8091 = B_SPLINE_SURFACE_WITH_KNOTS('',3,1,(
    (#8092,#8093)
    ,(#8094,#8095)
    ,(#8096,#8097)
    ,(#8098,#8099
    )),.UNSPECIFIED.,.F.,.F.,.F.,(4,4),(2,2),(23.,24.),(0.,1.),
  .PIECEWISE_BEZIER_KNOTS.);
#8092 = CARTESIAN_POINT('',(9.150761243555E-02,0.377286076243,
    0.381095148313));
#8093 = CARTESIAN_POINT('',(9.150761243555E-02,0.376289881545,
    0.38100799257));
#8094 = CARTESIAN_POINT('',(7.285485037006E-02,0.377297606255,
    0.380963359678));
#8095 = CARTESIAN_POINT('',(7.285485037006E-02,0.376301411557,
    0.380876203936));
#8096 = CARTESIAN_POINT('',(5.778004651628E-02,0.378630231771,
    0.365731380329));
#8097 = CARTESIAN_POINT('',(5.778004651628E-02,0.377634037073,
    0.365644224587));
#8098 = CARTESIAN_POINT('',(5.791233856167E-02,0.380255927103,
    0.347149597655));
#8099 = CARTESIAN_POINT('',(5.791233856167E-02,0.379259732405,
    0.347062441912));
#8100 = ADVANCED_FACE('',(#8101),#8111,.F.);
#8101 = FACE_BOUND('',#8102,.F.);
#8102 = EDGE_LOOP('',(#8103,#8104,#8105,#8110));
#8103 = ORIENTED_EDGE('',*,*,#8086,.F.);
#8104 = ORIENTED_EDGE('',*,*,#7521,.T.);
#8105 = ORIENTED_EDGE('',*,*,#8106,.T.);
#8106 = EDGE_CURVE('',#7522,#94,#8107,.T.);
#8107 = B_SPLINE_CURVE_WITH_KNOTS('',1,(#8108,#8109),.UNSPECIFIED.,.F.,
  .F.,(2,2),(-0.,1.E-03),.PIECEWISE_BEZIER_KNOTS.);
#8108 = CARTESIAN_POINT('',(8.938485087953E-02,0.383185556985,
    0.313663774873));
#8109 = CARTESIAN_POINT('',(8.938485087953E-02,0.382189362287,
    0.31357661913));
#8110 = ORIENTED_EDGE('',*,*,#100,.F.);
#8111 = B_SPLINE_SURFACE_WITH_KNOTS('',3,1,(
    (#8112,#8113)
    ,(#8114,#8115)
    ,(#8116,#8117)
    ,(#8118,#8119
    )),.UNSPECIFIED.,.F.,.F.,.F.,(4,4),(2,2),(24.,25.),(0.,1.),
  .PIECEWISE_BEZIER_KNOTS.);
#8112 = CARTESIAN_POINT('',(5.791233856167E-02,0.380255927103,
    0.347149597655));
#8113 = CARTESIAN_POINT('',(5.791233856167E-02,0.379259732405,
    0.347062441912));
#8114 = CARTESIAN_POINT('',(5.803847752279E-02,0.381806009118,
    0.32943207915));
#8115 = CARTESIAN_POINT('',(5.803847752279E-02,0.38080981442,
    0.329344923407));
#8116 = CARTESIAN_POINT('',(7.159041640299E-02,0.383083130389,
    0.314834516225));
#8117 = CARTESIAN_POINT('',(7.159041640299E-02,0.382086935691,
    0.314747360483));
#8118 = CARTESIAN_POINT('',(8.938485087953E-02,0.383185556985,
    0.313663774873));
#8119 = CARTESIAN_POINT('',(8.938485087953E-02,0.382189362287,
    0.31357661913));
#8120 = ADVANCED_FACE('',(#8121),#8131,.F.);
#8121 = FACE_BOUND('',#8122,.T.);
#8122 = EDGE_LOOP('',(#8123,#8124,#8129,#8130));
#8123 = ORIENTED_EDGE('',*,*,#93,.T.);
#8124 = ORIENTED_EDGE('',*,*,#8125,.F.);
#8125 = EDGE_CURVE('',#7531,#85,#8126,.T.);
#8126 = B_SPLINE_CURVE_WITH_KNOTS('',1,(#8127,#8128),.UNSPECIFIED.,.F.,
  .F.,(2,2),(-0.,1.E-03),.PIECEWISE_BEZIER_KNOTS.);
#8127 = CARTESIAN_POINT('',(0.108905186737,0.383173490692,0.313801693235
    ));
#8128 = CARTESIAN_POINT('',(0.108905186737,0.382177295994,0.313714537492
    ));
#8129 = ORIENTED_EDGE('',*,*,#7530,.F.);
#8130 = ORIENTED_EDGE('',*,*,#8106,.T.);
#8131 = B_SPLINE_SURFACE_WITH_KNOTS('',1,1,(
    (#8132,#8133)
    ,(#8134,#8135
    )),.UNSPECIFIED.,.F.,.F.,.F.,(2,2),(2,2),(-1.E-03,3.864082427451E-17
    ),(1.387743878403E-17,1.952082680275E-02),.PIECEWISE_BEZIER_KNOTS.);
#8132 = CARTESIAN_POINT('',(8.938485087953E-02,0.382189362287,
    0.31357661913));
#8133 = CARTESIAN_POINT('',(0.108905186737,0.382177295994,0.313714537492
    ));
#8134 = CARTESIAN_POINT('',(8.938485087953E-02,0.383185556985,
    0.313663774873));
#8135 = CARTESIAN_POINT('',(0.108905186737,0.383173490692,0.313801693235
    ));
#8136 = ADVANCED_FACE('',(#8137),#8147,.F.);
#8137 = FACE_BOUND('',#8138,.F.);
#8138 = EDGE_LOOP('',(#8139,#8140,#8141,#8146));
#8139 = ORIENTED_EDGE('',*,*,#8125,.F.);
#8140 = ORIENTED_EDGE('',*,*,#7537,.T.);
#8141 = ORIENTED_EDGE('',*,*,#8142,.T.);
#8142 = EDGE_CURVE('',#7538,#76,#8143,.T.);
#8143 = B_SPLINE_CURVE_WITH_KNOTS('',1,(#8144,#8145),.UNSPECIFIED.,.F.,
  .F.,(2,2),(-0.,1.E-03),.PIECEWISE_BEZIER_KNOTS.);
#8144 = CARTESIAN_POINT('',(0.111504815053,0.383134075559,0.314252210267
    ));
#8145 = CARTESIAN_POINT('',(0.111504815053,0.382137880861,0.314165054524
    ));
#8146 = ORIENTED_EDGE('',*,*,#84,.F.);
#8147 = B_SPLINE_SURFACE_WITH_KNOTS('',3,1,(
    (#8148,#8149)
    ,(#8150,#8151)
    ,(#8152,#8153)
    ,(#8154,#8155
    )),.UNSPECIFIED.,.F.,.F.,.F.,(4,4),(2,2),(26.,27.),(0.,1.),
  .PIECEWISE_BEZIER_KNOTS.);
#8148 = CARTESIAN_POINT('',(0.108905186737,0.383173490692,0.313801693235
    ));
#8149 = CARTESIAN_POINT('',(0.108905186737,0.382177295994,0.313714537492
    ));
#8150 = CARTESIAN_POINT('',(0.109772760529,0.38317295441,0.313807822964)
  );
#8151 = CARTESIAN_POINT('',(0.109772760529,0.382176759712,0.313720667221
    ));
#8152 = CARTESIAN_POINT('',(0.110637257808,0.383134611831,0.314246080656
    ));
#8153 = CARTESIAN_POINT('',(0.110637257808,0.382138417132,0.314158924913
    ));
#8154 = CARTESIAN_POINT('',(0.111504815053,0.383134075559,0.314252210267
    ));
#8155 = CARTESIAN_POINT('',(0.111504815053,0.382137880861,0.314165054524
    ));
#8156 = ADVANCED_FACE('',(#8157),#8167,.F.);
#8157 = FACE_BOUND('',#8158,.F.);
#8158 = EDGE_LOOP('',(#8159,#8160,#8161,#8166));
#8159 = ORIENTED_EDGE('',*,*,#8142,.F.);
#8160 = ORIENTED_EDGE('',*,*,#7546,.T.);
#8161 = ORIENTED_EDGE('',*,*,#8162,.T.);
#8162 = EDGE_CURVE('',#7547,#67,#8163,.T.);
#8163 = B_SPLINE_CURVE_WITH_KNOTS('',1,(#8164,#8165),.UNSPECIFIED.,.F.,
  .F.,(2,2),(-0.,1.E-03),.PIECEWISE_BEZIER_KNOTS.);
#8164 = CARTESIAN_POINT('',(0.125047524219,0.384297775773,0.30095105596)
  );
#8165 = CARTESIAN_POINT('',(0.125047524219,0.383301581075,0.300863900217
    ));
#8166 = ORIENTED_EDGE('',*,*,#75,.F.);
#8167 = B_SPLINE_SURFACE_WITH_KNOTS('',3,1,(
    (#8168,#8169)
    ,(#8170,#8171)
    ,(#8172,#8173)
    ,(#8174,#8175
    )),.UNSPECIFIED.,.F.,.F.,.F.,(4,4),(2,2),(27.,28.),(0.,1.),
  .PIECEWISE_BEZIER_KNOTS.);
#8168 = CARTESIAN_POINT('',(0.111504815053,0.383134075559,0.314252210267
    ));
#8169 = CARTESIAN_POINT('',(0.111504815053,0.382137880861,0.314165054524
    ));
#8170 = CARTESIAN_POINT('',(0.118879167464,0.38312951718,0.314304312783)
  );
#8171 = CARTESIAN_POINT('',(0.118879167464,0.382133322481,0.31421715704)
  );
#8172 = CARTESIAN_POINT('',(0.124995222797,0.383655060053,0.308297330249
    ));
#8173 = CARTESIAN_POINT('',(0.124995222797,0.382658865355,0.308210174507
    ));
#8174 = CARTESIAN_POINT('',(0.125047524219,0.384297775773,0.30095105596)
  );
#8175 = CARTESIAN_POINT('',(0.125047524219,0.383301581075,0.300863900217
    ));
#8176 = ADVANCED_FACE('',(#8177),#8187,.F.);
#8177 = FACE_BOUND('',#8178,.F.);
#8178 = EDGE_LOOP('',(#8179,#8180,#8181,#8186));
#8179 = ORIENTED_EDGE('',*,*,#8162,.F.);
#8180 = ORIENTED_EDGE('',*,*,#7555,.T.);
#8181 = ORIENTED_EDGE('',*,*,#8182,.T.);
#8182 = EDGE_CURVE('',#7556,#60,#8183,.T.);
#8183 = B_SPLINE_CURVE_WITH_KNOTS('',1,(#8184,#8185),.UNSPECIFIED.,.F.,
  .F.,(2,2),(-0.,1.E-03),.PIECEWISE_BEZIER_KNOTS.);
#8184 = CARTESIAN_POINT('',(0.112563118908,0.385477564377,0.287466010503
    ));
#8185 = CARTESIAN_POINT('',(0.112563118908,0.384481369679,0.28737885476)
  );
#8186 = ORIENTED_EDGE('',*,*,#66,.F.);
#8187 = B_SPLINE_SURFACE_WITH_KNOTS('',3,1,(
    (#8188,#8189)
    ,(#8190,#8191)
    ,(#8192,#8193)
    ,(#8194,#8195
    )),.UNSPECIFIED.,.F.,.F.,.F.,(4,4),(2,2),(28.,29.),(0.,1.),
  .PIECEWISE_BEZIER_KNOTS.);
#8188 = CARTESIAN_POINT('',(0.125047524219,0.384297775773,0.30095105596)
  );
#8189 = CARTESIAN_POINT('',(0.125047524219,0.383301581075,0.300863900217
    ));
#8190 = CARTESIAN_POINT('',(0.125096749127,0.384902685194,0.294036909634
    ));
#8191 = CARTESIAN_POINT('',(0.125096749127,0.383906490496,0.293949753892
    ));
#8192 = CARTESIAN_POINT('',(0.119500616184,0.385435467836,0.287947176176
    ));
#8193 = CARTESIAN_POINT('',(0.119500616184,0.384439273138,0.287860020434
    ));
#8194 = CARTESIAN_POINT('',(0.112563118908,0.385477564377,0.287466010503
    ));
#8195 = CARTESIAN_POINT('',(0.112563118908,0.384481369679,0.28737885476)
  );
#8196 = ADVANCED_FACE('',(#8197),#8207,.F.);
#8197 = FACE_BOUND('',#8198,.T.);
#8198 = EDGE_LOOP('',(#8199,#8200,#8205,#8206));
#8199 = ORIENTED_EDGE('',*,*,#59,.T.);
#8200 = ORIENTED_EDGE('',*,*,#8201,.F.);
#8201 = EDGE_CURVE('',#7565,#51,#8202,.T.);
#8202 = B_SPLINE_CURVE_WITH_KNOTS('',1,(#8203,#8204),.UNSPECIFIED.,.F.,
  .F.,(2,2),(-0.,1.E-03),.PIECEWISE_BEZIER_KNOTS.);
#8203 = CARTESIAN_POINT('',(8.696979960051E-02,0.385493384622,
    0.287285184275));
#8204 = CARTESIAN_POINT('',(8.696979960051E-02,0.384497189924,
    0.287198028532));
#8205 = ORIENTED_EDGE('',*,*,#7564,.F.);
#8206 = ORIENTED_EDGE('',*,*,#8182,.T.);
#8207 = B_SPLINE_SURFACE_WITH_KNOTS('',1,1,(
    (#8208,#8209)
    ,(#8210,#8211
    )),.UNSPECIFIED.,.F.,.F.,.F.,(2,2),(2,2),(-3.178901171507E-17,1.E-03
    ),(-1.301385144039E-03,2.429257784641E-02),
  .PIECEWISE_BEZIER_KNOTS.);
#8208 = CARTESIAN_POINT('',(8.696979960051E-02,0.385493384622,
    0.287285184275));
#8209 = CARTESIAN_POINT('',(0.112563118908,0.385477564377,0.287466010503
    ));
#8210 = CARTESIAN_POINT('',(8.696979960051E-02,0.384497189924,
    0.287198028532));
#8211 = CARTESIAN_POINT('',(0.112563118908,0.384481369679,0.28737885476)
  );
#8212 = ADVANCED_FACE('',(#8213),#8223,.F.);
#8213 = FACE_BOUND('',#8214,.F.);
#8214 = EDGE_LOOP('',(#8215,#8216,#8217,#8222));
#8215 = ORIENTED_EDGE('',*,*,#8201,.F.);
#8216 = ORIENTED_EDGE('',*,*,#7571,.T.);
#8217 = ORIENTED_EDGE('',*,*,#8218,.T.);
#8218 = EDGE_CURVE('',#7572,#42,#8219,.T.);
#8219 = B_SPLINE_CURVE_WITH_KNOTS('',1,(#8220,#8221),.UNSPECIFIED.,.F.,
  .F.,(2,2),(-0.,9.999998715905E-04),.PIECEWISE_BEZIER_KNOTS.);
#8220 = CARTESIAN_POINT('',(4.735690407506E-02,0.383816475974,
    0.306452337831));
#8221 = CARTESIAN_POINT('',(4.735690407506E-02,0.382820281404,
    0.306365182099));
#8222 = ORIENTED_EDGE('',*,*,#50,.F.);
#8223 = B_SPLINE_SURFACE_WITH_KNOTS('',3,1,(
    (#8224,#8225)
    ,(#8226,#8227)
    ,(#8228,#8229)
    ,(#8230,#8231
    )),.UNSPECIFIED.,.F.,.F.,.F.,(4,4),(2,2),(33.,34.),(0.,1.),
  .PIECEWISE_BEZIER_KNOTS.);
#8224 = CARTESIAN_POINT('',(8.696979960051E-02,0.385493384622,
    0.287285184275));
#8225 = CARTESIAN_POINT('',(8.696979960051E-02,0.384497189924,
    0.287198028532));
#8226 = CARTESIAN_POINT('',(7.177808650025E-02,0.385389349181,
    0.288474314813));
#8227 = CARTESIAN_POINT('',(7.177808650025E-02,0.384393154483,
    0.28838715907));
#8228 = CARTESIAN_POINT('',(5.784773044329E-02,0.384793018794,
    0.29529040232));
#8229 = CARTESIAN_POINT('',(5.784773044329E-02,0.383796824096,
    0.295203246577));
#8230 = CARTESIAN_POINT('',(4.735690407506E-02,0.383816475974,
    0.306452337831));
#8231 = CARTESIAN_POINT('',(4.735690407506E-02,0.382820281276,
    0.306365182088));
#8232 = ADVANCED_FACE('',(#8233),#8239,.F.);
#8233 = FACE_BOUND('',#8234,.F.);
#8234 = EDGE_LOOP('',(#8235,#8236,#8237,#8238));
#8235 = ORIENTED_EDGE('',*,*,#8218,.F.);
#8236 = ORIENTED_EDGE('',*,*,#7580,.T.);
#8237 = ORIENTED_EDGE('',*,*,#7620,.T.);
#8238 = ORIENTED_EDGE('',*,*,#41,.F.);
#8239 = B_SPLINE_SURFACE_WITH_KNOTS('',3,1,(
    (#8240,#8241)
    ,(#8242,#8243)
    ,(#8244,#8245)
    ,(#8246,#8247
    )),.UNSPECIFIED.,.F.,.F.,.F.,(4,4),(2,2),(34.,35.),(0.,1.),
  .PIECEWISE_BEZIER_KNOTS.);
#8240 = CARTESIAN_POINT('',(4.735690407506E-02,0.383816475974,
    0.306452337831));
#8241 = CARTESIAN_POINT('',(4.735690407506E-02,0.382820281276,
    0.306365182088));
#8242 = CARTESIAN_POINT('',(3.686606115882E-02,0.382839933164,
    0.317614273224));
#8243 = CARTESIAN_POINT('',(3.686606115882E-02,0.381843738466,
    0.317527117482));
#8244 = CARTESIAN_POINT('',(3.112225325358E-02,0.381557984657,
    0.332267011713));
#8245 = CARTESIAN_POINT('',(3.112225325358E-02,0.380561789959,
    0.33217985597));
#8246 = CARTESIAN_POINT('',(3.101457366265E-02,0.380234744035,
    0.347391721225));
#8247 = CARTESIAN_POINT('',(3.101457366265E-02,0.379238549337,
    0.347304565482));
#8248 = ADVANCED_FACE('',(#8249),#8276,.T.);
#8249 = FACE_BOUND('',#8250,.T.);
#8250 = EDGE_LOOP('',(#8251,#8265,#8270,#8271));
#8251 = ORIENTED_EDGE('',*,*,#8252,.F.);
#8252 = EDGE_CURVE('',#8253,#8255,#8257,.T.);
#8253 = VERTEX_POINT('',#8254);
#8254 = CARTESIAN_POINT('',(0.214521118428,0.384645200494,0.285506261448
    ));
#8255 = VERTEX_POINT('',#8256);
#8256 = CARTESIAN_POINT('',(0.214281146675,0.381696262971,0.319212770107
    ));
#8257 = B_SPLINE_CURVE_WITH_KNOTS('',3,(#8258,#8259,#8260,#8261,#8262,
    #8263,#8264),.UNSPECIFIED.,.F.,.F.,(4,3,4),(0.,1.,2.),
  .PIECEWISE_BEZIER_KNOTS.);
#8258 = CARTESIAN_POINT('',(0.214521118428,0.384645200494,0.285506261448
    ));
#8259 = CARTESIAN_POINT('',(0.204977848085,0.38465109944,0.285438834716)
  );
#8260 = CARTESIAN_POINT('',(0.197548117504,0.383975132918,0.293165167423
    ));
#8261 = CARTESIAN_POINT('',(0.197483509796,0.383181189122,0.302239986536
    ));
#8262 = CARTESIAN_POINT('',(0.197415825459,0.382349437586,0.311746950097
    ));
#8263 = CARTESIAN_POINT('',(0.205171654953,0.381701893909,0.319148408193
    ));
#8264 = CARTESIAN_POINT('',(0.214281146675,0.381696262971,0.319212770107
    ));
#8265 = ORIENTED_EDGE('',*,*,#8266,.F.);
#8266 = EDGE_CURVE('',#7590,#8253,#8267,.T.);
#8267 = B_SPLINE_CURVE_WITH_KNOTS('',1,(#8268,#8269),.UNSPECIFIED.,.F.,
  .F.,(2,2),(-0.,9.999998715905E-04),.PIECEWISE_BEZIER_KNOTS.);
#8268 = CARTESIAN_POINT('',(0.214521118428,0.385641395065,0.285593417179
    ));
#8269 = CARTESIAN_POINT('',(0.214521118428,0.384645200494,0.285506261448
    ));
#8270 = ORIENTED_EDGE('',*,*,#7589,.T.);
#8271 = ORIENTED_EDGE('',*,*,#8272,.T.);
#8272 = EDGE_CURVE('',#7592,#8255,#8273,.T.);
#8273 = B_SPLINE_CURVE_WITH_KNOTS('',1,(#8274,#8275),.UNSPECIFIED.,.F.,
  .F.,(2,2),(5.529991454155E-17,1.E-03),.PIECEWISE_BEZIER_KNOTS.);
#8274 = CARTESIAN_POINT('',(0.214281146675,0.382692457669,0.31929992585)
  );
#8275 = CARTESIAN_POINT('',(0.214281146675,0.381696262971,0.319212770107
    ));
#8276 = B_SPLINE_SURFACE_WITH_KNOTS('',3,1,(
    (#8277,#8278)
    ,(#8279,#8280)
    ,(#8281,#8282)
    ,(#8283,#8284)
    ,(#8285,#8286)
    ,(#8287,#8288)
    ,(#8289,#8290
    )),.UNSPECIFIED.,.F.,.F.,.F.,(4,3,4),(2,2),(0.,1.,2.),(0.,1.),
  .PIECEWISE_BEZIER_KNOTS.);
#8277 = CARTESIAN_POINT('',(0.214521118428,0.385641395065,0.285593417179
    ));
#8278 = CARTESIAN_POINT('',(0.214521118428,0.384645200366,0.285506261436
    ));
#8279 = CARTESIAN_POINT('',(0.204977848085,0.385647294138,0.285525990459
    ));
#8280 = CARTESIAN_POINT('',(0.204977848085,0.38465109944,0.285438834716)
  );
#8281 = CARTESIAN_POINT('',(0.197548117504,0.384971327616,0.293252323165
    ));
#8282 = CARTESIAN_POINT('',(0.197548117504,0.383975132918,0.293165167423
    ));
#8283 = CARTESIAN_POINT('',(0.197483509796,0.38417738382,0.302327142278)
  );
#8284 = CARTESIAN_POINT('',(0.197483509796,0.383181189122,0.302239986536
    ));
#8285 = CARTESIAN_POINT('',(0.197415825459,0.383345632284,0.31183410584)
  );
#8286 = CARTESIAN_POINT('',(0.197415825459,0.382349437586,0.311746950097
    ));
#8287 = CARTESIAN_POINT('',(0.205171654953,0.382698088607,0.319235563935
    ));
#8288 = CARTESIAN_POINT('',(0.205171654953,0.381701893909,0.319148408193
    ));
#8289 = CARTESIAN_POINT('',(0.214281146675,0.382692457669,0.31929992585)
  );
#8290 = CARTESIAN_POINT('',(0.214281146675,0.381696262971,0.319212770107
    ));
#8291 = ADVANCED_FACE('',(#8292),#8306,.T.);
#8292 = FACE_BOUND('',#8293,.T.);
#8293 = EDGE_LOOP('',(#8294,#8303,#8304,#8305));
#8294 = ORIENTED_EDGE('',*,*,#8295,.F.);
#8295 = EDGE_CURVE('',#8255,#8253,#8296,.T.);
#8296 = B_SPLINE_CURVE_WITH_KNOTS('',3,(#8297,#8298,#8299,#8300,#8301,
    #8302),.UNSPECIFIED.,.F.,.F.,(4,2,4),(2.,3.,4.),.UNSPECIFIED.);
#8297 = CARTESIAN_POINT('',(0.214281146675,0.381696262971,0.319212770107
    ));
#8298 = CARTESIAN_POINT('',(0.223390638396,0.381690632033,0.319277132021
    ));
#8299 = CARTESIAN_POINT('',(0.231251070969,0.382328522679,0.311986008569
    ));
#8300 = CARTESIAN_POINT('',(0.231386439644,0.383992025752,0.292972081446
    ));
#8301 = CARTESIAN_POINT('',(0.22363061015,0.384639569429,0.285570623351)
  );
#8302 = CARTESIAN_POINT('',(0.214521118428,0.384645200494,0.285506261448
    ));
#8303 = ORIENTED_EDGE('',*,*,#8272,.F.);
#8304 = ORIENTED_EDGE('',*,*,#7603,.T.);
#8305 = ORIENTED_EDGE('',*,*,#8266,.T.);
#8306 = B_SPLINE_SURFACE_WITH_KNOTS('',3,1,(
    (#8307,#8308)
    ,(#8309,#8310)
    ,(#8311,#8312)
    ,(#8313,#8314)
    ,(#8315,#8316)
    ,(#8317,#8318
    )),.UNSPECIFIED.,.F.,.F.,.F.,(4,2,4),(2,2),(2.,3.,4.),(0.,1.),
  .UNSPECIFIED.);
#8307 = CARTESIAN_POINT('',(0.214281146675,0.382692457669,0.31929992585)
  );
#8308 = CARTESIAN_POINT('',(0.214281146675,0.381696262971,0.319212770107
    ));
#8309 = CARTESIAN_POINT('',(0.223390638396,0.382686826731,0.319364287764
    ));
#8310 = CARTESIAN_POINT('',(0.223390638396,0.381690632033,0.319277132021
    ));
#8311 = CARTESIAN_POINT('',(0.231251070969,0.383324717377,0.312073164312
    ));
#8312 = CARTESIAN_POINT('',(0.231251070969,0.382328522679,0.311986008569
    ));
#8313 = CARTESIAN_POINT('',(0.231386439644,0.38498822045,0.293059237189)
  );
#8314 = CARTESIAN_POINT('',(0.231386439644,0.383992025752,0.292972081446
    ));
#8315 = CARTESIAN_POINT('',(0.22363061015,0.385635764127,0.285657779093)
  );
#8316 = CARTESIAN_POINT('',(0.22363061015,0.384639569429,0.285570623351)
  );
#8317 = CARTESIAN_POINT('',(0.214521118428,0.385641395065,0.285593417179
    ));
#8318 = CARTESIAN_POINT('',(0.214521118428,0.384645200366,0.285506261436
    ));
#8319 = ADVANCED_FACE('',(#8320),#8324,.T.);
#8320 = FACE_BOUND('',#8321,.T.);
#8321 = EDGE_LOOP('',(#8322,#8323));
#8322 = ORIENTED_EDGE('',*,*,#8252,.T.);
#8323 = ORIENTED_EDGE('',*,*,#8295,.T.);
#8324 = B_SPLINE_SURFACE_WITH_KNOTS('',1,1,(
    (#8325,#8326)
    ,(#8327,#8328
    )),.UNSPECIFIED.,.F.,.F.,.F.,(2,2),(2,2),(0.176108882193,
    0.210076436296),(0.797415825459,0.831386439644),
  .PIECEWISE_BEZIER_KNOTS.);
#8325 = CARTESIAN_POINT('',(0.197415825459,0.384651099568,0.285438834728
    ));
#8326 = CARTESIAN_POINT('',(0.231386439644,0.384651099568,0.285438834728
    ));
#8327 = CARTESIAN_POINT('',(0.197415825459,0.381690632161,0.319277132032
    ));
#8328 = CARTESIAN_POINT('',(0.231386439644,0.381690632161,0.319277132032
    ));
#8329 = ( GEOMETRIC_REPRESENTATION_CONTEXT(3) 
GLOBAL_UNCERTAINTY_ASSIGNED_CONTEXT((#8333)) 
GLOBAL_UNIT_ASSIGNED_CONTEXT((#8330,#8331,#8332)) REPRESENTATION_CONTEXT
('Context #1','3D Context with UNIT and UNCERTAINTY') );
#8330 = ( LENGTH_UNIT() NAMED_UNIT(*) SI_UNIT(.MILLI.,.METRE.) );
#8331 = ( NAMED_UNIT(*) PLANE_ANGLE_UNIT() SI_UNIT($,.RADIAN.) );
#8332 = ( NAMED_UNIT(*) SI_UNIT($,.STERADIAN.) SOLID_ANGLE_UNIT() );
#8333 = UNCERTAINTY_MEASURE_WITH_UNIT(LENGTH_MEASURE(1.E-07),#8330,
  'distance_accuracy_value','confusion accuracy');
#8334 = PRODUCT_RELATED_PRODUCT_CATEGORY('part',$,(#7));
#8335 = MECHANICAL_DESIGN_GEOMETRIC_PRESENTATION_REPRESENTATION('',(
    #8336,#8346,#8354,#8361,#8368,#8375,#8382,#8389,#8396,#8403,#8410,
    #8417,#8424,#8431,#8438,#8446,#8453,#8460,#8467,#8474,#8481,#8488,
    #8495,#8502,#8509,#8516,#8523,#8530,#8537,#8544,#8551,#8558,#8565,
    #8572,#8579,#8586,#8593,#8600,#8607,#8614,#8621,#8628,#8635,#8643,
    #8650,#8657,#8664,#8671,#8678,#8685,#8692,#8699,#8706,#8713,#8720,
    #8727,#8734,#8741,#8748,#8755,#8762,#8769,#8776,#8783,#8790,#8797,
    #8804,#8811,#8818,#8825,#8832,#8839,#8846,#8853,#8860,#8867,#8874,
    #8881,#8888,#8895,#8902,#8909,#8916,#8923,#8930,#8937,#8944,#8951,
    #8958,#8965,#8972,#8979,#8986,#8993,#9000,#9007,#9014,#9021,#9028,
    #9035,#9042,#9049,#9056,#9063,#9070,#9077,#9084,#9091,#9098,#9105,
    #9112,#9119,#9126,#9133,#9140,#9147,#9154,#9161,#9168,#9175,#9182,
    #9189,#9196,#9203,#9210,#9217,#9224,#9231,#9238,#9245,#9252,#9259,
    #9266,#9273,#9280,#9287,#9294,#9301,#9308,#9315,#9322,#9329,#9336,
    #9343,#9350,#9357,#9364,#9371,#9378,#9385,#9392,#9399,#9406,#9413,
    #9420,#9427,#9434,#9441,#9448,#9455,#9462,#9469,#9476,#9483,#9490,
    #9497,#9504,#9511,#9518,#9525,#9532,#9539,#9546,#9553,#9560,#9567,
    #9574,#9581,#9588,#9595,#9602,#9609,#9616,#9623,#9630,#9637,#9644,
    #9651,#9658,#9665,#9672,#9679,#9686,#9693,#9700,#9707,#9714,#9721,
    #9728,#9735,#9742,#9749,#9756,#9763,#9770,#9777,#9784,#9791,#9798,
    #9805,#9812,#9819,#9826,#9833,#9840,#9847,#9854,#9861,#9868,#9875,
    #9882,#9889,#9896,#9903,#9910,#9917,#9924,#9931,#9938,#9945,#9952,
    #9959,#9966,#9973,#9980,#9987,#9994,#10001,#10008,#10015,#10022,
    #10029,#10036,#10043,#10050,#10057,#10064,#10071,#10078,#10085,
    #10092,#10099,#10106,#10113,#10120,#10127,#10134,#10141,#10148,
    #10155,#10162,#10169,#10176,#10183,#10190,#10197,#10204,#10211,
    #10218),#8329);
#8336 = STYLED_ITEM('color',(#8337),#15);
#8337 = PRESENTATION_STYLE_ASSIGNMENT((#8338,#8344));
#8338 = SURFACE_STYLE_USAGE(.BOTH.,#8339);
#8339 = SURFACE_SIDE_STYLE('',(#8340));
#8340 = SURFACE_STYLE_FILL_AREA(#8341);
#8341 = FILL_AREA_STYLE('',(#8342));
#8342 = FILL_AREA_STYLE_COLOUR('',#8343);
#8343 = COLOUR_RGB('',0.501960785193,0.250980388104,0.);
#8344 = CURVE_STYLE('',#8345,POSITIVE_LENGTH_MEASURE(0.1),#8343);
#8345 = DRAUGHTING_PRE_DEFINED_CURVE_FONT('continuous');
#8346 = OVER_RIDING_STYLED_ITEM('overriding color',(#8347),#17,#8336);
#8347 = PRESENTATION_STYLE_ASSIGNMENT((#8348));
#8348 = SURFACE_STYLE_USAGE(.BOTH.,#8349);
#8349 = SURFACE_SIDE_STYLE('',(#8350));
#8350 = SURFACE_STYLE_FILL_AREA(#8351);
#8351 = FILL_AREA_STYLE('',(#8352));
#8352 = FILL_AREA_STYLE_COLOUR('',#8353);
#8353 = COLOUR_RGB('',0.250980388104,0.250980388104,0.250980388104);
#8354 = OVER_RIDING_STYLED_ITEM('overriding color',(#8355),#1422,#8336);
#8355 = PRESENTATION_STYLE_ASSIGNMENT((#8356));
#8356 = SURFACE_STYLE_USAGE(.BOTH.,#8357);
#8357 = SURFACE_SIDE_STYLE('',(#8358));
#8358 = SURFACE_STYLE_FILL_AREA(#8359);
#8359 = FILL_AREA_STYLE('',(#8360));
#8360 = FILL_AREA_STYLE_COLOUR('',#8353);
#8361 = OVER_RIDING_STYLED_ITEM('overriding color',(#8362),#1458,#8336);
#8362 = PRESENTATION_STYLE_ASSIGNMENT((#8363));
#8363 = SURFACE_STYLE_USAGE(.BOTH.,#8364);
#8364 = SURFACE_SIDE_STYLE('',(#8365));
#8365 = SURFACE_STYLE_FILL_AREA(#8366);
#8366 = FILL_AREA_STYLE('',(#8367));
#8367 = FILL_AREA_STYLE_COLOUR('',#8353);
#8368 = OVER_RIDING_STYLED_ITEM('overriding color',(#8369),#1494,#8336);
#8369 = PRESENTATION_STYLE_ASSIGNMENT((#8370));
#8370 = SURFACE_STYLE_USAGE(.BOTH.,#8371);
#8371 = SURFACE_SIDE_STYLE('',(#8372));
#8372 = SURFACE_STYLE_FILL_AREA(#8373);
#8373 = FILL_AREA_STYLE('',(#8374));
#8374 = FILL_AREA_STYLE_COLOUR('',#8353);
#8375 = OVER_RIDING_STYLED_ITEM('overriding color',(#8376),#1530,#8336);
#8376 = PRESENTATION_STYLE_ASSIGNMENT((#8377));
#8377 = SURFACE_STYLE_USAGE(.BOTH.,#8378);
#8378 = SURFACE_SIDE_STYLE('',(#8379));
#8379 = SURFACE_STYLE_FILL_AREA(#8380);
#8380 = FILL_AREA_STYLE('',(#8381));
#8381 = FILL_AREA_STYLE_COLOUR('',#8353);
#8382 = OVER_RIDING_STYLED_ITEM('overriding color',(#8383),#1642,#8336);
#8383 = PRESENTATION_STYLE_ASSIGNMENT((#8384));
#8384 = SURFACE_STYLE_USAGE(.BOTH.,#8385);
#8385 = SURFACE_SIDE_STYLE('',(#8386));
#8386 = SURFACE_STYLE_FILL_AREA(#8387);
#8387 = FILL_AREA_STYLE('',(#8388));
#8388 = FILL_AREA_STYLE_COLOUR('',#8353);
#8389 = OVER_RIDING_STYLED_ITEM('overriding color',(#8390),#1670,#8336);
#8390 = PRESENTATION_STYLE_ASSIGNMENT((#8391));
#8391 = SURFACE_STYLE_USAGE(.BOTH.,#8392);
#8392 = SURFACE_SIDE_STYLE('',(#8393));
#8393 = SURFACE_STYLE_FILL_AREA(#8394);
#8394 = FILL_AREA_STYLE('',(#8395));
#8395 = FILL_AREA_STYLE_COLOUR('',#8353);
#8396 = OVER_RIDING_STYLED_ITEM('overriding color',(#8397),#1698,#8336);
#8397 = PRESENTATION_STYLE_ASSIGNMENT((#8398));
#8398 = SURFACE_STYLE_USAGE(.BOTH.,#8399);
#8399 = SURFACE_SIDE_STYLE('',(#8400));
#8400 = SURFACE_STYLE_FILL_AREA(#8401);
#8401 = FILL_AREA_STYLE('',(#8402));
#8402 = FILL_AREA_STYLE_COLOUR('',#8353);
#8403 = OVER_RIDING_STYLED_ITEM('overriding color',(#8404),#1726,#8336);
#8404 = PRESENTATION_STYLE_ASSIGNMENT((#8405));
#8405 = SURFACE_STYLE_USAGE(.BOTH.,#8406);
#8406 = SURFACE_SIDE_STYLE('',(#8407));
#8407 = SURFACE_STYLE_FILL_AREA(#8408);
#8408 = FILL_AREA_STYLE('',(#8409));
#8409 = FILL_AREA_STYLE_COLOUR('',#8353);
#8410 = OVER_RIDING_STYLED_ITEM('overriding color',(#8411),#1746,#8336);
#8411 = PRESENTATION_STYLE_ASSIGNMENT((#8412));
#8412 = SURFACE_STYLE_USAGE(.BOTH.,#8413);
#8413 = SURFACE_SIDE_STYLE('',(#8414));
#8414 = SURFACE_STYLE_FILL_AREA(#8415);
#8415 = FILL_AREA_STYLE('',(#8416));
#8416 = FILL_AREA_STYLE_COLOUR('',#8353);
#8417 = OVER_RIDING_STYLED_ITEM('overriding color',(#8418),#1780,#8336);
#8418 = PRESENTATION_STYLE_ASSIGNMENT((#8419));
#8419 = SURFACE_STYLE_USAGE(.BOTH.,#8420);
#8420 = SURFACE_SIDE_STYLE('',(#8421));
#8421 = SURFACE_STYLE_FILL_AREA(#8422);
#8422 = FILL_AREA_STYLE('',(#8423));
#8423 = FILL_AREA_STYLE_COLOUR('',#8353);
#8424 = OVER_RIDING_STYLED_ITEM('overriding color',(#8425),#1814,#8336);
#8425 = PRESENTATION_STYLE_ASSIGNMENT((#8426));
#8426 = SURFACE_STYLE_USAGE(.BOTH.,#8427);
#8427 = SURFACE_SIDE_STYLE('',(#8428));
#8428 = SURFACE_STYLE_FILL_AREA(#8429);
#8429 = FILL_AREA_STYLE('',(#8430));
#8430 = FILL_AREA_STYLE_COLOUR('',#8353);
#8431 = OVER_RIDING_STYLED_ITEM('overriding color',(#8432),#1842,#8336);
#8432 = PRESENTATION_STYLE_ASSIGNMENT((#8433));
#8433 = SURFACE_STYLE_USAGE(.BOTH.,#8434);
#8434 = SURFACE_SIDE_STYLE('',(#8435));
#8435 = SURFACE_STYLE_FILL_AREA(#8436);
#8436 = FILL_AREA_STYLE('',(#8437));
#8437 = FILL_AREA_STYLE_COLOUR('',#8353);
#8438 = OVER_RIDING_STYLED_ITEM('overriding color',(#8439),#1878,#8336);
#8439 = PRESENTATION_STYLE_ASSIGNMENT((#8440));
#8440 = SURFACE_STYLE_USAGE(.BOTH.,#8441);
#8441 = SURFACE_SIDE_STYLE('',(#8442));
#8442 = SURFACE_STYLE_FILL_AREA(#8443);
#8443 = FILL_AREA_STYLE('',(#8444));
#8444 = FILL_AREA_STYLE_COLOUR('',#8445);
#8445 = DRAUGHTING_PRE_DEFINED_COLOUR('white');
#8446 = OVER_RIDING_STYLED_ITEM('overriding color',(#8447),#1906,#8336);
#8447 = PRESENTATION_STYLE_ASSIGNMENT((#8448));
#8448 = SURFACE_STYLE_USAGE(.BOTH.,#8449);
#8449 = SURFACE_SIDE_STYLE('',(#8450));
#8450 = SURFACE_STYLE_FILL_AREA(#8451);
#8451 = FILL_AREA_STYLE('',(#8452));
#8452 = FILL_AREA_STYLE_COLOUR('',#8445);
#8453 = OVER_RIDING_STYLED_ITEM('overriding color',(#8454),#1934,#8336);
#8454 = PRESENTATION_STYLE_ASSIGNMENT((#8455));
#8455 = SURFACE_STYLE_USAGE(.BOTH.,#8456);
#8456 = SURFACE_SIDE_STYLE('',(#8457));
#8457 = SURFACE_STYLE_FILL_AREA(#8458);
#8458 = FILL_AREA_STYLE('',(#8459));
#8459 = FILL_AREA_STYLE_COLOUR('',#8445);
#8460 = OVER_RIDING_STYLED_ITEM('overriding color',(#8461),#1958,#8336);
#8461 = PRESENTATION_STYLE_ASSIGNMENT((#8462));
#8462 = SURFACE_STYLE_USAGE(.BOTH.,#8463);
#8463 = SURFACE_SIDE_STYLE('',(#8464));
#8464 = SURFACE_STYLE_FILL_AREA(#8465);
#8465 = FILL_AREA_STYLE('',(#8466));
#8466 = FILL_AREA_STYLE_COLOUR('',#8445);
#8467 = OVER_RIDING_STYLED_ITEM('overriding color',(#8468),#1980,#8336);
#8468 = PRESENTATION_STYLE_ASSIGNMENT((#8469));
#8469 = SURFACE_STYLE_USAGE(.BOTH.,#8470);
#8470 = SURFACE_SIDE_STYLE('',(#8471));
#8471 = SURFACE_STYLE_FILL_AREA(#8472);
#8472 = FILL_AREA_STYLE('',(#8473));
#8473 = FILL_AREA_STYLE_COLOUR('',#8445);
#8474 = OVER_RIDING_STYLED_ITEM('overriding color',(#8475),#1998,#8336);
#8475 = PRESENTATION_STYLE_ASSIGNMENT((#8476));
#8476 = SURFACE_STYLE_USAGE(.BOTH.,#8477);
#8477 = SURFACE_SIDE_STYLE('',(#8478));
#8478 = SURFACE_STYLE_FILL_AREA(#8479);
#8479 = FILL_AREA_STYLE('',(#8480));
#8480 = FILL_AREA_STYLE_COLOUR('',#8445);
#8481 = OVER_RIDING_STYLED_ITEM('overriding color',(#8482),#2010,#8336);
#8482 = PRESENTATION_STYLE_ASSIGNMENT((#8483));
#8483 = SURFACE_STYLE_USAGE(.BOTH.,#8484);
#8484 = SURFACE_SIDE_STYLE('',(#8485));
#8485 = SURFACE_STYLE_FILL_AREA(#8486);
#8486 = FILL_AREA_STYLE('',(#8487));
#8487 = FILL_AREA_STYLE_COLOUR('',#8445);
#8488 = OVER_RIDING_STYLED_ITEM('overriding color',(#8489),#2038,#8336);
#8489 = PRESENTATION_STYLE_ASSIGNMENT((#8490));
#8490 = SURFACE_STYLE_USAGE(.BOTH.,#8491);
#8491 = SURFACE_SIDE_STYLE('',(#8492));
#8492 = SURFACE_STYLE_FILL_AREA(#8493);
#8493 = FILL_AREA_STYLE('',(#8494));
#8494 = FILL_AREA_STYLE_COLOUR('',#8445);
#8495 = OVER_RIDING_STYLED_ITEM('overriding color',(#8496),#2066,#8336);
#8496 = PRESENTATION_STYLE_ASSIGNMENT((#8497));
#8497 = SURFACE_STYLE_USAGE(.BOTH.,#8498);
#8498 = SURFACE_SIDE_STYLE('',(#8499));
#8499 = SURFACE_STYLE_FILL_AREA(#8500);
#8500 = FILL_AREA_STYLE('',(#8501));
#8501 = FILL_AREA_STYLE_COLOUR('',#8445);
#8502 = OVER_RIDING_STYLED_ITEM('overriding color',(#8503),#2090,#8336);
#8503 = PRESENTATION_STYLE_ASSIGNMENT((#8504));
#8504 = SURFACE_STYLE_USAGE(.BOTH.,#8505);
#8505 = SURFACE_SIDE_STYLE('',(#8506));
#8506 = SURFACE_STYLE_FILL_AREA(#8507);
#8507 = FILL_AREA_STYLE('',(#8508));
#8508 = FILL_AREA_STYLE_COLOUR('',#8445);
#8509 = OVER_RIDING_STYLED_ITEM('overriding color',(#8510),#2112,#8336);
#8510 = PRESENTATION_STYLE_ASSIGNMENT((#8511));
#8511 = SURFACE_STYLE_USAGE(.BOTH.,#8512);
#8512 = SURFACE_SIDE_STYLE('',(#8513));
#8513 = SURFACE_STYLE_FILL_AREA(#8514);
#8514 = FILL_AREA_STYLE('',(#8515));
#8515 = FILL_AREA_STYLE_COLOUR('',#8445);
#8516 = OVER_RIDING_STYLED_ITEM('overriding color',(#8517),#2130,#8336);
#8517 = PRESENTATION_STYLE_ASSIGNMENT((#8518));
#8518 = SURFACE_STYLE_USAGE(.BOTH.,#8519);
#8519 = SURFACE_SIDE_STYLE('',(#8520));
#8520 = SURFACE_STYLE_FILL_AREA(#8521);
#8521 = FILL_AREA_STYLE('',(#8522));
#8522 = FILL_AREA_STYLE_COLOUR('',#8445);
#8523 = OVER_RIDING_STYLED_ITEM('overriding color',(#8524),#2142,#8336);
#8524 = PRESENTATION_STYLE_ASSIGNMENT((#8525));
#8525 = SURFACE_STYLE_USAGE(.BOTH.,#8526);
#8526 = SURFACE_SIDE_STYLE('',(#8527));
#8527 = SURFACE_STYLE_FILL_AREA(#8528);
#8528 = FILL_AREA_STYLE('',(#8529));
#8529 = FILL_AREA_STYLE_COLOUR('',#8353);
#8530 = OVER_RIDING_STYLED_ITEM('overriding color',(#8531),#2162,#8336);
#8531 = PRESENTATION_STYLE_ASSIGNMENT((#8532));
#8532 = SURFACE_STYLE_USAGE(.BOTH.,#8533);
#8533 = SURFACE_SIDE_STYLE('',(#8534));
#8534 = SURFACE_STYLE_FILL_AREA(#8535);
#8535 = FILL_AREA_STYLE('',(#8536));
#8536 = FILL_AREA_STYLE_COLOUR('',#8353);
#8537 = OVER_RIDING_STYLED_ITEM('overriding color',(#8538),#2182,#8336);
#8538 = PRESENTATION_STYLE_ASSIGNMENT((#8539));
#8539 = SURFACE_STYLE_USAGE(.BOTH.,#8540);
#8540 = SURFACE_SIDE_STYLE('',(#8541));
#8541 = SURFACE_STYLE_FILL_AREA(#8542);
#8542 = FILL_AREA_STYLE('',(#8543));
#8543 = FILL_AREA_STYLE_COLOUR('',#8353);
#8544 = OVER_RIDING_STYLED_ITEM('overriding color',(#8545),#2201,#8336);
#8545 = PRESENTATION_STYLE_ASSIGNMENT((#8546));
#8546 = SURFACE_STYLE_USAGE(.BOTH.,#8547);
#8547 = SURFACE_SIDE_STYLE('',(#8548));
#8548 = SURFACE_STYLE_FILL_AREA(#8549);
#8549 = FILL_AREA_STYLE('',(#8550));
#8550 = FILL_AREA_STYLE_COLOUR('',#8353);
#8551 = OVER_RIDING_STYLED_ITEM('overriding color',(#8552),#2247,#8336);
#8552 = PRESENTATION_STYLE_ASSIGNMENT((#8553));
#8553 = SURFACE_STYLE_USAGE(.BOTH.,#8554);
#8554 = SURFACE_SIDE_STYLE('',(#8555));
#8555 = SURFACE_STYLE_FILL_AREA(#8556);
#8556 = FILL_AREA_STYLE('',(#8557));
#8557 = FILL_AREA_STYLE_COLOUR('',#8353);
#8558 = OVER_RIDING_STYLED_ITEM('overriding color',(#8559),#2266,#8336);
#8559 = PRESENTATION_STYLE_ASSIGNMENT((#8560));
#8560 = SURFACE_STYLE_USAGE(.BOTH.,#8561);
#8561 = SURFACE_SIDE_STYLE('',(#8562));
#8562 = SURFACE_STYLE_FILL_AREA(#8563);
#8563 = FILL_AREA_STYLE('',(#8564));
#8564 = FILL_AREA_STYLE_COLOUR('',#8353);
#8565 = OVER_RIDING_STYLED_ITEM('overriding color',(#8566),#2286,#8336);
#8566 = PRESENTATION_STYLE_ASSIGNMENT((#8567));
#8567 = SURFACE_STYLE_USAGE(.BOTH.,#8568);
#8568 = SURFACE_SIDE_STYLE('',(#8569));
#8569 = SURFACE_STYLE_FILL_AREA(#8570);
#8570 = FILL_AREA_STYLE('',(#8571));
#8571 = FILL_AREA_STYLE_COLOUR('',#8353);
#8572 = OVER_RIDING_STYLED_ITEM('overriding color',(#8573),#2307,#8336);
#8573 = PRESENTATION_STYLE_ASSIGNMENT((#8574));
#8574 = SURFACE_STYLE_USAGE(.BOTH.,#8575);
#8575 = SURFACE_SIDE_STYLE('',(#8576));
#8576 = SURFACE_STYLE_FILL_AREA(#8577);
#8577 = FILL_AREA_STYLE('',(#8578));
#8578 = FILL_AREA_STYLE_COLOUR('',#8353);
#8579 = OVER_RIDING_STYLED_ITEM('overriding color',(#8580),#2328,#8336);
#8580 = PRESENTATION_STYLE_ASSIGNMENT((#8581));
#8581 = SURFACE_STYLE_USAGE(.BOTH.,#8582);
#8582 = SURFACE_SIDE_STYLE('',(#8583));
#8583 = SURFACE_STYLE_FILL_AREA(#8584);
#8584 = FILL_AREA_STYLE('',(#8585));
#8585 = FILL_AREA_STYLE_COLOUR('',#8353);
#8586 = OVER_RIDING_STYLED_ITEM('overriding color',(#8587),#2348,#8336);
#8587 = PRESENTATION_STYLE_ASSIGNMENT((#8588));
#8588 = SURFACE_STYLE_USAGE(.BOTH.,#8589);
#8589 = SURFACE_SIDE_STYLE('',(#8590));
#8590 = SURFACE_STYLE_FILL_AREA(#8591);
#8591 = FILL_AREA_STYLE('',(#8592));
#8592 = FILL_AREA_STYLE_COLOUR('',#8353);
#8593 = OVER_RIDING_STYLED_ITEM('overriding color',(#8594),#2367,#8336);
#8594 = PRESENTATION_STYLE_ASSIGNMENT((#8595));
#8595 = SURFACE_STYLE_USAGE(.BOTH.,#8596);
#8596 = SURFACE_SIDE_STYLE('',(#8597));
#8597 = SURFACE_STYLE_FILL_AREA(#8598);
#8598 = FILL_AREA_STYLE('',(#8599));
#8599 = FILL_AREA_STYLE_COLOUR('',#8353);
#8600 = OVER_RIDING_STYLED_ITEM('overriding color',(#8601),#2386,#8336);
#8601 = PRESENTATION_STYLE_ASSIGNMENT((#8602));
#8602 = SURFACE_STYLE_USAGE(.BOTH.,#8603);
#8603 = SURFACE_SIDE_STYLE('',(#8604));
#8604 = SURFACE_STYLE_FILL_AREA(#8605);
#8605 = FILL_AREA_STYLE('',(#8606));
#8606 = FILL_AREA_STYLE_COLOUR('',#8353);
#8607 = OVER_RIDING_STYLED_ITEM('overriding color',(#8608),#2405,#8336);
#8608 = PRESENTATION_STYLE_ASSIGNMENT((#8609));
#8609 = SURFACE_STYLE_USAGE(.BOTH.,#8610);
#8610 = SURFACE_SIDE_STYLE('',(#8611));
#8611 = SURFACE_STYLE_FILL_AREA(#8612);
#8612 = FILL_AREA_STYLE('',(#8613));
#8613 = FILL_AREA_STYLE_COLOUR('',#8353);
#8614 = OVER_RIDING_STYLED_ITEM('overriding color',(#8615),#2424,#8336);
#8615 = PRESENTATION_STYLE_ASSIGNMENT((#8616));
#8616 = SURFACE_STYLE_USAGE(.BOTH.,#8617);
#8617 = SURFACE_SIDE_STYLE('',(#8618));
#8618 = SURFACE_STYLE_FILL_AREA(#8619);
#8619 = FILL_AREA_STYLE('',(#8620));
#8620 = FILL_AREA_STYLE_COLOUR('',#8353);
#8621 = OVER_RIDING_STYLED_ITEM('overriding color',(#8622),#2445,#8336);
#8622 = PRESENTATION_STYLE_ASSIGNMENT((#8623));
#8623 = SURFACE_STYLE_USAGE(.BOTH.,#8624);
#8624 = SURFACE_SIDE_STYLE('',(#8625));
#8625 = SURFACE_STYLE_FILL_AREA(#8626);
#8626 = FILL_AREA_STYLE('',(#8627));
#8627 = FILL_AREA_STYLE_COLOUR('',#8353);
#8628 = OVER_RIDING_STYLED_ITEM('overriding color',(#8629),#2466,#8336);
#8629 = PRESENTATION_STYLE_ASSIGNMENT((#8630));
#8630 = SURFACE_STYLE_USAGE(.BOTH.,#8631);
#8631 = SURFACE_SIDE_STYLE('',(#8632));
#8632 = SURFACE_STYLE_FILL_AREA(#8633);
#8633 = FILL_AREA_STYLE('',(#8634));
#8634 = FILL_AREA_STYLE_COLOUR('',#8353);
#8635 = OVER_RIDING_STYLED_ITEM('overriding color',(#8636),#2502,#8336);
#8636 = PRESENTATION_STYLE_ASSIGNMENT((#8637));
#8637 = SURFACE_STYLE_USAGE(.BOTH.,#8638);
#8638 = SURFACE_SIDE_STYLE('',(#8639));
#8639 = SURFACE_STYLE_FILL_AREA(#8640);
#8640 = FILL_AREA_STYLE('',(#8641));
#8641 = FILL_AREA_STYLE_COLOUR('',#8642);
#8642 = COLOUR_RGB('',0.501960785193,0.501960785193,0.501960785193);
#8643 = OVER_RIDING_STYLED_ITEM('overriding color',(#8644),#2518,#8336);
#8644 = PRESENTATION_STYLE_ASSIGNMENT((#8645));
#8645 = SURFACE_STYLE_USAGE(.BOTH.,#8646);
#8646 = SURFACE_SIDE_STYLE('',(#8647));
#8647 = SURFACE_STYLE_FILL_AREA(#8648);
#8648 = FILL_AREA_STYLE('',(#8649));
#8649 = FILL_AREA_STYLE_COLOUR('',#8642);
#8650 = OVER_RIDING_STYLED_ITEM('overriding color',(#8651),#2534,#8336);
#8651 = PRESENTATION_STYLE_ASSIGNMENT((#8652));
#8652 = SURFACE_STYLE_USAGE(.BOTH.,#8653);
#8653 = SURFACE_SIDE_STYLE('',(#8654));
#8654 = SURFACE_STYLE_FILL_AREA(#8655);
#8655 = FILL_AREA_STYLE('',(#8656));
#8656 = FILL_AREA_STYLE_COLOUR('',#8642);
#8657 = OVER_RIDING_STYLED_ITEM('overriding color',(#8658),#2546,#8336);
#8658 = PRESENTATION_STYLE_ASSIGNMENT((#8659));
#8659 = SURFACE_STYLE_USAGE(.BOTH.,#8660);
#8660 = SURFACE_SIDE_STYLE('',(#8661));
#8661 = SURFACE_STYLE_FILL_AREA(#8662);
#8662 = FILL_AREA_STYLE('',(#8663));
#8663 = FILL_AREA_STYLE_COLOUR('',#8445);
#8664 = OVER_RIDING_STYLED_ITEM('overriding color',(#8665),#2574,#8336);
#8665 = PRESENTATION_STYLE_ASSIGNMENT((#8666));
#8666 = SURFACE_STYLE_USAGE(.BOTH.,#8667);
#8667 = SURFACE_SIDE_STYLE('',(#8668));
#8668 = SURFACE_STYLE_FILL_AREA(#8669);
#8669 = FILL_AREA_STYLE('',(#8670));
#8670 = FILL_AREA_STYLE_COLOUR('',#8445);
#8671 = OVER_RIDING_STYLED_ITEM('overriding color',(#8672),#2596,#8336);
#8672 = PRESENTATION_STYLE_ASSIGNMENT((#8673));
#8673 = SURFACE_STYLE_USAGE(.BOTH.,#8674);
#8674 = SURFACE_SIDE_STYLE('',(#8675));
#8675 = SURFACE_STYLE_FILL_AREA(#8676);
#8676 = FILL_AREA_STYLE('',(#8677));
#8677 = FILL_AREA_STYLE_COLOUR('',#8445);
#8678 = OVER_RIDING_STYLED_ITEM('overriding color',(#8679),#2618,#8336);
#8679 = PRESENTATION_STYLE_ASSIGNMENT((#8680));
#8680 = SURFACE_STYLE_USAGE(.BOTH.,#8681);
#8681 = SURFACE_SIDE_STYLE('',(#8682));
#8682 = SURFACE_STYLE_FILL_AREA(#8683);
#8683 = FILL_AREA_STYLE('',(#8684));
#8684 = FILL_AREA_STYLE_COLOUR('',#8445);
#8685 = OVER_RIDING_STYLED_ITEM('overriding color',(#8686),#2640,#8336);
#8686 = PRESENTATION_STYLE_ASSIGNMENT((#8687));
#8687 = SURFACE_STYLE_USAGE(.BOTH.,#8688);
#8688 = SURFACE_SIDE_STYLE('',(#8689));
#8689 = SURFACE_STYLE_FILL_AREA(#8690);
#8690 = FILL_AREA_STYLE('',(#8691));
#8691 = FILL_AREA_STYLE_COLOUR('',#8445);
#8692 = OVER_RIDING_STYLED_ITEM('overriding color',(#8693),#2662,#8336);
#8693 = PRESENTATION_STYLE_ASSIGNMENT((#8694));
#8694 = SURFACE_STYLE_USAGE(.BOTH.,#8695);
#8695 = SURFACE_SIDE_STYLE('',(#8696));
#8696 = SURFACE_STYLE_FILL_AREA(#8697);
#8697 = FILL_AREA_STYLE('',(#8698));
#8698 = FILL_AREA_STYLE_COLOUR('',#8445);
#8699 = OVER_RIDING_STYLED_ITEM('overriding color',(#8700),#2678,#8336);
#8700 = PRESENTATION_STYLE_ASSIGNMENT((#8701));
#8701 = SURFACE_STYLE_USAGE(.BOTH.,#8702);
#8702 = SURFACE_SIDE_STYLE('',(#8703));
#8703 = SURFACE_STYLE_FILL_AREA(#8704);
#8704 = FILL_AREA_STYLE('',(#8705));
#8705 = FILL_AREA_STYLE_COLOUR('',#8445);
#8706 = OVER_RIDING_STYLED_ITEM('overriding color',(#8707),#2692,#8336);
#8707 = PRESENTATION_STYLE_ASSIGNMENT((#8708));
#8708 = SURFACE_STYLE_USAGE(.BOTH.,#8709);
#8709 = SURFACE_SIDE_STYLE('',(#8710));
#8710 = SURFACE_STYLE_FILL_AREA(#8711);
#8711 = FILL_AREA_STYLE('',(#8712));
#8712 = FILL_AREA_STYLE_COLOUR('',#8445);
#8713 = OVER_RIDING_STYLED_ITEM('overriding color',(#8714),#2726,#8336);
#8714 = PRESENTATION_STYLE_ASSIGNMENT((#8715));
#8715 = SURFACE_STYLE_USAGE(.BOTH.,#8716);
#8716 = SURFACE_SIDE_STYLE('',(#8717));
#8717 = SURFACE_STYLE_FILL_AREA(#8718);
#8718 = FILL_AREA_STYLE('',(#8719));
#8719 = FILL_AREA_STYLE_COLOUR('',#8445);
#8720 = OVER_RIDING_STYLED_ITEM('overriding color',(#8721),#2748,#8336);
#8721 = PRESENTATION_STYLE_ASSIGNMENT((#8722));
#8722 = SURFACE_STYLE_USAGE(.BOTH.,#8723);
#8723 = SURFACE_SIDE_STYLE('',(#8724));
#8724 = SURFACE_STYLE_FILL_AREA(#8725);
#8725 = FILL_AREA_STYLE('',(#8726));
#8726 = FILL_AREA_STYLE_COLOUR('',#8445);
#8727 = OVER_RIDING_STYLED_ITEM('overriding color',(#8728),#2776,#8336);
#8728 = PRESENTATION_STYLE_ASSIGNMENT((#8729));
#8729 = SURFACE_STYLE_USAGE(.BOTH.,#8730);
#8730 = SURFACE_SIDE_STYLE('',(#8731));
#8731 = SURFACE_STYLE_FILL_AREA(#8732);
#8732 = FILL_AREA_STYLE('',(#8733));
#8733 = FILL_AREA_STYLE_COLOUR('',#8445);
#8734 = OVER_RIDING_STYLED_ITEM('overriding color',(#8735),#2804,#8336);
#8735 = PRESENTATION_STYLE_ASSIGNMENT((#8736));
#8736 = SURFACE_STYLE_USAGE(.BOTH.,#8737);
#8737 = SURFACE_SIDE_STYLE('',(#8738));
#8738 = SURFACE_STYLE_FILL_AREA(#8739);
#8739 = FILL_AREA_STYLE('',(#8740));
#8740 = FILL_AREA_STYLE_COLOUR('',#8445);
#8741 = OVER_RIDING_STYLED_ITEM('overriding color',(#8742),#2832,#8336);
#8742 = PRESENTATION_STYLE_ASSIGNMENT((#8743));
#8743 = SURFACE_STYLE_USAGE(.BOTH.,#8744);
#8744 = SURFACE_SIDE_STYLE('',(#8745));
#8745 = SURFACE_STYLE_FILL_AREA(#8746);
#8746 = FILL_AREA_STYLE('',(#8747));
#8747 = FILL_AREA_STYLE_COLOUR('',#8445);
#8748 = OVER_RIDING_STYLED_ITEM('overriding color',(#8749),#2860,#8336);
#8749 = PRESENTATION_STYLE_ASSIGNMENT((#8750));
#8750 = SURFACE_STYLE_USAGE(.BOTH.,#8751);
#8751 = SURFACE_SIDE_STYLE('',(#8752));
#8752 = SURFACE_STYLE_FILL_AREA(#8753);
#8753 = FILL_AREA_STYLE('',(#8754));
#8754 = FILL_AREA_STYLE_COLOUR('',#8445);
#8755 = OVER_RIDING_STYLED_ITEM('overriding color',(#8756),#2888,#8336);
#8756 = PRESENTATION_STYLE_ASSIGNMENT((#8757));
#8757 = SURFACE_STYLE_USAGE(.BOTH.,#8758);
#8758 = SURFACE_SIDE_STYLE('',(#8759));
#8759 = SURFACE_STYLE_FILL_AREA(#8760);
#8760 = FILL_AREA_STYLE('',(#8761));
#8761 = FILL_AREA_STYLE_COLOUR('',#8445);
#8762 = OVER_RIDING_STYLED_ITEM('overriding color',(#8763),#2916,#8336);
#8763 = PRESENTATION_STYLE_ASSIGNMENT((#8764));
#8764 = SURFACE_STYLE_USAGE(.BOTH.,#8765);
#8765 = SURFACE_SIDE_STYLE('',(#8766));
#8766 = SURFACE_STYLE_FILL_AREA(#8767);
#8767 = FILL_AREA_STYLE('',(#8768));
#8768 = FILL_AREA_STYLE_COLOUR('',#8445);
#8769 = OVER_RIDING_STYLED_ITEM('overriding color',(#8770),#2938,#8336);
#8770 = PRESENTATION_STYLE_ASSIGNMENT((#8771));
#8771 = SURFACE_STYLE_USAGE(.BOTH.,#8772);
#8772 = SURFACE_SIDE_STYLE('',(#8773));
#8773 = SURFACE_STYLE_FILL_AREA(#8774);
#8774 = FILL_AREA_STYLE('',(#8775));
#8775 = FILL_AREA_STYLE_COLOUR('',#8445);
#8776 = OVER_RIDING_STYLED_ITEM('overriding color',(#8777),#2966,#8336);
#8777 = PRESENTATION_STYLE_ASSIGNMENT((#8778));
#8778 = SURFACE_STYLE_USAGE(.BOTH.,#8779);
#8779 = SURFACE_SIDE_STYLE('',(#8780));
#8780 = SURFACE_STYLE_FILL_AREA(#8781);
#8781 = FILL_AREA_STYLE('',(#8782));
#8782 = FILL_AREA_STYLE_COLOUR('',#8445);
#8783 = OVER_RIDING_STYLED_ITEM('overriding color',(#8784),#2994,#8336);
#8784 = PRESENTATION_STYLE_ASSIGNMENT((#8785));
#8785 = SURFACE_STYLE_USAGE(.BOTH.,#8786);
#8786 = SURFACE_SIDE_STYLE('',(#8787));
#8787 = SURFACE_STYLE_FILL_AREA(#8788);
#8788 = FILL_AREA_STYLE('',(#8789));
#8789 = FILL_AREA_STYLE_COLOUR('',#8445);
#8790 = OVER_RIDING_STYLED_ITEM('overriding color',(#8791),#3022,#8336);
#8791 = PRESENTATION_STYLE_ASSIGNMENT((#8792));
#8792 = SURFACE_STYLE_USAGE(.BOTH.,#8793);
#8793 = SURFACE_SIDE_STYLE('',(#8794));
#8794 = SURFACE_STYLE_FILL_AREA(#8795);
#8795 = FILL_AREA_STYLE('',(#8796));
#8796 = FILL_AREA_STYLE_COLOUR('',#8445);
#8797 = OVER_RIDING_STYLED_ITEM('overriding color',(#8798),#3050,#8336);
#8798 = PRESENTATION_STYLE_ASSIGNMENT((#8799));
#8799 = SURFACE_STYLE_USAGE(.BOTH.,#8800);
#8800 = SURFACE_SIDE_STYLE('',(#8801));
#8801 = SURFACE_STYLE_FILL_AREA(#8802);
#8802 = FILL_AREA_STYLE('',(#8803));
#8803 = FILL_AREA_STYLE_COLOUR('',#8445);
#8804 = OVER_RIDING_STYLED_ITEM('overriding color',(#8805),#3072,#8336);
#8805 = PRESENTATION_STYLE_ASSIGNMENT((#8806));
#8806 = SURFACE_STYLE_USAGE(.BOTH.,#8807);
#8807 = SURFACE_SIDE_STYLE('',(#8808));
#8808 = SURFACE_STYLE_FILL_AREA(#8809);
#8809 = FILL_AREA_STYLE('',(#8810));
#8810 = FILL_AREA_STYLE_COLOUR('',#8445);
#8811 = OVER_RIDING_STYLED_ITEM('overriding color',(#8812),#3094,#8336);
#8812 = PRESENTATION_STYLE_ASSIGNMENT((#8813));
#8813 = SURFACE_STYLE_USAGE(.BOTH.,#8814);
#8814 = SURFACE_SIDE_STYLE('',(#8815));
#8815 = SURFACE_STYLE_FILL_AREA(#8816);
#8816 = FILL_AREA_STYLE('',(#8817));
#8817 = FILL_AREA_STYLE_COLOUR('',#8445);
#8818 = OVER_RIDING_STYLED_ITEM('overriding color',(#8819),#3122,#8336);
#8819 = PRESENTATION_STYLE_ASSIGNMENT((#8820));
#8820 = SURFACE_STYLE_USAGE(.BOTH.,#8821);
#8821 = SURFACE_SIDE_STYLE('',(#8822));
#8822 = SURFACE_STYLE_FILL_AREA(#8823);
#8823 = FILL_AREA_STYLE('',(#8824));
#8824 = FILL_AREA_STYLE_COLOUR('',#8445);
#8825 = OVER_RIDING_STYLED_ITEM('overriding color',(#8826),#3144,#8336);
#8826 = PRESENTATION_STYLE_ASSIGNMENT((#8827));
#8827 = SURFACE_STYLE_USAGE(.BOTH.,#8828);
#8828 = SURFACE_SIDE_STYLE('',(#8829));
#8829 = SURFACE_STYLE_FILL_AREA(#8830);
#8830 = FILL_AREA_STYLE('',(#8831));
#8831 = FILL_AREA_STYLE_COLOUR('',#8445);
#8832 = OVER_RIDING_STYLED_ITEM('overriding color',(#8833),#3166,#8336);
#8833 = PRESENTATION_STYLE_ASSIGNMENT((#8834));
#8834 = SURFACE_STYLE_USAGE(.BOTH.,#8835);
#8835 = SURFACE_SIDE_STYLE('',(#8836));
#8836 = SURFACE_STYLE_FILL_AREA(#8837);
#8837 = FILL_AREA_STYLE('',(#8838));
#8838 = FILL_AREA_STYLE_COLOUR('',#8445);
#8839 = OVER_RIDING_STYLED_ITEM('overriding color',(#8840),#3188,#8336);
#8840 = PRESENTATION_STYLE_ASSIGNMENT((#8841));
#8841 = SURFACE_STYLE_USAGE(.BOTH.,#8842);
#8842 = SURFACE_SIDE_STYLE('',(#8843));
#8843 = SURFACE_STYLE_FILL_AREA(#8844);
#8844 = FILL_AREA_STYLE('',(#8845));
#8845 = FILL_AREA_STYLE_COLOUR('',#8445);
#8846 = OVER_RIDING_STYLED_ITEM('overriding color',(#8847),#3210,#8336);
#8847 = PRESENTATION_STYLE_ASSIGNMENT((#8848));
#8848 = SURFACE_STYLE_USAGE(.BOTH.,#8849);
#8849 = SURFACE_SIDE_STYLE('',(#8850));
#8850 = SURFACE_STYLE_FILL_AREA(#8851);
#8851 = FILL_AREA_STYLE('',(#8852));
#8852 = FILL_AREA_STYLE_COLOUR('',#8445);
#8853 = OVER_RIDING_STYLED_ITEM('overriding color',(#8854),#3232,#8336);
#8854 = PRESENTATION_STYLE_ASSIGNMENT((#8855));
#8855 = SURFACE_STYLE_USAGE(.BOTH.,#8856);
#8856 = SURFACE_SIDE_STYLE('',(#8857));
#8857 = SURFACE_STYLE_FILL_AREA(#8858);
#8858 = FILL_AREA_STYLE('',(#8859));
#8859 = FILL_AREA_STYLE_COLOUR('',#8445);
#8860 = OVER_RIDING_STYLED_ITEM('overriding color',(#8861),#3254,#8336);
#8861 = PRESENTATION_STYLE_ASSIGNMENT((#8862));
#8862 = SURFACE_STYLE_USAGE(.BOTH.,#8863);
#8863 = SURFACE_SIDE_STYLE('',(#8864));
#8864 = SURFACE_STYLE_FILL_AREA(#8865);
#8865 = FILL_AREA_STYLE('',(#8866));
#8866 = FILL_AREA_STYLE_COLOUR('',#8445);
#8867 = OVER_RIDING_STYLED_ITEM('overriding color',(#8868),#3276,#8336);
#8868 = PRESENTATION_STYLE_ASSIGNMENT((#8869));
#8869 = SURFACE_STYLE_USAGE(.BOTH.,#8870);
#8870 = SURFACE_SIDE_STYLE('',(#8871));
#8871 = SURFACE_STYLE_FILL_AREA(#8872);
#8872 = FILL_AREA_STYLE('',(#8873));
#8873 = FILL_AREA_STYLE_COLOUR('',#8445);
#8874 = OVER_RIDING_STYLED_ITEM('overriding color',(#8875),#3298,#8336);
#8875 = PRESENTATION_STYLE_ASSIGNMENT((#8876));
#8876 = SURFACE_STYLE_USAGE(.BOTH.,#8877);
#8877 = SURFACE_SIDE_STYLE('',(#8878));
#8878 = SURFACE_STYLE_FILL_AREA(#8879);
#8879 = FILL_AREA_STYLE('',(#8880));
#8880 = FILL_AREA_STYLE_COLOUR('',#8445);
#8881 = OVER_RIDING_STYLED_ITEM('overriding color',(#8882),#3320,#8336);
#8882 = PRESENTATION_STYLE_ASSIGNMENT((#8883));
#8883 = SURFACE_STYLE_USAGE(.BOTH.,#8884);
#8884 = SURFACE_SIDE_STYLE('',(#8885));
#8885 = SURFACE_STYLE_FILL_AREA(#8886);
#8886 = FILL_AREA_STYLE('',(#8887));
#8887 = FILL_AREA_STYLE_COLOUR('',#8445);
#8888 = OVER_RIDING_STYLED_ITEM('overriding color',(#8889),#3342,#8336);
#8889 = PRESENTATION_STYLE_ASSIGNMENT((#8890));
#8890 = SURFACE_STYLE_USAGE(.BOTH.,#8891);
#8891 = SURFACE_SIDE_STYLE('',(#8892));
#8892 = SURFACE_STYLE_FILL_AREA(#8893);
#8893 = FILL_AREA_STYLE('',(#8894));
#8894 = FILL_AREA_STYLE_COLOUR('',#8445);
#8895 = OVER_RIDING_STYLED_ITEM('overriding color',(#8896),#3358,#8336);
#8896 = PRESENTATION_STYLE_ASSIGNMENT((#8897));
#8897 = SURFACE_STYLE_USAGE(.BOTH.,#8898);
#8898 = SURFACE_SIDE_STYLE('',(#8899));
#8899 = SURFACE_STYLE_FILL_AREA(#8900);
#8900 = FILL_AREA_STYLE('',(#8901));
#8901 = FILL_AREA_STYLE_COLOUR('',#8445);
#8902 = OVER_RIDING_STYLED_ITEM('overriding color',(#8903),#3378,#8336);
#8903 = PRESENTATION_STYLE_ASSIGNMENT((#8904));
#8904 = SURFACE_STYLE_USAGE(.BOTH.,#8905);
#8905 = SURFACE_SIDE_STYLE('',(#8906));
#8906 = SURFACE_STYLE_FILL_AREA(#8907);
#8907 = FILL_AREA_STYLE('',(#8908));
#8908 = FILL_AREA_STYLE_COLOUR('',#8445);
#8909 = OVER_RIDING_STYLED_ITEM('overriding color',(#8910),#3502,#8336);
#8910 = PRESENTATION_STYLE_ASSIGNMENT((#8911));
#8911 = SURFACE_STYLE_USAGE(.BOTH.,#8912);
#8912 = SURFACE_SIDE_STYLE('',(#8913));
#8913 = SURFACE_STYLE_FILL_AREA(#8914);
#8914 = FILL_AREA_STYLE('',(#8915));
#8915 = FILL_AREA_STYLE_COLOUR('',#8445);
#8916 = OVER_RIDING_STYLED_ITEM('overriding color',(#8917),#3522,#8336);
#8917 = PRESENTATION_STYLE_ASSIGNMENT((#8918));
#8918 = SURFACE_STYLE_USAGE(.BOTH.,#8919);
#8919 = SURFACE_SIDE_STYLE('',(#8920));
#8920 = SURFACE_STYLE_FILL_AREA(#8921);
#8921 = FILL_AREA_STYLE('',(#8922));
#8922 = FILL_AREA_STYLE_COLOUR('',#8445);
#8923 = OVER_RIDING_STYLED_ITEM('overriding color',(#8924),#3542,#8336);
#8924 = PRESENTATION_STYLE_ASSIGNMENT((#8925));
#8925 = SURFACE_STYLE_USAGE(.BOTH.,#8926);
#8926 = SURFACE_SIDE_STYLE('',(#8927));
#8927 = SURFACE_STYLE_FILL_AREA(#8928);
#8928 = FILL_AREA_STYLE('',(#8929));
#8929 = FILL_AREA_STYLE_COLOUR('',#8445);
#8930 = OVER_RIDING_STYLED_ITEM('overriding color',(#8931),#3562,#8336);
#8931 = PRESENTATION_STYLE_ASSIGNMENT((#8932));
#8932 = SURFACE_STYLE_USAGE(.BOTH.,#8933);
#8933 = SURFACE_SIDE_STYLE('',(#8934));
#8934 = SURFACE_STYLE_FILL_AREA(#8935);
#8935 = FILL_AREA_STYLE('',(#8936));
#8936 = FILL_AREA_STYLE_COLOUR('',#8445);
#8937 = OVER_RIDING_STYLED_ITEM('overriding color',(#8938),#3582,#8336);
#8938 = PRESENTATION_STYLE_ASSIGNMENT((#8939));
#8939 = SURFACE_STYLE_USAGE(.BOTH.,#8940);
#8940 = SURFACE_SIDE_STYLE('',(#8941));
#8941 = SURFACE_STYLE_FILL_AREA(#8942);
#8942 = FILL_AREA_STYLE('',(#8943));
#8943 = FILL_AREA_STYLE_COLOUR('',#8445);
#8944 = OVER_RIDING_STYLED_ITEM('overriding color',(#8945),#3602,#8336);
#8945 = PRESENTATION_STYLE_ASSIGNMENT((#8946));
#8946 = SURFACE_STYLE_USAGE(.BOTH.,#8947);
#8947 = SURFACE_SIDE_STYLE('',(#8948));
#8948 = SURFACE_STYLE_FILL_AREA(#8949);
#8949 = FILL_AREA_STYLE('',(#8950));
#8950 = FILL_AREA_STYLE_COLOUR('',#8445);
#8951 = OVER_RIDING_STYLED_ITEM('overriding color',(#8952),#3618,#8336);
#8952 = PRESENTATION_STYLE_ASSIGNMENT((#8953));
#8953 = SURFACE_STYLE_USAGE(.BOTH.,#8954);
#8954 = SURFACE_SIDE_STYLE('',(#8955));
#8955 = SURFACE_STYLE_FILL_AREA(#8956);
#8956 = FILL_AREA_STYLE('',(#8957));
#8957 = FILL_AREA_STYLE_COLOUR('',#8445);
#8958 = OVER_RIDING_STYLED_ITEM('overriding color',(#8959),#3630,#8336);
#8959 = PRESENTATION_STYLE_ASSIGNMENT((#8960));
#8960 = SURFACE_STYLE_USAGE(.BOTH.,#8961);
#8961 = SURFACE_SIDE_STYLE('',(#8962));
#8962 = SURFACE_STYLE_FILL_AREA(#8963);
#8963 = FILL_AREA_STYLE('',(#8964));
#8964 = FILL_AREA_STYLE_COLOUR('',#8445);
#8965 = OVER_RIDING_STYLED_ITEM('overriding color',(#8966),#3658,#8336);
#8966 = PRESENTATION_STYLE_ASSIGNMENT((#8967));
#8967 = SURFACE_STYLE_USAGE(.BOTH.,#8968);
#8968 = SURFACE_SIDE_STYLE('',(#8969));
#8969 = SURFACE_STYLE_FILL_AREA(#8970);
#8970 = FILL_AREA_STYLE('',(#8971));
#8971 = FILL_AREA_STYLE_COLOUR('',#8445);
#8972 = OVER_RIDING_STYLED_ITEM('overriding color',(#8973),#3680,#8336);
#8973 = PRESENTATION_STYLE_ASSIGNMENT((#8974));
#8974 = SURFACE_STYLE_USAGE(.BOTH.,#8975);
#8975 = SURFACE_SIDE_STYLE('',(#8976));
#8976 = SURFACE_STYLE_FILL_AREA(#8977);
#8977 = FILL_AREA_STYLE('',(#8978));
#8978 = FILL_AREA_STYLE_COLOUR('',#8445);
#8979 = OVER_RIDING_STYLED_ITEM('overriding color',(#8980),#3702,#8336);
#8980 = PRESENTATION_STYLE_ASSIGNMENT((#8981));
#8981 = SURFACE_STYLE_USAGE(.BOTH.,#8982);
#8982 = SURFACE_SIDE_STYLE('',(#8983));
#8983 = SURFACE_STYLE_FILL_AREA(#8984);
#8984 = FILL_AREA_STYLE('',(#8985));
#8985 = FILL_AREA_STYLE_COLOUR('',#8445);
#8986 = OVER_RIDING_STYLED_ITEM('overriding color',(#8987),#3730,#8336);
#8987 = PRESENTATION_STYLE_ASSIGNMENT((#8988));
#8988 = SURFACE_STYLE_USAGE(.BOTH.,#8989);
#8989 = SURFACE_SIDE_STYLE('',(#8990));
#8990 = SURFACE_STYLE_FILL_AREA(#8991);
#8991 = FILL_AREA_STYLE('',(#8992));
#8992 = FILL_AREA_STYLE_COLOUR('',#8445);
#8993 = OVER_RIDING_STYLED_ITEM('overriding color',(#8994),#3758,#8336);
#8994 = PRESENTATION_STYLE_ASSIGNMENT((#8995));
#8995 = SURFACE_STYLE_USAGE(.BOTH.,#8996);
#8996 = SURFACE_SIDE_STYLE('',(#8997));
#8997 = SURFACE_STYLE_FILL_AREA(#8998);
#8998 = FILL_AREA_STYLE('',(#8999));
#8999 = FILL_AREA_STYLE_COLOUR('',#8445);
#9000 = OVER_RIDING_STYLED_ITEM('overriding color',(#9001),#3786,#8336);
#9001 = PRESENTATION_STYLE_ASSIGNMENT((#9002));
#9002 = SURFACE_STYLE_USAGE(.BOTH.,#9003);
#9003 = SURFACE_SIDE_STYLE('',(#9004));
#9004 = SURFACE_STYLE_FILL_AREA(#9005);
#9005 = FILL_AREA_STYLE('',(#9006));
#9006 = FILL_AREA_STYLE_COLOUR('',#8445);
#9007 = OVER_RIDING_STYLED_ITEM('overriding color',(#9008),#3808,#8336);
#9008 = PRESENTATION_STYLE_ASSIGNMENT((#9009));
#9009 = SURFACE_STYLE_USAGE(.BOTH.,#9010);
#9010 = SURFACE_SIDE_STYLE('',(#9011));
#9011 = SURFACE_STYLE_FILL_AREA(#9012);
#9012 = FILL_AREA_STYLE('',(#9013));
#9013 = FILL_AREA_STYLE_COLOUR('',#8353);
#9014 = OVER_RIDING_STYLED_ITEM('overriding color',(#9015),#3823,#8336);
#9015 = PRESENTATION_STYLE_ASSIGNMENT((#9016));
#9016 = SURFACE_STYLE_USAGE(.BOTH.,#9017);
#9017 = SURFACE_SIDE_STYLE('',(#9018));
#9018 = SURFACE_STYLE_FILL_AREA(#9019);
#9019 = FILL_AREA_STYLE('',(#9020));
#9020 = FILL_AREA_STYLE_COLOUR('',#8445);
#9021 = OVER_RIDING_STYLED_ITEM('overriding color',(#9022),#3935,#8336);
#9022 = PRESENTATION_STYLE_ASSIGNMENT((#9023));
#9023 = SURFACE_STYLE_USAGE(.BOTH.,#9024);
#9024 = SURFACE_SIDE_STYLE('',(#9025));
#9025 = SURFACE_STYLE_FILL_AREA(#9026);
#9026 = FILL_AREA_STYLE('',(#9027));
#9027 = FILL_AREA_STYLE_COLOUR('',#8445);
#9028 = OVER_RIDING_STYLED_ITEM('overriding color',(#9029),#3955,#8336);
#9029 = PRESENTATION_STYLE_ASSIGNMENT((#9030));
#9030 = SURFACE_STYLE_USAGE(.BOTH.,#9031);
#9031 = SURFACE_SIDE_STYLE('',(#9032));
#9032 = SURFACE_STYLE_FILL_AREA(#9033);
#9033 = FILL_AREA_STYLE('',(#9034));
#9034 = FILL_AREA_STYLE_COLOUR('',#8445);
#9035 = OVER_RIDING_STYLED_ITEM('overriding color',(#9036),#3971,#8336);
#9036 = PRESENTATION_STYLE_ASSIGNMENT((#9037));
#9037 = SURFACE_STYLE_USAGE(.BOTH.,#9038);
#9038 = SURFACE_SIDE_STYLE('',(#9039));
#9039 = SURFACE_STYLE_FILL_AREA(#9040);
#9040 = FILL_AREA_STYLE('',(#9041));
#9041 = FILL_AREA_STYLE_COLOUR('',#8445);
#9042 = OVER_RIDING_STYLED_ITEM('overriding color',(#9043),#3987,#8336);
#9043 = PRESENTATION_STYLE_ASSIGNMENT((#9044));
#9044 = SURFACE_STYLE_USAGE(.BOTH.,#9045);
#9045 = SURFACE_SIDE_STYLE('',(#9046));
#9046 = SURFACE_STYLE_FILL_AREA(#9047);
#9047 = FILL_AREA_STYLE('',(#9048));
#9048 = FILL_AREA_STYLE_COLOUR('',#8445);
#9049 = OVER_RIDING_STYLED_ITEM('overriding color',(#9050),#4003,#8336);
#9050 = PRESENTATION_STYLE_ASSIGNMENT((#9051));
#9051 = SURFACE_STYLE_USAGE(.BOTH.,#9052);
#9052 = SURFACE_SIDE_STYLE('',(#9053));
#9053 = SURFACE_STYLE_FILL_AREA(#9054);
#9054 = FILL_AREA_STYLE('',(#9055));
#9055 = FILL_AREA_STYLE_COLOUR('',#8445);
#9056 = OVER_RIDING_STYLED_ITEM('overriding color',(#9057),#4019,#8336);
#9057 = PRESENTATION_STYLE_ASSIGNMENT((#9058));
#9058 = SURFACE_STYLE_USAGE(.BOTH.,#9059);
#9059 = SURFACE_SIDE_STYLE('',(#9060));
#9060 = SURFACE_STYLE_FILL_AREA(#9061);
#9061 = FILL_AREA_STYLE('',(#9062));
#9062 = FILL_AREA_STYLE_COLOUR('',#8445);
#9063 = OVER_RIDING_STYLED_ITEM('overriding color',(#9064),#4035,#8336);
#9064 = PRESENTATION_STYLE_ASSIGNMENT((#9065));
#9065 = SURFACE_STYLE_USAGE(.BOTH.,#9066);
#9066 = SURFACE_SIDE_STYLE('',(#9067));
#9067 = SURFACE_STYLE_FILL_AREA(#9068);
#9068 = FILL_AREA_STYLE('',(#9069));
#9069 = FILL_AREA_STYLE_COLOUR('',#8445);
#9070 = OVER_RIDING_STYLED_ITEM('overriding color',(#9071),#4051,#8336);
#9071 = PRESENTATION_STYLE_ASSIGNMENT((#9072));
#9072 = SURFACE_STYLE_USAGE(.BOTH.,#9073);
#9073 = SURFACE_SIDE_STYLE('',(#9074));
#9074 = SURFACE_STYLE_FILL_AREA(#9075);
#9075 = FILL_AREA_STYLE('',(#9076));
#9076 = FILL_AREA_STYLE_COLOUR('',#8445);
#9077 = OVER_RIDING_STYLED_ITEM('overriding color',(#9078),#4063,#8336);
#9078 = PRESENTATION_STYLE_ASSIGNMENT((#9079));
#9079 = SURFACE_STYLE_USAGE(.BOTH.,#9080);
#9080 = SURFACE_SIDE_STYLE('',(#9081));
#9081 = SURFACE_STYLE_FILL_AREA(#9082);
#9082 = FILL_AREA_STYLE('',(#9083));
#9083 = FILL_AREA_STYLE_COLOUR('',#8445);
#9084 = OVER_RIDING_STYLED_ITEM('overriding color',(#9085),#4091,#8336);
#9085 = PRESENTATION_STYLE_ASSIGNMENT((#9086));
#9086 = SURFACE_STYLE_USAGE(.BOTH.,#9087);
#9087 = SURFACE_SIDE_STYLE('',(#9088));
#9088 = SURFACE_STYLE_FILL_AREA(#9089);
#9089 = FILL_AREA_STYLE('',(#9090));
#9090 = FILL_AREA_STYLE_COLOUR('',#8445);
#9091 = OVER_RIDING_STYLED_ITEM('overriding color',(#9092),#4113,#8336);
#9092 = PRESENTATION_STYLE_ASSIGNMENT((#9093));
#9093 = SURFACE_STYLE_USAGE(.BOTH.,#9094);
#9094 = SURFACE_SIDE_STYLE('',(#9095));
#9095 = SURFACE_STYLE_FILL_AREA(#9096);
#9096 = FILL_AREA_STYLE('',(#9097));
#9097 = FILL_AREA_STYLE_COLOUR('',#8445);
#9098 = OVER_RIDING_STYLED_ITEM('overriding color',(#9099),#4141,#8336);
#9099 = PRESENTATION_STYLE_ASSIGNMENT((#9100));
#9100 = SURFACE_STYLE_USAGE(.BOTH.,#9101);
#9101 = SURFACE_SIDE_STYLE('',(#9102));
#9102 = SURFACE_STYLE_FILL_AREA(#9103);
#9103 = FILL_AREA_STYLE('',(#9104));
#9104 = FILL_AREA_STYLE_COLOUR('',#8445);
#9105 = OVER_RIDING_STYLED_ITEM('overriding color',(#9106),#4163,#8336);
#9106 = PRESENTATION_STYLE_ASSIGNMENT((#9107));
#9107 = SURFACE_STYLE_USAGE(.BOTH.,#9108);
#9108 = SURFACE_SIDE_STYLE('',(#9109));
#9109 = SURFACE_STYLE_FILL_AREA(#9110);
#9110 = FILL_AREA_STYLE('',(#9111));
#9111 = FILL_AREA_STYLE_COLOUR('',#8445);
#9112 = OVER_RIDING_STYLED_ITEM('overriding color',(#9113),#4191,#8336);
#9113 = PRESENTATION_STYLE_ASSIGNMENT((#9114));
#9114 = SURFACE_STYLE_USAGE(.BOTH.,#9115);
#9115 = SURFACE_SIDE_STYLE('',(#9116));
#9116 = SURFACE_STYLE_FILL_AREA(#9117);
#9117 = FILL_AREA_STYLE('',(#9118));
#9118 = FILL_AREA_STYLE_COLOUR('',#8445);
#9119 = OVER_RIDING_STYLED_ITEM('overriding color',(#9120),#4207,#8336);
#9120 = PRESENTATION_STYLE_ASSIGNMENT((#9121));
#9121 = SURFACE_STYLE_USAGE(.BOTH.,#9122);
#9122 = SURFACE_SIDE_STYLE('',(#9123));
#9123 = SURFACE_STYLE_FILL_AREA(#9124);
#9124 = FILL_AREA_STYLE('',(#9125));
#9125 = FILL_AREA_STYLE_COLOUR('',#8353);
#9126 = OVER_RIDING_STYLED_ITEM('overriding color',(#9127),#4221,#8336);
#9127 = PRESENTATION_STYLE_ASSIGNMENT((#9128));
#9128 = SURFACE_STYLE_USAGE(.BOTH.,#9129);
#9129 = SURFACE_SIDE_STYLE('',(#9130));
#9130 = SURFACE_STYLE_FILL_AREA(#9131);
#9131 = FILL_AREA_STYLE('',(#9132));
#9132 = FILL_AREA_STYLE_COLOUR('',#8445);
#9133 = OVER_RIDING_STYLED_ITEM('overriding color',(#9134),#4249,#8336);
#9134 = PRESENTATION_STYLE_ASSIGNMENT((#9135));
#9135 = SURFACE_STYLE_USAGE(.BOTH.,#9136);
#9136 = SURFACE_SIDE_STYLE('',(#9137));
#9137 = SURFACE_STYLE_FILL_AREA(#9138);
#9138 = FILL_AREA_STYLE('',(#9139));
#9139 = FILL_AREA_STYLE_COLOUR('',#8445);
#9140 = OVER_RIDING_STYLED_ITEM('overriding color',(#9141),#4271,#8336);
#9141 = PRESENTATION_STYLE_ASSIGNMENT((#9142));
#9142 = SURFACE_STYLE_USAGE(.BOTH.,#9143);
#9143 = SURFACE_SIDE_STYLE('',(#9144));
#9144 = SURFACE_STYLE_FILL_AREA(#9145);
#9145 = FILL_AREA_STYLE('',(#9146));
#9146 = FILL_AREA_STYLE_COLOUR('',#8445);
#9147 = OVER_RIDING_STYLED_ITEM('overriding color',(#9148),#4293,#8336);
#9148 = PRESENTATION_STYLE_ASSIGNMENT((#9149));
#9149 = SURFACE_STYLE_USAGE(.BOTH.,#9150);
#9150 = SURFACE_SIDE_STYLE('',(#9151));
#9151 = SURFACE_STYLE_FILL_AREA(#9152);
#9152 = FILL_AREA_STYLE('',(#9153));
#9153 = FILL_AREA_STYLE_COLOUR('',#8445);
#9154 = OVER_RIDING_STYLED_ITEM('overriding color',(#9155),#4315,#8336);
#9155 = PRESENTATION_STYLE_ASSIGNMENT((#9156));
#9156 = SURFACE_STYLE_USAGE(.BOTH.,#9157);
#9157 = SURFACE_SIDE_STYLE('',(#9158));
#9158 = SURFACE_STYLE_FILL_AREA(#9159);
#9159 = FILL_AREA_STYLE('',(#9160));
#9160 = FILL_AREA_STYLE_COLOUR('',#8445);
#9161 = OVER_RIDING_STYLED_ITEM('overriding color',(#9162),#4337,#8336);
#9162 = PRESENTATION_STYLE_ASSIGNMENT((#9163));
#9163 = SURFACE_STYLE_USAGE(.BOTH.,#9164);
#9164 = SURFACE_SIDE_STYLE('',(#9165));
#9165 = SURFACE_STYLE_FILL_AREA(#9166);
#9166 = FILL_AREA_STYLE('',(#9167));
#9167 = FILL_AREA_STYLE_COLOUR('',#8445);
#9168 = OVER_RIDING_STYLED_ITEM('overriding color',(#9169),#4359,#8336);
#9169 = PRESENTATION_STYLE_ASSIGNMENT((#9170));
#9170 = SURFACE_STYLE_USAGE(.BOTH.,#9171);
#9171 = SURFACE_SIDE_STYLE('',(#9172));
#9172 = SURFACE_STYLE_FILL_AREA(#9173);
#9173 = FILL_AREA_STYLE('',(#9174));
#9174 = FILL_AREA_STYLE_COLOUR('',#8445);
#9175 = OVER_RIDING_STYLED_ITEM('overriding color',(#9176),#4381,#8336);
#9176 = PRESENTATION_STYLE_ASSIGNMENT((#9177));
#9177 = SURFACE_STYLE_USAGE(.BOTH.,#9178);
#9178 = SURFACE_SIDE_STYLE('',(#9179));
#9179 = SURFACE_STYLE_FILL_AREA(#9180);
#9180 = FILL_AREA_STYLE('',(#9181));
#9181 = FILL_AREA_STYLE_COLOUR('',#8445);
#9182 = OVER_RIDING_STYLED_ITEM('overriding color',(#9183),#4403,#8336);
#9183 = PRESENTATION_STYLE_ASSIGNMENT((#9184));
#9184 = SURFACE_STYLE_USAGE(.BOTH.,#9185);
#9185 = SURFACE_SIDE_STYLE('',(#9186));
#9186 = SURFACE_STYLE_FILL_AREA(#9187);
#9187 = FILL_AREA_STYLE('',(#9188));
#9188 = FILL_AREA_STYLE_COLOUR('',#8445);
#9189 = OVER_RIDING_STYLED_ITEM('overriding color',(#9190),#4425,#8336);
#9190 = PRESENTATION_STYLE_ASSIGNMENT((#9191));
#9191 = SURFACE_STYLE_USAGE(.BOTH.,#9192);
#9192 = SURFACE_SIDE_STYLE('',(#9193));
#9193 = SURFACE_STYLE_FILL_AREA(#9194);
#9194 = FILL_AREA_STYLE('',(#9195));
#9195 = FILL_AREA_STYLE_COLOUR('',#8445);
#9196 = OVER_RIDING_STYLED_ITEM('overriding color',(#9197),#4447,#8336);
#9197 = PRESENTATION_STYLE_ASSIGNMENT((#9198));
#9198 = SURFACE_STYLE_USAGE(.BOTH.,#9199);
#9199 = SURFACE_SIDE_STYLE('',(#9200));
#9200 = SURFACE_STYLE_FILL_AREA(#9201);
#9201 = FILL_AREA_STYLE('',(#9202));
#9202 = FILL_AREA_STYLE_COLOUR('',#8445);
#9203 = OVER_RIDING_STYLED_ITEM('overriding color',(#9204),#4469,#8336);
#9204 = PRESENTATION_STYLE_ASSIGNMENT((#9205));
#9205 = SURFACE_STYLE_USAGE(.BOTH.,#9206);
#9206 = SURFACE_SIDE_STYLE('',(#9207));
#9207 = SURFACE_STYLE_FILL_AREA(#9208);
#9208 = FILL_AREA_STYLE('',(#9209));
#9209 = FILL_AREA_STYLE_COLOUR('',#8445);
#9210 = OVER_RIDING_STYLED_ITEM('overriding color',(#9211),#4485,#8336);
#9211 = PRESENTATION_STYLE_ASSIGNMENT((#9212));
#9212 = SURFACE_STYLE_USAGE(.BOTH.,#9213);
#9213 = SURFACE_SIDE_STYLE('',(#9214));
#9214 = SURFACE_STYLE_FILL_AREA(#9215);
#9215 = FILL_AREA_STYLE('',(#9216));
#9216 = FILL_AREA_STYLE_COLOUR('',#8445);
#9217 = OVER_RIDING_STYLED_ITEM('overriding color',(#9218),#4505,#8336);
#9218 = PRESENTATION_STYLE_ASSIGNMENT((#9219));
#9219 = SURFACE_STYLE_USAGE(.BOTH.,#9220);
#9220 = SURFACE_SIDE_STYLE('',(#9221));
#9221 = SURFACE_STYLE_FILL_AREA(#9222);
#9222 = FILL_AREA_STYLE('',(#9223));
#9223 = FILL_AREA_STYLE_COLOUR('',#8445);
#9224 = OVER_RIDING_STYLED_ITEM('overriding color',(#9225),#4697,#8336);
#9225 = PRESENTATION_STYLE_ASSIGNMENT((#9226));
#9226 = SURFACE_STYLE_USAGE(.BOTH.,#9227);
#9227 = SURFACE_SIDE_STYLE('',(#9228));
#9228 = SURFACE_STYLE_FILL_AREA(#9229);
#9229 = FILL_AREA_STYLE('',(#9230));
#9230 = FILL_AREA_STYLE_COLOUR('',#8445);
#9231 = OVER_RIDING_STYLED_ITEM('overriding color',(#9232),#4721,#8336);
#9232 = PRESENTATION_STYLE_ASSIGNMENT((#9233));
#9233 = SURFACE_STYLE_USAGE(.BOTH.,#9234);
#9234 = SURFACE_SIDE_STYLE('',(#9235));
#9235 = SURFACE_STYLE_FILL_AREA(#9236);
#9236 = FILL_AREA_STYLE('',(#9237));
#9237 = FILL_AREA_STYLE_COLOUR('',#8445);
#9238 = OVER_RIDING_STYLED_ITEM('overriding color',(#9239),#4737,#8336);
#9239 = PRESENTATION_STYLE_ASSIGNMENT((#9240));
#9240 = SURFACE_STYLE_USAGE(.BOTH.,#9241);
#9241 = SURFACE_SIDE_STYLE('',(#9242));
#9242 = SURFACE_STYLE_FILL_AREA(#9243);
#9243 = FILL_AREA_STYLE('',(#9244));
#9244 = FILL_AREA_STYLE_COLOUR('',#8445);
#9245 = OVER_RIDING_STYLED_ITEM('overriding color',(#9246),#4757,#8336);
#9246 = PRESENTATION_STYLE_ASSIGNMENT((#9247));
#9247 = SURFACE_STYLE_USAGE(.BOTH.,#9248);
#9248 = SURFACE_SIDE_STYLE('',(#9249));
#9249 = SURFACE_STYLE_FILL_AREA(#9250);
#9250 = FILL_AREA_STYLE('',(#9251));
#9251 = FILL_AREA_STYLE_COLOUR('',#8445);
#9252 = OVER_RIDING_STYLED_ITEM('overriding color',(#9253),#4777,#8336);
#9253 = PRESENTATION_STYLE_ASSIGNMENT((#9254));
#9254 = SURFACE_STYLE_USAGE(.BOTH.,#9255);
#9255 = SURFACE_SIDE_STYLE('',(#9256));
#9256 = SURFACE_STYLE_FILL_AREA(#9257);
#9257 = FILL_AREA_STYLE('',(#9258));
#9258 = FILL_AREA_STYLE_COLOUR('',#8445);
#9259 = OVER_RIDING_STYLED_ITEM('overriding color',(#9260),#4793,#8336);
#9260 = PRESENTATION_STYLE_ASSIGNMENT((#9261));
#9261 = SURFACE_STYLE_USAGE(.BOTH.,#9262);
#9262 = SURFACE_SIDE_STYLE('',(#9263));
#9263 = SURFACE_STYLE_FILL_AREA(#9264);
#9264 = FILL_AREA_STYLE('',(#9265));
#9265 = FILL_AREA_STYLE_COLOUR('',#8445);
#9266 = OVER_RIDING_STYLED_ITEM('overriding color',(#9267),#4813,#8336);
#9267 = PRESENTATION_STYLE_ASSIGNMENT((#9268));
#9268 = SURFACE_STYLE_USAGE(.BOTH.,#9269);
#9269 = SURFACE_SIDE_STYLE('',(#9270));
#9270 = SURFACE_STYLE_FILL_AREA(#9271);
#9271 = FILL_AREA_STYLE('',(#9272));
#9272 = FILL_AREA_STYLE_COLOUR('',#8445);
#9273 = OVER_RIDING_STYLED_ITEM('overriding color',(#9274),#4833,#8336);
#9274 = PRESENTATION_STYLE_ASSIGNMENT((#9275));
#9275 = SURFACE_STYLE_USAGE(.BOTH.,#9276);
#9276 = SURFACE_SIDE_STYLE('',(#9277));
#9277 = SURFACE_STYLE_FILL_AREA(#9278);
#9278 = FILL_AREA_STYLE('',(#9279));
#9279 = FILL_AREA_STYLE_COLOUR('',#8445);
#9280 = OVER_RIDING_STYLED_ITEM('overriding color',(#9281),#4853,#8336);
#9281 = PRESENTATION_STYLE_ASSIGNMENT((#9282));
#9282 = SURFACE_STYLE_USAGE(.BOTH.,#9283);
#9283 = SURFACE_SIDE_STYLE('',(#9284));
#9284 = SURFACE_STYLE_FILL_AREA(#9285);
#9285 = FILL_AREA_STYLE('',(#9286));
#9286 = FILL_AREA_STYLE_COLOUR('',#8445);
#9287 = OVER_RIDING_STYLED_ITEM('overriding color',(#9288),#4873,#8336);
#9288 = PRESENTATION_STYLE_ASSIGNMENT((#9289));
#9289 = SURFACE_STYLE_USAGE(.BOTH.,#9290);
#9290 = SURFACE_SIDE_STYLE('',(#9291));
#9291 = SURFACE_STYLE_FILL_AREA(#9292);
#9292 = FILL_AREA_STYLE('',(#9293));
#9293 = FILL_AREA_STYLE_COLOUR('',#8445);
#9294 = OVER_RIDING_STYLED_ITEM('overriding color',(#9295),#4889,#8336);
#9295 = PRESENTATION_STYLE_ASSIGNMENT((#9296));
#9296 = SURFACE_STYLE_USAGE(.BOTH.,#9297);
#9297 = SURFACE_SIDE_STYLE('',(#9298));
#9298 = SURFACE_STYLE_FILL_AREA(#9299);
#9299 = FILL_AREA_STYLE('',(#9300));
#9300 = FILL_AREA_STYLE_COLOUR('',#8445);
#9301 = OVER_RIDING_STYLED_ITEM('overriding color',(#9302),#4905,#8336);
#9302 = PRESENTATION_STYLE_ASSIGNMENT((#9303));
#9303 = SURFACE_STYLE_USAGE(.BOTH.,#9304);
#9304 = SURFACE_SIDE_STYLE('',(#9305));
#9305 = SURFACE_STYLE_FILL_AREA(#9306);
#9306 = FILL_AREA_STYLE('',(#9307));
#9307 = FILL_AREA_STYLE_COLOUR('',#8445);
#9308 = OVER_RIDING_STYLED_ITEM('overriding color',(#9309),#4921,#8336);
#9309 = PRESENTATION_STYLE_ASSIGNMENT((#9310));
#9310 = SURFACE_STYLE_USAGE(.BOTH.,#9311);
#9311 = SURFACE_SIDE_STYLE('',(#9312));
#9312 = SURFACE_STYLE_FILL_AREA(#9313);
#9313 = FILL_AREA_STYLE('',(#9314));
#9314 = FILL_AREA_STYLE_COLOUR('',#8445);
#9315 = OVER_RIDING_STYLED_ITEM('overriding color',(#9316),#4937,#8336);
#9316 = PRESENTATION_STYLE_ASSIGNMENT((#9317));
#9317 = SURFACE_STYLE_USAGE(.BOTH.,#9318);
#9318 = SURFACE_SIDE_STYLE('',(#9319));
#9319 = SURFACE_STYLE_FILL_AREA(#9320);
#9320 = FILL_AREA_STYLE('',(#9321));
#9321 = FILL_AREA_STYLE_COLOUR('',#8445);
#9322 = OVER_RIDING_STYLED_ITEM('overriding color',(#9323),#4953,#8336);
#9323 = PRESENTATION_STYLE_ASSIGNMENT((#9324));
#9324 = SURFACE_STYLE_USAGE(.BOTH.,#9325);
#9325 = SURFACE_SIDE_STYLE('',(#9326));
#9326 = SURFACE_STYLE_FILL_AREA(#9327);
#9327 = FILL_AREA_STYLE('',(#9328));
#9328 = FILL_AREA_STYLE_COLOUR('',#8445);
#9329 = OVER_RIDING_STYLED_ITEM('overriding color',(#9330),#4987,#8336);
#9330 = PRESENTATION_STYLE_ASSIGNMENT((#9331));
#9331 = SURFACE_STYLE_USAGE(.BOTH.,#9332);
#9332 = SURFACE_SIDE_STYLE('',(#9333));
#9333 = SURFACE_STYLE_FILL_AREA(#9334);
#9334 = FILL_AREA_STYLE('',(#9335));
#9335 = FILL_AREA_STYLE_COLOUR('',#8445);
#9336 = OVER_RIDING_STYLED_ITEM('overriding color',(#9337),#5015,#8336);
#9337 = PRESENTATION_STYLE_ASSIGNMENT((#9338));
#9338 = SURFACE_STYLE_USAGE(.BOTH.,#9339);
#9339 = SURFACE_SIDE_STYLE('',(#9340));
#9340 = SURFACE_STYLE_FILL_AREA(#9341);
#9341 = FILL_AREA_STYLE('',(#9342));
#9342 = FILL_AREA_STYLE_COLOUR('',#8445);
#9343 = OVER_RIDING_STYLED_ITEM('overriding color',(#9344),#5043,#8336);
#9344 = PRESENTATION_STYLE_ASSIGNMENT((#9345));
#9345 = SURFACE_STYLE_USAGE(.BOTH.,#9346);
#9346 = SURFACE_SIDE_STYLE('',(#9347));
#9347 = SURFACE_STYLE_FILL_AREA(#9348);
#9348 = FILL_AREA_STYLE('',(#9349));
#9349 = FILL_AREA_STYLE_COLOUR('',#8445);
#9350 = OVER_RIDING_STYLED_ITEM('overriding color',(#9351),#5071,#8336);
#9351 = PRESENTATION_STYLE_ASSIGNMENT((#9352));
#9352 = SURFACE_STYLE_USAGE(.BOTH.,#9353);
#9353 = SURFACE_SIDE_STYLE('',(#9354));
#9354 = SURFACE_STYLE_FILL_AREA(#9355);
#9355 = FILL_AREA_STYLE('',(#9356));
#9356 = FILL_AREA_STYLE_COLOUR('',#8445);
#9357 = OVER_RIDING_STYLED_ITEM('overriding color',(#9358),#5099,#8336);
#9358 = PRESENTATION_STYLE_ASSIGNMENT((#9359));
#9359 = SURFACE_STYLE_USAGE(.BOTH.,#9360);
#9360 = SURFACE_SIDE_STYLE('',(#9361));
#9361 = SURFACE_STYLE_FILL_AREA(#9362);
#9362 = FILL_AREA_STYLE('',(#9363));
#9363 = FILL_AREA_STYLE_COLOUR('',#8445);
#9364 = OVER_RIDING_STYLED_ITEM('overriding color',(#9365),#5127,#8336);
#9365 = PRESENTATION_STYLE_ASSIGNMENT((#9366));
#9366 = SURFACE_STYLE_USAGE(.BOTH.,#9367);
#9367 = SURFACE_SIDE_STYLE('',(#9368));
#9368 = SURFACE_STYLE_FILL_AREA(#9369);
#9369 = FILL_AREA_STYLE('',(#9370));
#9370 = FILL_AREA_STYLE_COLOUR('',#8445);
#9371 = OVER_RIDING_STYLED_ITEM('overriding color',(#9372),#5149,#8336);
#9372 = PRESENTATION_STYLE_ASSIGNMENT((#9373));
#9373 = SURFACE_STYLE_USAGE(.BOTH.,#9374);
#9374 = SURFACE_SIDE_STYLE('',(#9375));
#9375 = SURFACE_STYLE_FILL_AREA(#9376);
#9376 = FILL_AREA_STYLE('',(#9377));
#9377 = FILL_AREA_STYLE_COLOUR('',#8445);
#9378 = OVER_RIDING_STYLED_ITEM('overriding color',(#9379),#5165,#8336);
#9379 = PRESENTATION_STYLE_ASSIGNMENT((#9380));
#9380 = SURFACE_STYLE_USAGE(.BOTH.,#9381);
#9381 = SURFACE_SIDE_STYLE('',(#9382));
#9382 = SURFACE_STYLE_FILL_AREA(#9383);
#9383 = FILL_AREA_STYLE('',(#9384));
#9384 = FILL_AREA_STYLE_COLOUR('',#8353);
#9385 = OVER_RIDING_STYLED_ITEM('overriding color',(#9386),#5181,#8336);
#9386 = PRESENTATION_STYLE_ASSIGNMENT((#9387));
#9387 = SURFACE_STYLE_USAGE(.BOTH.,#9388);
#9388 = SURFACE_SIDE_STYLE('',(#9389));
#9389 = SURFACE_STYLE_FILL_AREA(#9390);
#9390 = FILL_AREA_STYLE('',(#9391));
#9391 = FILL_AREA_STYLE_COLOUR('',#8445);
#9392 = OVER_RIDING_STYLED_ITEM('overriding color',(#9393),#5215,#8336);
#9393 = PRESENTATION_STYLE_ASSIGNMENT((#9394));
#9394 = SURFACE_STYLE_USAGE(.BOTH.,#9395);
#9395 = SURFACE_SIDE_STYLE('',(#9396));
#9396 = SURFACE_STYLE_FILL_AREA(#9397);
#9397 = FILL_AREA_STYLE('',(#9398));
#9398 = FILL_AREA_STYLE_COLOUR('',#8445);
#9399 = OVER_RIDING_STYLED_ITEM('overriding color',(#9400),#5237,#8336);
#9400 = PRESENTATION_STYLE_ASSIGNMENT((#9401));
#9401 = SURFACE_STYLE_USAGE(.BOTH.,#9402);
#9402 = SURFACE_SIDE_STYLE('',(#9403));
#9403 = SURFACE_STYLE_FILL_AREA(#9404);
#9404 = FILL_AREA_STYLE('',(#9405));
#9405 = FILL_AREA_STYLE_COLOUR('',#8445);
#9406 = OVER_RIDING_STYLED_ITEM('overriding color',(#9407),#5265,#8336);
#9407 = PRESENTATION_STYLE_ASSIGNMENT((#9408));
#9408 = SURFACE_STYLE_USAGE(.BOTH.,#9409);
#9409 = SURFACE_SIDE_STYLE('',(#9410));
#9410 = SURFACE_STYLE_FILL_AREA(#9411);
#9411 = FILL_AREA_STYLE('',(#9412));
#9412 = FILL_AREA_STYLE_COLOUR('',#8445);
#9413 = OVER_RIDING_STYLED_ITEM('overriding color',(#9414),#5293,#8336);
#9414 = PRESENTATION_STYLE_ASSIGNMENT((#9415));
#9415 = SURFACE_STYLE_USAGE(.BOTH.,#9416);
#9416 = SURFACE_SIDE_STYLE('',(#9417));
#9417 = SURFACE_STYLE_FILL_AREA(#9418);
#9418 = FILL_AREA_STYLE('',(#9419));
#9419 = FILL_AREA_STYLE_COLOUR('',#8445);
#9420 = OVER_RIDING_STYLED_ITEM('overriding color',(#9421),#5321,#8336);
#9421 = PRESENTATION_STYLE_ASSIGNMENT((#9422));
#9422 = SURFACE_STYLE_USAGE(.BOTH.,#9423);
#9423 = SURFACE_SIDE_STYLE('',(#9424));
#9424 = SURFACE_STYLE_FILL_AREA(#9425);
#9425 = FILL_AREA_STYLE('',(#9426));
#9426 = FILL_AREA_STYLE_COLOUR('',#8445);
#9427 = OVER_RIDING_STYLED_ITEM('overriding color',(#9428),#5349,#8336);
#9428 = PRESENTATION_STYLE_ASSIGNMENT((#9429));
#9429 = SURFACE_STYLE_USAGE(.BOTH.,#9430);
#9430 = SURFACE_SIDE_STYLE('',(#9431));
#9431 = SURFACE_STYLE_FILL_AREA(#9432);
#9432 = FILL_AREA_STYLE('',(#9433));
#9433 = FILL_AREA_STYLE_COLOUR('',#8445);
#9434 = OVER_RIDING_STYLED_ITEM('overriding color',(#9435),#5377,#8336);
#9435 = PRESENTATION_STYLE_ASSIGNMENT((#9436));
#9436 = SURFACE_STYLE_USAGE(.BOTH.,#9437);
#9437 = SURFACE_SIDE_STYLE('',(#9438));
#9438 = SURFACE_STYLE_FILL_AREA(#9439);
#9439 = FILL_AREA_STYLE('',(#9440));
#9440 = FILL_AREA_STYLE_COLOUR('',#8445);
#9441 = OVER_RIDING_STYLED_ITEM('overriding color',(#9442),#5405,#8336);
#9442 = PRESENTATION_STYLE_ASSIGNMENT((#9443));
#9443 = SURFACE_STYLE_USAGE(.BOTH.,#9444);
#9444 = SURFACE_SIDE_STYLE('',(#9445));
#9445 = SURFACE_STYLE_FILL_AREA(#9446);
#9446 = FILL_AREA_STYLE('',(#9447));
#9447 = FILL_AREA_STYLE_COLOUR('',#8445);
#9448 = OVER_RIDING_STYLED_ITEM('overriding color',(#9449),#5433,#8336);
#9449 = PRESENTATION_STYLE_ASSIGNMENT((#9450));
#9450 = SURFACE_STYLE_USAGE(.BOTH.,#9451);
#9451 = SURFACE_SIDE_STYLE('',(#9452));
#9452 = SURFACE_STYLE_FILL_AREA(#9453);
#9453 = FILL_AREA_STYLE('',(#9454));
#9454 = FILL_AREA_STYLE_COLOUR('',#8445);
#9455 = OVER_RIDING_STYLED_ITEM('overriding color',(#9456),#5461,#8336);
#9456 = PRESENTATION_STYLE_ASSIGNMENT((#9457));
#9457 = SURFACE_STYLE_USAGE(.BOTH.,#9458);
#9458 = SURFACE_SIDE_STYLE('',(#9459));
#9459 = SURFACE_STYLE_FILL_AREA(#9460);
#9460 = FILL_AREA_STYLE('',(#9461));
#9461 = FILL_AREA_STYLE_COLOUR('',#8445);
#9462 = OVER_RIDING_STYLED_ITEM('overriding color',(#9463),#5489,#8336);
#9463 = PRESENTATION_STYLE_ASSIGNMENT((#9464));
#9464 = SURFACE_STYLE_USAGE(.BOTH.,#9465);
#9465 = SURFACE_SIDE_STYLE('',(#9466));
#9466 = SURFACE_STYLE_FILL_AREA(#9467);
#9467 = FILL_AREA_STYLE('',(#9468));
#9468 = FILL_AREA_STYLE_COLOUR('',#8445);
#9469 = OVER_RIDING_STYLED_ITEM('overriding color',(#9470),#5517,#8336);
#9470 = PRESENTATION_STYLE_ASSIGNMENT((#9471));
#9471 = SURFACE_STYLE_USAGE(.BOTH.,#9472);
#9472 = SURFACE_SIDE_STYLE('',(#9473));
#9473 = SURFACE_STYLE_FILL_AREA(#9474);
#9474 = FILL_AREA_STYLE('',(#9475));
#9475 = FILL_AREA_STYLE_COLOUR('',#8445);
#9476 = OVER_RIDING_STYLED_ITEM('overriding color',(#9477),#5539,#8336);
#9477 = PRESENTATION_STYLE_ASSIGNMENT((#9478));
#9478 = SURFACE_STYLE_USAGE(.BOTH.,#9479);
#9479 = SURFACE_SIDE_STYLE('',(#9480));
#9480 = SURFACE_STYLE_FILL_AREA(#9481);
#9481 = FILL_AREA_STYLE('',(#9482));
#9482 = FILL_AREA_STYLE_COLOUR('',#8445);
#9483 = OVER_RIDING_STYLED_ITEM('overriding color',(#9484),#5567,#8336);
#9484 = PRESENTATION_STYLE_ASSIGNMENT((#9485));
#9485 = SURFACE_STYLE_USAGE(.BOTH.,#9486);
#9486 = SURFACE_SIDE_STYLE('',(#9487));
#9487 = SURFACE_STYLE_FILL_AREA(#9488);
#9488 = FILL_AREA_STYLE('',(#9489));
#9489 = FILL_AREA_STYLE_COLOUR('',#8445);
#9490 = OVER_RIDING_STYLED_ITEM('overriding color',(#9491),#5595,#8336);
#9491 = PRESENTATION_STYLE_ASSIGNMENT((#9492));
#9492 = SURFACE_STYLE_USAGE(.BOTH.,#9493);
#9493 = SURFACE_SIDE_STYLE('',(#9494));
#9494 = SURFACE_STYLE_FILL_AREA(#9495);
#9495 = FILL_AREA_STYLE('',(#9496));
#9496 = FILL_AREA_STYLE_COLOUR('',#8445);
#9497 = OVER_RIDING_STYLED_ITEM('overriding color',(#9498),#5623,#8336);
#9498 = PRESENTATION_STYLE_ASSIGNMENT((#9499));
#9499 = SURFACE_STYLE_USAGE(.BOTH.,#9500);
#9500 = SURFACE_SIDE_STYLE('',(#9501));
#9501 = SURFACE_STYLE_FILL_AREA(#9502);
#9502 = FILL_AREA_STYLE('',(#9503));
#9503 = FILL_AREA_STYLE_COLOUR('',#8445);
#9504 = OVER_RIDING_STYLED_ITEM('overriding color',(#9505),#5651,#8336);
#9505 = PRESENTATION_STYLE_ASSIGNMENT((#9506));
#9506 = SURFACE_STYLE_USAGE(.BOTH.,#9507);
#9507 = SURFACE_SIDE_STYLE('',(#9508));
#9508 = SURFACE_STYLE_FILL_AREA(#9509);
#9509 = FILL_AREA_STYLE('',(#9510));
#9510 = FILL_AREA_STYLE_COLOUR('',#8445);
#9511 = OVER_RIDING_STYLED_ITEM('overriding color',(#9512),#5679,#8336);
#9512 = PRESENTATION_STYLE_ASSIGNMENT((#9513));
#9513 = SURFACE_STYLE_USAGE(.BOTH.,#9514);
#9514 = SURFACE_SIDE_STYLE('',(#9515));
#9515 = SURFACE_STYLE_FILL_AREA(#9516);
#9516 = FILL_AREA_STYLE('',(#9517));
#9517 = FILL_AREA_STYLE_COLOUR('',#8445);
#9518 = OVER_RIDING_STYLED_ITEM('overriding color',(#9519),#5707,#8336);
#9519 = PRESENTATION_STYLE_ASSIGNMENT((#9520));
#9520 = SURFACE_STYLE_USAGE(.BOTH.,#9521);
#9521 = SURFACE_SIDE_STYLE('',(#9522));
#9522 = SURFACE_STYLE_FILL_AREA(#9523);
#9523 = FILL_AREA_STYLE('',(#9524));
#9524 = FILL_AREA_STYLE_COLOUR('',#8445);
#9525 = OVER_RIDING_STYLED_ITEM('overriding color',(#9526),#5735,#8336);
#9526 = PRESENTATION_STYLE_ASSIGNMENT((#9527));
#9527 = SURFACE_STYLE_USAGE(.BOTH.,#9528);
#9528 = SURFACE_SIDE_STYLE('',(#9529));
#9529 = SURFACE_STYLE_FILL_AREA(#9530);
#9530 = FILL_AREA_STYLE('',(#9531));
#9531 = FILL_AREA_STYLE_COLOUR('',#8445);
#9532 = OVER_RIDING_STYLED_ITEM('overriding color',(#9533),#5757,#8336);
#9533 = PRESENTATION_STYLE_ASSIGNMENT((#9534));
#9534 = SURFACE_STYLE_USAGE(.BOTH.,#9535);
#9535 = SURFACE_SIDE_STYLE('',(#9536));
#9536 = SURFACE_STYLE_FILL_AREA(#9537);
#9537 = FILL_AREA_STYLE('',(#9538));
#9538 = FILL_AREA_STYLE_COLOUR('',#8445);
#9539 = OVER_RIDING_STYLED_ITEM('overriding color',(#9540),#5786,#8336);
#9540 = PRESENTATION_STYLE_ASSIGNMENT((#9541));
#9541 = SURFACE_STYLE_USAGE(.BOTH.,#9542);
#9542 = SURFACE_SIDE_STYLE('',(#9543));
#9543 = SURFACE_STYLE_FILL_AREA(#9544);
#9544 = FILL_AREA_STYLE('',(#9545));
#9545 = FILL_AREA_STYLE_COLOUR('',#8445);
#9546 = OVER_RIDING_STYLED_ITEM('overriding color',(#9547),#5814,#8336);
#9547 = PRESENTATION_STYLE_ASSIGNMENT((#9548));
#9548 = SURFACE_STYLE_USAGE(.BOTH.,#9549);
#9549 = SURFACE_SIDE_STYLE('',(#9550));
#9550 = SURFACE_STYLE_FILL_AREA(#9551);
#9551 = FILL_AREA_STYLE('',(#9552));
#9552 = FILL_AREA_STYLE_COLOUR('',#8445);
#9553 = OVER_RIDING_STYLED_ITEM('overriding color',(#9554),#5836,#8336);
#9554 = PRESENTATION_STYLE_ASSIGNMENT((#9555));
#9555 = SURFACE_STYLE_USAGE(.BOTH.,#9556);
#9556 = SURFACE_SIDE_STYLE('',(#9557));
#9557 = SURFACE_STYLE_FILL_AREA(#9558);
#9558 = FILL_AREA_STYLE('',(#9559));
#9559 = FILL_AREA_STYLE_COLOUR('',#8445);
#9560 = OVER_RIDING_STYLED_ITEM('overriding color',(#9561),#5864,#8336);
#9561 = PRESENTATION_STYLE_ASSIGNMENT((#9562));
#9562 = SURFACE_STYLE_USAGE(.BOTH.,#9563);
#9563 = SURFACE_SIDE_STYLE('',(#9564));
#9564 = SURFACE_STYLE_FILL_AREA(#9565);
#9565 = FILL_AREA_STYLE('',(#9566));
#9566 = FILL_AREA_STYLE_COLOUR('',#8445);
#9567 = OVER_RIDING_STYLED_ITEM('overriding color',(#9568),#5886,#8336);
#9568 = PRESENTATION_STYLE_ASSIGNMENT((#9569));
#9569 = SURFACE_STYLE_USAGE(.BOTH.,#9570);
#9570 = SURFACE_SIDE_STYLE('',(#9571));
#9571 = SURFACE_STYLE_FILL_AREA(#9572);
#9572 = FILL_AREA_STYLE('',(#9573));
#9573 = FILL_AREA_STYLE_COLOUR('',#8445);
#9574 = OVER_RIDING_STYLED_ITEM('overriding color',(#9575),#5908,#8336);
#9575 = PRESENTATION_STYLE_ASSIGNMENT((#9576));
#9576 = SURFACE_STYLE_USAGE(.BOTH.,#9577);
#9577 = SURFACE_SIDE_STYLE('',(#9578));
#9578 = SURFACE_STYLE_FILL_AREA(#9579);
#9579 = FILL_AREA_STYLE('',(#9580));
#9580 = FILL_AREA_STYLE_COLOUR('',#8445);
#9581 = OVER_RIDING_STYLED_ITEM('overriding color',(#9582),#5930,#8336);
#9582 = PRESENTATION_STYLE_ASSIGNMENT((#9583));
#9583 = SURFACE_STYLE_USAGE(.BOTH.,#9584);
#9584 = SURFACE_SIDE_STYLE('',(#9585));
#9585 = SURFACE_STYLE_FILL_AREA(#9586);
#9586 = FILL_AREA_STYLE('',(#9587));
#9587 = FILL_AREA_STYLE_COLOUR('',#8445);
#9588 = OVER_RIDING_STYLED_ITEM('overriding color',(#9589),#5952,#8336);
#9589 = PRESENTATION_STYLE_ASSIGNMENT((#9590));
#9590 = SURFACE_STYLE_USAGE(.BOTH.,#9591);
#9591 = SURFACE_SIDE_STYLE('',(#9592));
#9592 = SURFACE_STYLE_FILL_AREA(#9593);
#9593 = FILL_AREA_STYLE('',(#9594));
#9594 = FILL_AREA_STYLE_COLOUR('',#8445);
#9595 = OVER_RIDING_STYLED_ITEM('overriding color',(#9596),#5974,#8336);
#9596 = PRESENTATION_STYLE_ASSIGNMENT((#9597));
#9597 = SURFACE_STYLE_USAGE(.BOTH.,#9598);
#9598 = SURFACE_SIDE_STYLE('',(#9599));
#9599 = SURFACE_STYLE_FILL_AREA(#9600);
#9600 = FILL_AREA_STYLE('',(#9601));
#9601 = FILL_AREA_STYLE_COLOUR('',#8445);
#9602 = OVER_RIDING_STYLED_ITEM('overriding color',(#9603),#5996,#8336);
#9603 = PRESENTATION_STYLE_ASSIGNMENT((#9604));
#9604 = SURFACE_STYLE_USAGE(.BOTH.,#9605);
#9605 = SURFACE_SIDE_STYLE('',(#9606));
#9606 = SURFACE_STYLE_FILL_AREA(#9607);
#9607 = FILL_AREA_STYLE('',(#9608));
#9608 = FILL_AREA_STYLE_COLOUR('',#8445);
#9609 = OVER_RIDING_STYLED_ITEM('overriding color',(#9610),#6024,#8336);
#9610 = PRESENTATION_STYLE_ASSIGNMENT((#9611));
#9611 = SURFACE_STYLE_USAGE(.BOTH.,#9612);
#9612 = SURFACE_SIDE_STYLE('',(#9613));
#9613 = SURFACE_STYLE_FILL_AREA(#9614);
#9614 = FILL_AREA_STYLE('',(#9615));
#9615 = FILL_AREA_STYLE_COLOUR('',#8445);
#9616 = OVER_RIDING_STYLED_ITEM('overriding color',(#9617),#6052,#8336);
#9617 = PRESENTATION_STYLE_ASSIGNMENT((#9618));
#9618 = SURFACE_STYLE_USAGE(.BOTH.,#9619);
#9619 = SURFACE_SIDE_STYLE('',(#9620));
#9620 = SURFACE_STYLE_FILL_AREA(#9621);
#9621 = FILL_AREA_STYLE('',(#9622));
#9622 = FILL_AREA_STYLE_COLOUR('',#8445);
#9623 = OVER_RIDING_STYLED_ITEM('overriding color',(#9624),#6074,#8336);
#9624 = PRESENTATION_STYLE_ASSIGNMENT((#9625));
#9625 = SURFACE_STYLE_USAGE(.BOTH.,#9626);
#9626 = SURFACE_SIDE_STYLE('',(#9627));
#9627 = SURFACE_STYLE_FILL_AREA(#9628);
#9628 = FILL_AREA_STYLE('',(#9629));
#9629 = FILL_AREA_STYLE_COLOUR('',#8445);
#9630 = OVER_RIDING_STYLED_ITEM('overriding color',(#9631),#6102,#8336);
#9631 = PRESENTATION_STYLE_ASSIGNMENT((#9632));
#9632 = SURFACE_STYLE_USAGE(.BOTH.,#9633);
#9633 = SURFACE_SIDE_STYLE('',(#9634));
#9634 = SURFACE_STYLE_FILL_AREA(#9635);
#9635 = FILL_AREA_STYLE('',(#9636));
#9636 = FILL_AREA_STYLE_COLOUR('',#8445);
#9637 = OVER_RIDING_STYLED_ITEM('overriding color',(#9638),#6130,#8336);
#9638 = PRESENTATION_STYLE_ASSIGNMENT((#9639));
#9639 = SURFACE_STYLE_USAGE(.BOTH.,#9640);
#9640 = SURFACE_SIDE_STYLE('',(#9641));
#9641 = SURFACE_STYLE_FILL_AREA(#9642);
#9642 = FILL_AREA_STYLE('',(#9643));
#9643 = FILL_AREA_STYLE_COLOUR('',#8445);
#9644 = OVER_RIDING_STYLED_ITEM('overriding color',(#9645),#6146,#8336);
#9645 = PRESENTATION_STYLE_ASSIGNMENT((#9646));
#9646 = SURFACE_STYLE_USAGE(.BOTH.,#9647);
#9647 = SURFACE_SIDE_STYLE('',(#9648));
#9648 = SURFACE_STYLE_FILL_AREA(#9649);
#9649 = FILL_AREA_STYLE('',(#9650));
#9650 = FILL_AREA_STYLE_COLOUR('',#8445);
#9651 = OVER_RIDING_STYLED_ITEM('overriding color',(#9652),#6169,#8336);
#9652 = PRESENTATION_STYLE_ASSIGNMENT((#9653));
#9653 = SURFACE_STYLE_USAGE(.BOTH.,#9654);
#9654 = SURFACE_SIDE_STYLE('',(#9655));
#9655 = SURFACE_STYLE_FILL_AREA(#9656);
#9656 = FILL_AREA_STYLE('',(#9657));
#9657 = FILL_AREA_STYLE_COLOUR('',#8445);
#9658 = OVER_RIDING_STYLED_ITEM('overriding color',(#9659),#6197,#8336);
#9659 = PRESENTATION_STYLE_ASSIGNMENT((#9660));
#9660 = SURFACE_STYLE_USAGE(.BOTH.,#9661);
#9661 = SURFACE_SIDE_STYLE('',(#9662));
#9662 = SURFACE_STYLE_FILL_AREA(#9663);
#9663 = FILL_AREA_STYLE('',(#9664));
#9664 = FILL_AREA_STYLE_COLOUR('',#8445);
#9665 = OVER_RIDING_STYLED_ITEM('overriding color',(#9666),#6219,#8336);
#9666 = PRESENTATION_STYLE_ASSIGNMENT((#9667));
#9667 = SURFACE_STYLE_USAGE(.BOTH.,#9668);
#9668 = SURFACE_SIDE_STYLE('',(#9669));
#9669 = SURFACE_STYLE_FILL_AREA(#9670);
#9670 = FILL_AREA_STYLE('',(#9671));
#9671 = FILL_AREA_STYLE_COLOUR('',#8445);
#9672 = OVER_RIDING_STYLED_ITEM('overriding color',(#9673),#6241,#8336);
#9673 = PRESENTATION_STYLE_ASSIGNMENT((#9674));
#9674 = SURFACE_STYLE_USAGE(.BOTH.,#9675);
#9675 = SURFACE_SIDE_STYLE('',(#9676));
#9676 = SURFACE_STYLE_FILL_AREA(#9677);
#9677 = FILL_AREA_STYLE('',(#9678));
#9678 = FILL_AREA_STYLE_COLOUR('',#8445);
#9679 = OVER_RIDING_STYLED_ITEM('overriding color',(#9680),#6263,#8336);
#9680 = PRESENTATION_STYLE_ASSIGNMENT((#9681));
#9681 = SURFACE_STYLE_USAGE(.BOTH.,#9682);
#9682 = SURFACE_SIDE_STYLE('',(#9683));
#9683 = SURFACE_STYLE_FILL_AREA(#9684);
#9684 = FILL_AREA_STYLE('',(#9685));
#9685 = FILL_AREA_STYLE_COLOUR('',#8445);
#9686 = OVER_RIDING_STYLED_ITEM('overriding color',(#9687),#6285,#8336);
#9687 = PRESENTATION_STYLE_ASSIGNMENT((#9688));
#9688 = SURFACE_STYLE_USAGE(.BOTH.,#9689);
#9689 = SURFACE_SIDE_STYLE('',(#9690));
#9690 = SURFACE_STYLE_FILL_AREA(#9691);
#9691 = FILL_AREA_STYLE('',(#9692));
#9692 = FILL_AREA_STYLE_COLOUR('',#8445);
#9693 = OVER_RIDING_STYLED_ITEM('overriding color',(#9694),#6307,#8336);
#9694 = PRESENTATION_STYLE_ASSIGNMENT((#9695));
#9695 = SURFACE_STYLE_USAGE(.BOTH.,#9696);
#9696 = SURFACE_SIDE_STYLE('',(#9697));
#9697 = SURFACE_STYLE_FILL_AREA(#9698);
#9698 = FILL_AREA_STYLE('',(#9699));
#9699 = FILL_AREA_STYLE_COLOUR('',#8445);
#9700 = OVER_RIDING_STYLED_ITEM('overriding color',(#9701),#6329,#8336);
#9701 = PRESENTATION_STYLE_ASSIGNMENT((#9702));
#9702 = SURFACE_STYLE_USAGE(.BOTH.,#9703);
#9703 = SURFACE_SIDE_STYLE('',(#9704));
#9704 = SURFACE_STYLE_FILL_AREA(#9705);
#9705 = FILL_AREA_STYLE('',(#9706));
#9706 = FILL_AREA_STYLE_COLOUR('',#8445);
#9707 = OVER_RIDING_STYLED_ITEM('overriding color',(#9708),#6351,#8336);
#9708 = PRESENTATION_STYLE_ASSIGNMENT((#9709));
#9709 = SURFACE_STYLE_USAGE(.BOTH.,#9710);
#9710 = SURFACE_SIDE_STYLE('',(#9711));
#9711 = SURFACE_STYLE_FILL_AREA(#9712);
#9712 = FILL_AREA_STYLE('',(#9713));
#9713 = FILL_AREA_STYLE_COLOUR('',#8445);
#9714 = OVER_RIDING_STYLED_ITEM('overriding color',(#9715),#6373,#8336);
#9715 = PRESENTATION_STYLE_ASSIGNMENT((#9716));
#9716 = SURFACE_STYLE_USAGE(.BOTH.,#9717);
#9717 = SURFACE_SIDE_STYLE('',(#9718));
#9718 = SURFACE_STYLE_FILL_AREA(#9719);
#9719 = FILL_AREA_STYLE('',(#9720));
#9720 = FILL_AREA_STYLE_COLOUR('',#8445);
#9721 = OVER_RIDING_STYLED_ITEM('overriding color',(#9722),#6395,#8336);
#9722 = PRESENTATION_STYLE_ASSIGNMENT((#9723));
#9723 = SURFACE_STYLE_USAGE(.BOTH.,#9724);
#9724 = SURFACE_SIDE_STYLE('',(#9725));
#9725 = SURFACE_STYLE_FILL_AREA(#9726);
#9726 = FILL_AREA_STYLE('',(#9727));
#9727 = FILL_AREA_STYLE_COLOUR('',#8445);
#9728 = OVER_RIDING_STYLED_ITEM('overriding color',(#9729),#6417,#8336);
#9729 = PRESENTATION_STYLE_ASSIGNMENT((#9730));
#9730 = SURFACE_STYLE_USAGE(.BOTH.,#9731);
#9731 = SURFACE_SIDE_STYLE('',(#9732));
#9732 = SURFACE_STYLE_FILL_AREA(#9733);
#9733 = FILL_AREA_STYLE('',(#9734));
#9734 = FILL_AREA_STYLE_COLOUR('',#8445);
#9735 = OVER_RIDING_STYLED_ITEM('overriding color',(#9736),#6433,#8336);
#9736 = PRESENTATION_STYLE_ASSIGNMENT((#9737));
#9737 = SURFACE_STYLE_USAGE(.BOTH.,#9738);
#9738 = SURFACE_SIDE_STYLE('',(#9739));
#9739 = SURFACE_STYLE_FILL_AREA(#9740);
#9740 = FILL_AREA_STYLE('',(#9741));
#9741 = FILL_AREA_STYLE_COLOUR('',#8445);
#9742 = OVER_RIDING_STYLED_ITEM('overriding color',(#9743),#6453,#8336);
#9743 = PRESENTATION_STYLE_ASSIGNMENT((#9744));
#9744 = SURFACE_STYLE_USAGE(.BOTH.,#9745);
#9745 = SURFACE_SIDE_STYLE('',(#9746));
#9746 = SURFACE_STYLE_FILL_AREA(#9747);
#9747 = FILL_AREA_STYLE('',(#9748));
#9748 = FILL_AREA_STYLE_COLOUR('',#8445);
#9749 = OVER_RIDING_STYLED_ITEM('overriding color',(#9750),#6577,#8336);
#9750 = PRESENTATION_STYLE_ASSIGNMENT((#9751));
#9751 = SURFACE_STYLE_USAGE(.BOTH.,#9752);
#9752 = SURFACE_SIDE_STYLE('',(#9753));
#9753 = SURFACE_STYLE_FILL_AREA(#9754);
#9754 = FILL_AREA_STYLE('',(#9755));
#9755 = FILL_AREA_STYLE_COLOUR('',#8445);
#9756 = OVER_RIDING_STYLED_ITEM('overriding color',(#9757),#6597,#8336);
#9757 = PRESENTATION_STYLE_ASSIGNMENT((#9758));
#9758 = SURFACE_STYLE_USAGE(.BOTH.,#9759);
#9759 = SURFACE_SIDE_STYLE('',(#9760));
#9760 = SURFACE_STYLE_FILL_AREA(#9761);
#9761 = FILL_AREA_STYLE('',(#9762));
#9762 = FILL_AREA_STYLE_COLOUR('',#8445);
#9763 = OVER_RIDING_STYLED_ITEM('overriding color',(#9764),#6617,#8336);
#9764 = PRESENTATION_STYLE_ASSIGNMENT((#9765));
#9765 = SURFACE_STYLE_USAGE(.BOTH.,#9766);
#9766 = SURFACE_SIDE_STYLE('',(#9767));
#9767 = SURFACE_STYLE_FILL_AREA(#9768);
#9768 = FILL_AREA_STYLE('',(#9769));
#9769 = FILL_AREA_STYLE_COLOUR('',#8445);
#9770 = OVER_RIDING_STYLED_ITEM('overriding color',(#9771),#6637,#8336);
#9771 = PRESENTATION_STYLE_ASSIGNMENT((#9772));
#9772 = SURFACE_STYLE_USAGE(.BOTH.,#9773);
#9773 = SURFACE_SIDE_STYLE('',(#9774));
#9774 = SURFACE_STYLE_FILL_AREA(#9775);
#9775 = FILL_AREA_STYLE('',(#9776));
#9776 = FILL_AREA_STYLE_COLOUR('',#8445);
#9777 = OVER_RIDING_STYLED_ITEM('overriding color',(#9778),#6657,#8336);
#9778 = PRESENTATION_STYLE_ASSIGNMENT((#9779));
#9779 = SURFACE_STYLE_USAGE(.BOTH.,#9780);
#9780 = SURFACE_SIDE_STYLE('',(#9781));
#9781 = SURFACE_STYLE_FILL_AREA(#9782);
#9782 = FILL_AREA_STYLE('',(#9783));
#9783 = FILL_AREA_STYLE_COLOUR('',#8445);
#9784 = OVER_RIDING_STYLED_ITEM('overriding color',(#9785),#6677,#8336);
#9785 = PRESENTATION_STYLE_ASSIGNMENT((#9786));
#9786 = SURFACE_STYLE_USAGE(.BOTH.,#9787);
#9787 = SURFACE_SIDE_STYLE('',(#9788));
#9788 = SURFACE_STYLE_FILL_AREA(#9789);
#9789 = FILL_AREA_STYLE('',(#9790));
#9790 = FILL_AREA_STYLE_COLOUR('',#8445);
#9791 = OVER_RIDING_STYLED_ITEM('overriding color',(#9792),#6693,#8336);
#9792 = PRESENTATION_STYLE_ASSIGNMENT((#9793));
#9793 = SURFACE_STYLE_USAGE(.BOTH.,#9794);
#9794 = SURFACE_SIDE_STYLE('',(#9795));
#9795 = SURFACE_STYLE_FILL_AREA(#9796);
#9796 = FILL_AREA_STYLE('',(#9797));
#9797 = FILL_AREA_STYLE_COLOUR('',#8445);
#9798 = OVER_RIDING_STYLED_ITEM('overriding color',(#9799),#6705,#8336);
#9799 = PRESENTATION_STYLE_ASSIGNMENT((#9800));
#9800 = SURFACE_STYLE_USAGE(.BOTH.,#9801);
#9801 = SURFACE_SIDE_STYLE('',(#9802));
#9802 = SURFACE_STYLE_FILL_AREA(#9803);
#9803 = FILL_AREA_STYLE('',(#9804));
#9804 = FILL_AREA_STYLE_COLOUR('',#8445);
#9805 = OVER_RIDING_STYLED_ITEM('overriding color',(#9806),#6733,#8336);
#9806 = PRESENTATION_STYLE_ASSIGNMENT((#9807));
#9807 = SURFACE_STYLE_USAGE(.BOTH.,#9808);
#9808 = SURFACE_SIDE_STYLE('',(#9809));
#9809 = SURFACE_STYLE_FILL_AREA(#9810);
#9810 = FILL_AREA_STYLE('',(#9811));
#9811 = FILL_AREA_STYLE_COLOUR('',#8445);
#9812 = OVER_RIDING_STYLED_ITEM('overriding color',(#9813),#6755,#8336);
#9813 = PRESENTATION_STYLE_ASSIGNMENT((#9814));
#9814 = SURFACE_STYLE_USAGE(.BOTH.,#9815);
#9815 = SURFACE_SIDE_STYLE('',(#9816));
#9816 = SURFACE_STYLE_FILL_AREA(#9817);
#9817 = FILL_AREA_STYLE('',(#9818));
#9818 = FILL_AREA_STYLE_COLOUR('',#8445);
#9819 = OVER_RIDING_STYLED_ITEM('overriding color',(#9820),#6777,#8336);
#9820 = PRESENTATION_STYLE_ASSIGNMENT((#9821));
#9821 = SURFACE_STYLE_USAGE(.BOTH.,#9822);
#9822 = SURFACE_SIDE_STYLE('',(#9823));
#9823 = SURFACE_STYLE_FILL_AREA(#9824);
#9824 = FILL_AREA_STYLE('',(#9825));
#9825 = FILL_AREA_STYLE_COLOUR('',#8445);
#9826 = OVER_RIDING_STYLED_ITEM('overriding color',(#9827),#6805,#8336);
#9827 = PRESENTATION_STYLE_ASSIGNMENT((#9828));
#9828 = SURFACE_STYLE_USAGE(.BOTH.,#9829);
#9829 = SURFACE_SIDE_STYLE('',(#9830));
#9830 = SURFACE_STYLE_FILL_AREA(#9831);
#9831 = FILL_AREA_STYLE('',(#9832));
#9832 = FILL_AREA_STYLE_COLOUR('',#8445);
#9833 = OVER_RIDING_STYLED_ITEM('overriding color',(#9834),#6833,#8336);
#9834 = PRESENTATION_STYLE_ASSIGNMENT((#9835));
#9835 = SURFACE_STYLE_USAGE(.BOTH.,#9836);
#9836 = SURFACE_SIDE_STYLE('',(#9837));
#9837 = SURFACE_STYLE_FILL_AREA(#9838);
#9838 = FILL_AREA_STYLE('',(#9839));
#9839 = FILL_AREA_STYLE_COLOUR('',#8445);
#9840 = OVER_RIDING_STYLED_ITEM('overriding color',(#9841),#6861,#8336);
#9841 = PRESENTATION_STYLE_ASSIGNMENT((#9842));
#9842 = SURFACE_STYLE_USAGE(.BOTH.,#9843);
#9843 = SURFACE_SIDE_STYLE('',(#9844));
#9844 = SURFACE_STYLE_FILL_AREA(#9845);
#9845 = FILL_AREA_STYLE('',(#9846));
#9846 = FILL_AREA_STYLE_COLOUR('',#8445);
#9847 = OVER_RIDING_STYLED_ITEM('overriding color',(#9848),#6883,#8336);
#9848 = PRESENTATION_STYLE_ASSIGNMENT((#9849));
#9849 = SURFACE_STYLE_USAGE(.BOTH.,#9850);
#9850 = SURFACE_SIDE_STYLE('',(#9851));
#9851 = SURFACE_STYLE_FILL_AREA(#9852);
#9852 = FILL_AREA_STYLE('',(#9853));
#9853 = FILL_AREA_STYLE_COLOUR('',#8353);
#9854 = OVER_RIDING_STYLED_ITEM('overriding color',(#9855),#6898,#8336);
#9855 = PRESENTATION_STYLE_ASSIGNMENT((#9856));
#9856 = SURFACE_STYLE_USAGE(.BOTH.,#9857);
#9857 = SURFACE_SIDE_STYLE('',(#9858));
#9858 = SURFACE_STYLE_FILL_AREA(#9859);
#9859 = FILL_AREA_STYLE('',(#9860));
#9860 = FILL_AREA_STYLE_COLOUR('',#8445);
#9861 = OVER_RIDING_STYLED_ITEM('overriding color',(#9862),#7010,#8336);
#9862 = PRESENTATION_STYLE_ASSIGNMENT((#9863));
#9863 = SURFACE_STYLE_USAGE(.BOTH.,#9864);
#9864 = SURFACE_SIDE_STYLE('',(#9865));
#9865 = SURFACE_STYLE_FILL_AREA(#9866);
#9866 = FILL_AREA_STYLE('',(#9867));
#9867 = FILL_AREA_STYLE_COLOUR('',#8445);
#9868 = OVER_RIDING_STYLED_ITEM('overriding color',(#9869),#7030,#8336);
#9869 = PRESENTATION_STYLE_ASSIGNMENT((#9870));
#9870 = SURFACE_STYLE_USAGE(.BOTH.,#9871);
#9871 = SURFACE_SIDE_STYLE('',(#9872));
#9872 = SURFACE_STYLE_FILL_AREA(#9873);
#9873 = FILL_AREA_STYLE('',(#9874));
#9874 = FILL_AREA_STYLE_COLOUR('',#8445);
#9875 = OVER_RIDING_STYLED_ITEM('overriding color',(#9876),#7046,#8336);
#9876 = PRESENTATION_STYLE_ASSIGNMENT((#9877));
#9877 = SURFACE_STYLE_USAGE(.BOTH.,#9878);
#9878 = SURFACE_SIDE_STYLE('',(#9879));
#9879 = SURFACE_STYLE_FILL_AREA(#9880);
#9880 = FILL_AREA_STYLE('',(#9881));
#9881 = FILL_AREA_STYLE_COLOUR('',#8445);
#9882 = OVER_RIDING_STYLED_ITEM('overriding color',(#9883),#7062,#8336);
#9883 = PRESENTATION_STYLE_ASSIGNMENT((#9884));
#9884 = SURFACE_STYLE_USAGE(.BOTH.,#9885);
#9885 = SURFACE_SIDE_STYLE('',(#9886));
#9886 = SURFACE_STYLE_FILL_AREA(#9887);
#9887 = FILL_AREA_STYLE('',(#9888));
#9888 = FILL_AREA_STYLE_COLOUR('',#8445);
#9889 = OVER_RIDING_STYLED_ITEM('overriding color',(#9890),#7078,#8336);
#9890 = PRESENTATION_STYLE_ASSIGNMENT((#9891));
#9891 = SURFACE_STYLE_USAGE(.BOTH.,#9892);
#9892 = SURFACE_SIDE_STYLE('',(#9893));
#9893 = SURFACE_STYLE_FILL_AREA(#9894);
#9894 = FILL_AREA_STYLE('',(#9895));
#9895 = FILL_AREA_STYLE_COLOUR('',#8445);
#9896 = OVER_RIDING_STYLED_ITEM('overriding color',(#9897),#7094,#8336);
#9897 = PRESENTATION_STYLE_ASSIGNMENT((#9898));
#9898 = SURFACE_STYLE_USAGE(.BOTH.,#9899);
#9899 = SURFACE_SIDE_STYLE('',(#9900));
#9900 = SURFACE_STYLE_FILL_AREA(#9901);
#9901 = FILL_AREA_STYLE('',(#9902));
#9902 = FILL_AREA_STYLE_COLOUR('',#8445);
#9903 = OVER_RIDING_STYLED_ITEM('overriding color',(#9904),#7110,#8336);
#9904 = PRESENTATION_STYLE_ASSIGNMENT((#9905));
#9905 = SURFACE_STYLE_USAGE(.BOTH.,#9906);
#9906 = SURFACE_SIDE_STYLE('',(#9907));
#9907 = SURFACE_STYLE_FILL_AREA(#9908);
#9908 = FILL_AREA_STYLE('',(#9909));
#9909 = FILL_AREA_STYLE_COLOUR('',#8445);
#9910 = OVER_RIDING_STYLED_ITEM('overriding color',(#9911),#7126,#8336);
#9911 = PRESENTATION_STYLE_ASSIGNMENT((#9912));
#9912 = SURFACE_STYLE_USAGE(.BOTH.,#9913);
#9913 = SURFACE_SIDE_STYLE('',(#9914));
#9914 = SURFACE_STYLE_FILL_AREA(#9915);
#9915 = FILL_AREA_STYLE('',(#9916));
#9916 = FILL_AREA_STYLE_COLOUR('',#8445);
#9917 = OVER_RIDING_STYLED_ITEM('overriding color',(#9918),#7138,#8336);
#9918 = PRESENTATION_STYLE_ASSIGNMENT((#9919));
#9919 = SURFACE_STYLE_USAGE(.BOTH.,#9920);
#9920 = SURFACE_SIDE_STYLE('',(#9921));
#9921 = SURFACE_STYLE_FILL_AREA(#9922);
#9922 = FILL_AREA_STYLE('',(#9923));
#9923 = FILL_AREA_STYLE_COLOUR('',#8445);
#9924 = OVER_RIDING_STYLED_ITEM('overriding color',(#9925),#7166,#8336);
#9925 = PRESENTATION_STYLE_ASSIGNMENT((#9926));
#9926 = SURFACE_STYLE_USAGE(.BOTH.,#9927);
#9927 = SURFACE_SIDE_STYLE('',(#9928));
#9928 = SURFACE_STYLE_FILL_AREA(#9929);
#9929 = FILL_AREA_STYLE('',(#9930));
#9930 = FILL_AREA_STYLE_COLOUR('',#8445);
#9931 = OVER_RIDING_STYLED_ITEM('overriding color',(#9932),#7188,#8336);
#9932 = PRESENTATION_STYLE_ASSIGNMENT((#9933));
#9933 = SURFACE_STYLE_USAGE(.BOTH.,#9934);
#9934 = SURFACE_SIDE_STYLE('',(#9935));
#9935 = SURFACE_STYLE_FILL_AREA(#9936);
#9936 = FILL_AREA_STYLE('',(#9937));
#9937 = FILL_AREA_STYLE_COLOUR('',#8445);
#9938 = OVER_RIDING_STYLED_ITEM('overriding color',(#9939),#7216,#8336);
#9939 = PRESENTATION_STYLE_ASSIGNMENT((#9940));
#9940 = SURFACE_STYLE_USAGE(.BOTH.,#9941);
#9941 = SURFACE_SIDE_STYLE('',(#9942));
#9942 = SURFACE_STYLE_FILL_AREA(#9943);
#9943 = FILL_AREA_STYLE('',(#9944));
#9944 = FILL_AREA_STYLE_COLOUR('',#8445);
#9945 = OVER_RIDING_STYLED_ITEM('overriding color',(#9946),#7238,#8336);
#9946 = PRESENTATION_STYLE_ASSIGNMENT((#9947));
#9947 = SURFACE_STYLE_USAGE(.BOTH.,#9948);
#9948 = SURFACE_SIDE_STYLE('',(#9949));
#9949 = SURFACE_STYLE_FILL_AREA(#9950);
#9950 = FILL_AREA_STYLE('',(#9951));
#9951 = FILL_AREA_STYLE_COLOUR('',#8445);
#9952 = OVER_RIDING_STYLED_ITEM('overriding color',(#9953),#7266,#8336);
#9953 = PRESENTATION_STYLE_ASSIGNMENT((#9954));
#9954 = SURFACE_STYLE_USAGE(.BOTH.,#9955);
#9955 = SURFACE_SIDE_STYLE('',(#9956));
#9956 = SURFACE_STYLE_FILL_AREA(#9957);
#9957 = FILL_AREA_STYLE('',(#9958));
#9958 = FILL_AREA_STYLE_COLOUR('',#8445);
#9959 = OVER_RIDING_STYLED_ITEM('overriding color',(#9960),#7282,#8336);
#9960 = PRESENTATION_STYLE_ASSIGNMENT((#9961));
#9961 = SURFACE_STYLE_USAGE(.BOTH.,#9962);
#9962 = SURFACE_SIDE_STYLE('',(#9963));
#9963 = SURFACE_STYLE_FILL_AREA(#9964);
#9964 = FILL_AREA_STYLE('',(#9965));
#9965 = FILL_AREA_STYLE_COLOUR('',#8353);
#9966 = OVER_RIDING_STYLED_ITEM('overriding color',(#9967),#7296,#8336);
#9967 = PRESENTATION_STYLE_ASSIGNMENT((#9968));
#9968 = SURFACE_STYLE_USAGE(.BOTH.,#9969);
#9969 = SURFACE_SIDE_STYLE('',(#9970));
#9970 = SURFACE_STYLE_FILL_AREA(#9971);
#9971 = FILL_AREA_STYLE('',(#9972));
#9972 = FILL_AREA_STYLE_COLOUR('',#8445);
#9973 = OVER_RIDING_STYLED_ITEM('overriding color',(#9974),#7616,#8336);
#9974 = PRESENTATION_STYLE_ASSIGNMENT((#9975));
#9975 = SURFACE_STYLE_USAGE(.BOTH.,#9976);
#9976 = SURFACE_SIDE_STYLE('',(#9977));
#9977 = SURFACE_STYLE_FILL_AREA(#9978);
#9978 = FILL_AREA_STYLE('',(#9979));
#9979 = FILL_AREA_STYLE_COLOUR('',#8445);
#9980 = OVER_RIDING_STYLED_ITEM('overriding color',(#9981),#7640,#8336);
#9981 = PRESENTATION_STYLE_ASSIGNMENT((#9982));
#9982 = SURFACE_STYLE_USAGE(.BOTH.,#9983);
#9983 = SURFACE_SIDE_STYLE('',(#9984));
#9984 = SURFACE_STYLE_FILL_AREA(#9985);
#9985 = FILL_AREA_STYLE('',(#9986));
#9986 = FILL_AREA_STYLE_COLOUR('',#8445);
#9987 = OVER_RIDING_STYLED_ITEM('overriding color',(#9988),#7660,#8336);
#9988 = PRESENTATION_STYLE_ASSIGNMENT((#9989));
#9989 = SURFACE_STYLE_USAGE(.BOTH.,#9990);
#9990 = SURFACE_SIDE_STYLE('',(#9991));
#9991 = SURFACE_STYLE_FILL_AREA(#9992);
#9992 = FILL_AREA_STYLE('',(#9993));
#9993 = FILL_AREA_STYLE_COLOUR('',#8445);
#9994 = OVER_RIDING_STYLED_ITEM('overriding color',(#9995),#7680,#8336);
#9995 = PRESENTATION_STYLE_ASSIGNMENT((#9996));
#9996 = SURFACE_STYLE_USAGE(.BOTH.,#9997);
#9997 = SURFACE_SIDE_STYLE('',(#9998));
#9998 = SURFACE_STYLE_FILL_AREA(#9999);
#9999 = FILL_AREA_STYLE('',(#10000));
#10000 = FILL_AREA_STYLE_COLOUR('',#8445);
#10001 = OVER_RIDING_STYLED_ITEM('overriding color',(#10002),#7700,#8336
  );
#10002 = PRESENTATION_STYLE_ASSIGNMENT((#10003));
#10003 = SURFACE_STYLE_USAGE(.BOTH.,#10004);
#10004 = SURFACE_SIDE_STYLE('',(#10005));
#10005 = SURFACE_STYLE_FILL_AREA(#10006);
#10006 = FILL_AREA_STYLE('',(#10007));
#10007 = FILL_AREA_STYLE_COLOUR('',#8445);
#10008 = OVER_RIDING_STYLED_ITEM('overriding color',(#10009),#7720,#8336
  );
#10009 = PRESENTATION_STYLE_ASSIGNMENT((#10010));
#10010 = SURFACE_STYLE_USAGE(.BOTH.,#10011);
#10011 = SURFACE_SIDE_STYLE('',(#10012));
#10012 = SURFACE_STYLE_FILL_AREA(#10013);
#10013 = FILL_AREA_STYLE('',(#10014));
#10014 = FILL_AREA_STYLE_COLOUR('',#8445);
#10015 = OVER_RIDING_STYLED_ITEM('overriding color',(#10016),#7740,#8336
  );
#10016 = PRESENTATION_STYLE_ASSIGNMENT((#10017));
#10017 = SURFACE_STYLE_USAGE(.BOTH.,#10018);
#10018 = SURFACE_SIDE_STYLE('',(#10019));
#10019 = SURFACE_STYLE_FILL_AREA(#10020);
#10020 = FILL_AREA_STYLE('',(#10021));
#10021 = FILL_AREA_STYLE_COLOUR('',#8445);
#10022 = OVER_RIDING_STYLED_ITEM('overriding color',(#10023),#7760,#8336
  );
#10023 = PRESENTATION_STYLE_ASSIGNMENT((#10024));
#10024 = SURFACE_STYLE_USAGE(.BOTH.,#10025);
#10025 = SURFACE_SIDE_STYLE('',(#10026));
#10026 = SURFACE_STYLE_FILL_AREA(#10027);
#10027 = FILL_AREA_STYLE('',(#10028));
#10028 = FILL_AREA_STYLE_COLOUR('',#8445);
#10029 = OVER_RIDING_STYLED_ITEM('overriding color',(#10030),#7780,#8336
  );
#10030 = PRESENTATION_STYLE_ASSIGNMENT((#10031));
#10031 = SURFACE_STYLE_USAGE(.BOTH.,#10032);
#10032 = SURFACE_SIDE_STYLE('',(#10033));
#10033 = SURFACE_STYLE_FILL_AREA(#10034);
#10034 = FILL_AREA_STYLE('',(#10035));
#10035 = FILL_AREA_STYLE_COLOUR('',#8445);
#10036 = OVER_RIDING_STYLED_ITEM('overriding color',(#10037),#7800,#8336
  );
#10037 = PRESENTATION_STYLE_ASSIGNMENT((#10038));
#10038 = SURFACE_STYLE_USAGE(.BOTH.,#10039);
#10039 = SURFACE_SIDE_STYLE('',(#10040));
#10040 = SURFACE_STYLE_FILL_AREA(#10041);
#10041 = FILL_AREA_STYLE('',(#10042));
#10042 = FILL_AREA_STYLE_COLOUR('',#8445);
#10043 = OVER_RIDING_STYLED_ITEM('overriding color',(#10044),#7820,#8336
  );
#10044 = PRESENTATION_STYLE_ASSIGNMENT((#10045));
#10045 = SURFACE_STYLE_USAGE(.BOTH.,#10046);
#10046 = SURFACE_SIDE_STYLE('',(#10047));
#10047 = SURFACE_STYLE_FILL_AREA(#10048);
#10048 = FILL_AREA_STYLE('',(#10049));
#10049 = FILL_AREA_STYLE_COLOUR('',#8445);
#10050 = OVER_RIDING_STYLED_ITEM('overriding color',(#10051),#7840,#8336
  );
#10051 = PRESENTATION_STYLE_ASSIGNMENT((#10052));
#10052 = SURFACE_STYLE_USAGE(.BOTH.,#10053);
#10053 = SURFACE_SIDE_STYLE('',(#10054));
#10054 = SURFACE_STYLE_FILL_AREA(#10055);
#10055 = FILL_AREA_STYLE('',(#10056));
#10056 = FILL_AREA_STYLE_COLOUR('',#8445);
#10057 = OVER_RIDING_STYLED_ITEM('overriding color',(#10058),#7860,#8336
  );
#10058 = PRESENTATION_STYLE_ASSIGNMENT((#10059));
#10059 = SURFACE_STYLE_USAGE(.BOTH.,#10060);
#10060 = SURFACE_SIDE_STYLE('',(#10061));
#10061 = SURFACE_STYLE_FILL_AREA(#10062);
#10062 = FILL_AREA_STYLE('',(#10063));
#10063 = FILL_AREA_STYLE_COLOUR('',#8445);
#10064 = OVER_RIDING_STYLED_ITEM('overriding color',(#10065),#7876,#8336
  );
#10065 = PRESENTATION_STYLE_ASSIGNMENT((#10066));
#10066 = SURFACE_STYLE_USAGE(.BOTH.,#10067);
#10067 = SURFACE_SIDE_STYLE('',(#10068));
#10068 = SURFACE_STYLE_FILL_AREA(#10069);
#10069 = FILL_AREA_STYLE('',(#10070));
#10070 = FILL_AREA_STYLE_COLOUR('',#8445);
#10071 = OVER_RIDING_STYLED_ITEM('overriding color',(#10072),#7892,#8336
  );
#10072 = PRESENTATION_STYLE_ASSIGNMENT((#10073));
#10073 = SURFACE_STYLE_USAGE(.BOTH.,#10074);
#10074 = SURFACE_SIDE_STYLE('',(#10075));
#10075 = SURFACE_STYLE_FILL_AREA(#10076);
#10076 = FILL_AREA_STYLE('',(#10077));
#10077 = FILL_AREA_STYLE_COLOUR('',#8445);
#10078 = OVER_RIDING_STYLED_ITEM('overriding color',(#10079),#7908,#8336
  );
#10079 = PRESENTATION_STYLE_ASSIGNMENT((#10080));
#10080 = SURFACE_STYLE_USAGE(.BOTH.,#10081);
#10081 = SURFACE_SIDE_STYLE('',(#10082));
#10082 = SURFACE_STYLE_FILL_AREA(#10083);
#10083 = FILL_AREA_STYLE('',(#10084));
#10084 = FILL_AREA_STYLE_COLOUR('',#8445);
#10085 = OVER_RIDING_STYLED_ITEM('overriding color',(#10086),#7924,#8336
  );
#10086 = PRESENTATION_STYLE_ASSIGNMENT((#10087));
#10087 = SURFACE_STYLE_USAGE(.BOTH.,#10088);
#10088 = SURFACE_SIDE_STYLE('',(#10089));
#10089 = SURFACE_STYLE_FILL_AREA(#10090);
#10090 = FILL_AREA_STYLE('',(#10091));
#10091 = FILL_AREA_STYLE_COLOUR('',#8445);
#10092 = OVER_RIDING_STYLED_ITEM('overriding color',(#10093),#7944,#8336
  );
#10093 = PRESENTATION_STYLE_ASSIGNMENT((#10094));
#10094 = SURFACE_STYLE_USAGE(.BOTH.,#10095);
#10095 = SURFACE_SIDE_STYLE('',(#10096));
#10096 = SURFACE_STYLE_FILL_AREA(#10097);
#10097 = FILL_AREA_STYLE('',(#10098));
#10098 = FILL_AREA_STYLE_COLOUR('',#8445);
#10099 = OVER_RIDING_STYLED_ITEM('overriding color',(#10100),#7964,#8336
  );
#10100 = PRESENTATION_STYLE_ASSIGNMENT((#10101));
#10101 = SURFACE_STYLE_USAGE(.BOTH.,#10102);
#10102 = SURFACE_SIDE_STYLE('',(#10103));
#10103 = SURFACE_STYLE_FILL_AREA(#10104);
#10104 = FILL_AREA_STYLE('',(#10105));
#10105 = FILL_AREA_STYLE_COLOUR('',#8445);
#10106 = OVER_RIDING_STYLED_ITEM('overriding color',(#10107),#7984,#8336
  );
#10107 = PRESENTATION_STYLE_ASSIGNMENT((#10108));
#10108 = SURFACE_STYLE_USAGE(.BOTH.,#10109);
#10109 = SURFACE_SIDE_STYLE('',(#10110));
#10110 = SURFACE_STYLE_FILL_AREA(#10111);
#10111 = FILL_AREA_STYLE('',(#10112));
#10112 = FILL_AREA_STYLE_COLOUR('',#8445);
#10113 = OVER_RIDING_STYLED_ITEM('overriding color',(#10114),#8004,#8336
  );
#10114 = PRESENTATION_STYLE_ASSIGNMENT((#10115));
#10115 = SURFACE_STYLE_USAGE(.BOTH.,#10116);
#10116 = SURFACE_SIDE_STYLE('',(#10117));
#10117 = SURFACE_STYLE_FILL_AREA(#10118);
#10118 = FILL_AREA_STYLE('',(#10119));
#10119 = FILL_AREA_STYLE_COLOUR('',#8445);
#10120 = OVER_RIDING_STYLED_ITEM('overriding color',(#10121),#8024,#8336
  );
#10121 = PRESENTATION_STYLE_ASSIGNMENT((#10122));
#10122 = SURFACE_STYLE_USAGE(.BOTH.,#10123);
#10123 = SURFACE_SIDE_STYLE('',(#10124));
#10124 = SURFACE_STYLE_FILL_AREA(#10125);
#10125 = FILL_AREA_STYLE('',(#10126));
#10126 = FILL_AREA_STYLE_COLOUR('',#8445);
#10127 = OVER_RIDING_STYLED_ITEM('overriding color',(#10128),#8044,#8336
  );
#10128 = PRESENTATION_STYLE_ASSIGNMENT((#10129));
#10129 = SURFACE_STYLE_USAGE(.BOTH.,#10130);
#10130 = SURFACE_SIDE_STYLE('',(#10131));
#10131 = SURFACE_STYLE_FILL_AREA(#10132);
#10132 = FILL_AREA_STYLE('',(#10133));
#10133 = FILL_AREA_STYLE_COLOUR('',#8445);
#10134 = OVER_RIDING_STYLED_ITEM('overriding color',(#10135),#8064,#8336
  );
#10135 = PRESENTATION_STYLE_ASSIGNMENT((#10136));
#10136 = SURFACE_STYLE_USAGE(.BOTH.,#10137);
#10137 = SURFACE_SIDE_STYLE('',(#10138));
#10138 = SURFACE_STYLE_FILL_AREA(#10139);
#10139 = FILL_AREA_STYLE('',(#10140));
#10140 = FILL_AREA_STYLE_COLOUR('',#8445);
#10141 = OVER_RIDING_STYLED_ITEM('overriding color',(#10142),#8080,#8336
  );
#10142 = PRESENTATION_STYLE_ASSIGNMENT((#10143));
#10143 = SURFACE_STYLE_USAGE(.BOTH.,#10144);
#10144 = SURFACE_SIDE_STYLE('',(#10145));
#10145 = SURFACE_STYLE_FILL_AREA(#10146);
#10146 = FILL_AREA_STYLE('',(#10147));
#10147 = FILL_AREA_STYLE_COLOUR('',#8445);
#10148 = OVER_RIDING_STYLED_ITEM('overriding color',(#10149),#8100,#8336
  );
#10149 = PRESENTATION_STYLE_ASSIGNMENT((#10150));
#10150 = SURFACE_STYLE_USAGE(.BOTH.,#10151);
#10151 = SURFACE_SIDE_STYLE('',(#10152));
#10152 = SURFACE_STYLE_FILL_AREA(#10153);
#10153 = FILL_AREA_STYLE('',(#10154));
#10154 = FILL_AREA_STYLE_COLOUR('',#8445);
#10155 = OVER_RIDING_STYLED_ITEM('overriding color',(#10156),#8120,#8336
  );
#10156 = PRESENTATION_STYLE_ASSIGNMENT((#10157));
#10157 = SURFACE_STYLE_USAGE(.BOTH.,#10158);
#10158 = SURFACE_SIDE_STYLE('',(#10159));
#10159 = SURFACE_STYLE_FILL_AREA(#10160);
#10160 = FILL_AREA_STYLE('',(#10161));
#10161 = FILL_AREA_STYLE_COLOUR('',#8445);
#10162 = OVER_RIDING_STYLED_ITEM('overriding color',(#10163),#8136,#8336
  );
#10163 = PRESENTATION_STYLE_ASSIGNMENT((#10164));
#10164 = SURFACE_STYLE_USAGE(.BOTH.,#10165);
#10165 = SURFACE_SIDE_STYLE('',(#10166));
#10166 = SURFACE_STYLE_FILL_AREA(#10167);
#10167 = FILL_AREA_STYLE('',(#10168));
#10168 = FILL_AREA_STYLE_COLOUR('',#8445);
#10169 = OVER_RIDING_STYLED_ITEM('overriding color',(#10170),#8156,#8336
  );
#10170 = PRESENTATION_STYLE_ASSIGNMENT((#10171));
#10171 = SURFACE_STYLE_USAGE(.BOTH.,#10172);
#10172 = SURFACE_SIDE_STYLE('',(#10173));
#10173 = SURFACE_STYLE_FILL_AREA(#10174);
#10174 = FILL_AREA_STYLE('',(#10175));
#10175 = FILL_AREA_STYLE_COLOUR('',#8445);
#10176 = OVER_RIDING_STYLED_ITEM('overriding color',(#10177),#8176,#8336
  );
#10177 = PRESENTATION_STYLE_ASSIGNMENT((#10178));
#10178 = SURFACE_STYLE_USAGE(.BOTH.,#10179);
#10179 = SURFACE_SIDE_STYLE('',(#10180));
#10180 = SURFACE_STYLE_FILL_AREA(#10181);
#10181 = FILL_AREA_STYLE('',(#10182));
#10182 = FILL_AREA_STYLE_COLOUR('',#8445);
#10183 = OVER_RIDING_STYLED_ITEM('overriding color',(#10184),#8196,#8336
  );
#10184 = PRESENTATION_STYLE_ASSIGNMENT((#10185));
#10185 = SURFACE_STYLE_USAGE(.BOTH.,#10186);
#10186 = SURFACE_SIDE_STYLE('',(#10187));
#10187 = SURFACE_STYLE_FILL_AREA(#10188);
#10188 = FILL_AREA_STYLE('',(#10189));
#10189 = FILL_AREA_STYLE_COLOUR('',#8445);
#10190 = OVER_RIDING_STYLED_ITEM('overriding color',(#10191),#8212,#8336
  );
#10191 = PRESENTATION_STYLE_ASSIGNMENT((#10192));
#10192 = SURFACE_STYLE_USAGE(.BOTH.,#10193);
#10193 = SURFACE_SIDE_STYLE('',(#10194));
#10194 = SURFACE_STYLE_FILL_AREA(#10195);
#10195 = FILL_AREA_STYLE('',(#10196));
#10196 = FILL_AREA_STYLE_COLOUR('',#8445);
#10197 = OVER_RIDING_STYLED_ITEM('overriding color',(#10198),#8232,#8336
  );
#10198 = PRESENTATION_STYLE_ASSIGNMENT((#10199));
#10199 = SURFACE_STYLE_USAGE(.BOTH.,#10200);
#10200 = SURFACE_SIDE_STYLE('',(#10201));
#10201 = SURFACE_STYLE_FILL_AREA(#10202);
#10202 = FILL_AREA_STYLE('',(#10203));
#10203 = FILL_AREA_STYLE_COLOUR('',#8445);
#10204 = OVER_RIDING_STYLED_ITEM('overriding color',(#10205),#8248,#8336
  );
#10205 = PRESENTATION_STYLE_ASSIGNMENT((#10206));
#10206 = SURFACE_STYLE_USAGE(.BOTH.,#10207);
#10207 = SURFACE_SIDE_STYLE('',(#10208));
#10208 = SURFACE_STYLE_FILL_AREA(#10209);
#10209 = FILL_AREA_STYLE('',(#10210));
#10210 = FILL_AREA_STYLE_COLOUR('',#8445);
#10211 = OVER_RIDING_STYLED_ITEM('overriding color',(#10212),#8291,#8336
  );
#10212 = PRESENTATION_STYLE_ASSIGNMENT((#10213));
#10213 = SURFACE_STYLE_USAGE(.BOTH.,#10214);
#10214 = SURFACE_SIDE_STYLE('',(#10215));
#10215 = SURFACE_STYLE_FILL_AREA(#10216);
#10216 = FILL_AREA_STYLE('',(#10217));
#10217 = FILL_AREA_STYLE_COLOUR('',#8445);
#10218 = OVER_RIDING_STYLED_ITEM('overriding color',(#10219),#8319,#8336
  );
#10219 = PRESENTATION_STYLE_ASSIGNMENT((#10220));
#10220 = SURFACE_STYLE_USAGE(.BOTH.,#10221);
#10221 = SURFACE_SIDE_STYLE('',(#10222));
#10222 = SURFACE_STYLE_FILL_AREA(#10223);
#10223 = FILL_AREA_STYLE('',(#10224));
#10224 = FILL_AREA_STYLE_COLOUR('',#8353);
ENDSEC;
END-ISO-10303-21;
